Model,Case,Platform,Generator,Eval_Type,AUC,Accuracy,F1-Score,Precision,Recall
xception,case1_original,original,pika,Fold_1,0.6667,0.5667,0.4583,0.6111,0.3667
xception,case1_original,original,pika,Fold_2,0.5411,0.4333,0.5854,0.4615,0.8
xception,case1_original,original,pika,Fold_3,0.5711,0.55,0.5091,0.56,0.4667
xception,case1_original,original,pika,Fold_4,0.74,0.6667,0.6552,0.6786,0.6333
xception,case1_original,original,pika,Fold_5,0.6422,0.5833,0.5763,0.5862,0.5667
xception,case1_original,original,pika,Model_Ensemble (Soft Voting),0.7667,0.6833,0.6984,0.6667,0.7333
xception,case1_original,original,pika,Folds_Mean ± SD,0.6322 ± 0.0790,0.5600 ± 0.0838,0.5568 ± 0.0756,0.5795 ± 0.0793,0.5667 ± 0.1650
xception,case1_original,original,runway,Fold_1,0.6,0.5333,0.3913,0.5625,0.3
xception,case1_original,original,runway,Fold_2,0.7372,0.5,0.6512,0.5,0.9333
xception,case1_original,original,runway,Fold_3,0.4856,0.5167,0.4528,0.5217,0.4
xception,case1_original,original,runway,Fold_4,0.6733,0.6,0.5556,0.625,0.5
xception,case1_original,original,runway,Fold_5,0.4689,0.4833,0.4151,0.4783,0.3667
xception,case1_original,original,runway,Model_Ensemble (Soft Voting),0.6978,0.6,0.5862,0.6071,0.5667
xception,case1_original,original,runway,Folds_Mean ± SD,0.5930 ± 0.1165,0.5267 ± 0.0450,0.4932 ± 0.1083,0.5375 ± 0.0580,0.5000 ± 0.2528
xception,case1_original,original,svd,Fold_1,0.6167,0.6,0.52,0.65,0.4333
xception,case1_original,original,svd,Fold_2,0.5456,0.5167,0.6667,0.5088,0.9667
xception,case1_original,original,svd,Fold_3,0.4922,0.4667,0.36,0.45,0.3
xception,case1_original,original,svd,Fold_4,0.6256,0.5667,0.5,0.5909,0.4333
xception,case1_original,original,svd,Fold_5,0.55,0.5333,0.5,0.5385,0.4667
xception,case1_original,original,svd,Model_Ensemble (Soft Voting),0.6211,0.6,0.5862,0.6071,0.5667
xception,case1_original,original,svd,Folds_Mean ± SD,0.5660 ± 0.0553,0.5367 ± 0.0506,0.5093 ± 0.1088,0.5476 ± 0.0766,0.5200 ± 0.2578
xception,case1_original,instagram,pika,Fold_1,0.6644,0.65,0.5882,0.7143,0.5
xception,case1_original,instagram,pika,Fold_2,0.5322,0.45,0.5926,0.4706,0.8
xception,case1_original,instagram,pika,Fold_3,0.5744,0.55,0.4706,0.5714,0.4
xception,case1_original,instagram,pika,Fold_4,0.7589,0.7167,0.7018,0.7407,0.6667
xception,case1_original,instagram,pika,Fold_5,0.6489,0.5667,0.5517,0.5714,0.5333
xception,case1_original,instagram,pika,Model_Ensemble (Soft Voting),0.7878,0.7,0.7188,0.6765,0.7667
xception,case1_original,instagram,pika,Folds_Mean ± SD,0.6358 ± 0.0875,0.5867 ± 0.1017,0.5810 ± 0.0834,0.6137 ± 0.1122,0.5800 ± 0.1556
xception,case1_original,instagram,runway,Fold_1,0.6033,0.5667,0.4348,0.625,0.3333
xception,case1_original,instagram,runway,Fold_2,0.7111,0.5,0.6429,0.5,0.9
xception,case1_original,instagram,runway,Fold_3,0.4489,0.5167,0.4082,0.5263,0.3333
xception,case1_original,instagram,runway,Fold_4,0.68,0.6333,0.5769,0.6818,0.5
xception,case1_original,instagram,runway,Fold_5,0.4567,0.45,0.3529,0.4286,0.3
xception,case1_original,instagram,runway,Model_Ensemble (Soft Voting),0.6656,0.5833,0.5614,0.5926,0.5333
xception,case1_original,instagram,runway,Folds_Mean ± SD,0.5800 ± 0.1226,0.5333 ± 0.0697,0.4831 ± 0.1217,0.5523 ± 0.1010,0.4733 ± 0.2510
xception,case1_original,instagram,svd,Fold_1,0.5956,0.6167,0.5306,0.6842,0.4333
xception,case1_original,instagram,svd,Fold_2,0.5178,0.5333,0.6744,0.5179,0.9667
xception,case1_original,instagram,svd,Fold_3,0.4611,0.4833,0.3404,0.4706,0.2667
xception,case1_original,instagram,svd,Fold_4,0.6267,0.6167,0.549,0.6667,0.4667
xception,case1_original,instagram,svd,Fold_5,0.5344,0.55,0.5263,0.5556,0.5
xception,case1_original,instagram,svd,Model_Ensemble (Soft Voting),0.62,0.5667,0.5357,0.5769,0.5
xception,case1_original,instagram,svd,Folds_Mean ± SD,0.5471 ± 0.0654,0.5600 ± 0.0573,0.5242 ± 0.1194,0.5790 ± 0.0933,0.5267 ± 0.2618
xception,case1_original,kakao_normal,pika,Fold_1,0.6522,0.6333,0.5769,0.6818,0.5
xception,case1_original,kakao_normal,pika,Fold_2,0.5256,0.45,0.5926,0.4706,0.8
xception,case1_original,kakao_normal,pika,Fold_3,0.5733,0.5333,0.4815,0.5417,0.4333
xception,case1_original,kakao_normal,pika,Fold_4,0.7411,0.6833,0.6667,0.7037,0.6333
xception,case1_original,kakao_normal,pika,Fold_5,0.6389,0.5667,0.5517,0.5714,0.5333
xception,case1_original,kakao_normal,pika,Model_Ensemble (Soft Voting),0.7656,0.7333,0.75,0.7059,0.8
xception,case1_original,kakao_normal,pika,Folds_Mean ± SD,0.6262 ± 0.0821,0.5733 ± 0.0902,0.5739 ± 0.0671,0.5938 ± 0.0978,0.5800 ± 0.1426
xception,case1_original,kakao_normal,runway,Fold_1,0.5944,0.55,0.4255,0.5882,0.3333
xception,case1_original,kakao_normal,runway,Fold_2,0.7344,0.5,0.6429,0.5,0.9
xception,case1_original,kakao_normal,runway,Fold_3,0.4578,0.5,0.4231,0.5,0.3667
xception,case1_original,kakao_normal,runway,Fold_4,0.6878,0.6167,0.566,0.6522,0.5
xception,case1_original,kakao_normal,runway,Fold_5,0.4656,0.4667,0.3846,0.4545,0.3333
xception,case1_original,kakao_normal,runway,Model_Ensemble (Soft Voting),0.6944,0.5833,0.5455,0.6,0.5
xception,case1_original,kakao_normal,runway,Folds_Mean ± SD,0.5880 ± 0.1259,0.5267 ± 0.0585,0.4884 ± 0.1105,0.5390 ± 0.0797,0.4867 ± 0.2411
xception,case1_original,kakao_normal,svd,Fold_1,0.6156,0.6,0.52,0.65,0.4333
xception,case1_original,kakao_normal,svd,Fold_2,0.55,0.5333,0.6744,0.5179,0.9667
xception,case1_original,kakao_normal,svd,Fold_3,0.4767,0.4667,0.36,0.45,0.3
xception,case1_original,kakao_normal,svd,Fold_4,0.62,0.5833,0.5098,0.619,0.4333
xception,case1_original,kakao_normal,svd,Fold_5,0.5467,0.5333,0.5,0.5385,0.4667
xception,case1_original,kakao_normal,svd,Model_Ensemble (Soft Voting),0.6322,0.6167,0.5965,0.6296,0.5667
xception,case1_original,kakao_normal,svd,Folds_Mean ± SD,0.5618 ± 0.0589,0.5433 ± 0.0522,0.5128 ± 0.1115,0.5551 ± 0.0803,0.5200 ± 0.2578
xception,case1_original,kakao_high,pika,Fold_1,0.6628,0.5833,0.4898,0.6316,0.4
xception,case1_original,kakao_high,pika,Fold_2,0.5333,0.45,0.5926,0.4706,0.8
xception,case1_original,kakao_high,pika,Fold_3,0.5756,0.55,0.5091,0.56,0.4667
xception,case1_original,kakao_high,pika,Fold_4,0.7333,0.65,0.6316,0.6667,0.6
xception,case1_original,kakao_high,pika,Fold_5,0.6511,0.5833,0.5763,0.5862,0.5667
xception,case1_original,kakao_high,pika,Model_Ensemble (Soft Voting),0.7644,0.6833,0.6984,0.6667,0.7333
xception,case1_original,kakao_high,pika,Folds_Mean ± SD,0.6312 ± 0.0783,0.5633 ± 0.0730,0.5599 ± 0.0591,0.5830 ± 0.0751,0.5667 ± 0.1528
xception,case1_original,kakao_high,runway,Fold_1,0.5922,0.5333,0.3913,0.5625,0.3
xception,case1_original,kakao_high,runway,Fold_2,0.7311,0.5,0.6429,0.5,0.9
xception,case1_original,kakao_high,runway,Fold_3,0.4711,0.5167,0.4528,0.5217,0.4
xception,case1_original,kakao_high,runway,Fold_4,0.6811,0.6333,0.6071,0.6538,0.5667
xception,case1_original,kakao_high,runway,Fold_5,0.4667,0.45,0.3529,0.4286,0.3
xception,case1_original,kakao_high,runway,Model_Ensemble (Soft Voting),0.6856,0.6167,0.6102,0.6207,0.6
xception,case1_original,kakao_high,runway,Folds_Mean ± SD,0.5884 ± 0.1200,0.5267 ± 0.0673,0.4894 ± 0.1294,0.5333 ± 0.0831,0.4933 ± 0.2521
xception,case1_original,kakao_high,svd,Fold_1,0.6133,0.5833,0.4898,0.6316,0.4
xception,case1_original,kakao_high,svd,Fold_2,0.5511,0.5333,0.6744,0.5179,0.9667
xception,case1_original,kakao_high,svd,Fold_3,0.47,0.4667,0.36,0.45,0.3
xception,case1_original,kakao_high,svd,Fold_4,0.6233,0.5667,0.5,0.5909,0.4333
xception,case1_original,kakao_high,svd,Fold_5,0.5533,0.5333,0.5,0.5385,0.4667
xception,case1_original,kakao_high,svd,Model_Ensemble (Soft Voting),0.6178,0.6,0.5862,0.6071,0.5667
xception,case1_original,kakao_high,svd,Folds_Mean ± SD,0.5622 ± 0.0613,0.5367 ± 0.0447,0.5048 ± 0.1118,0.5458 ± 0.0697,0.5133 ± 0.2610
xception,case4_mixed,original,pika,Fold_1,0.7656,0.7,0.7353,0.6579,0.8333
xception,case4_mixed,original,pika,Fold_2,0.51,0.4167,0.5783,0.4528,0.8
xception,case4_mixed,original,pika,Fold_3,0.5278,0.55,0.5574,0.5484,0.5667
xception,case4_mixed,original,pika,Fold_4,0.8511,0.7333,0.7419,0.7188,0.7667
xception,case4_mixed,original,pika,Fold_5,0.5189,0.5167,0.5085,0.5172,0.5
xception,case4_mixed,original,pika,Model_Ensemble (Soft Voting),0.7278,0.6333,0.6944,0.5952,0.8333
xception,case4_mixed,original,pika,Folds_Mean ± SD,0.6347 ± 0.1615,0.5833 ± 0.1318,0.6243 ± 0.1074,0.5790 ± 0.1077,0.6933 ± 0.1498
xception,case4_mixed,original,runway,Fold_1,0.6222,0.6,0.6129,0.5938,0.6333
xception,case4_mixed,original,runway,Fold_2,0.6739,0.4667,0.6279,0.4821,0.9
xception,case4_mixed,original,runway,Fold_3,0.4933,0.5,0.4828,0.5,0.4667
xception,case4_mixed,original,runway,Fold_4,0.6267,0.6,0.5556,0.625,0.5
xception,case4_mixed,original,runway,Fold_5,0.4344,0.5167,0.5085,0.5172,0.5
xception,case4_mixed,original,runway,Model_Ensemble (Soft Voting),0.6422,0.5833,0.6377,0.5641,0.7333
xception,case4_mixed,original,runway,Folds_Mean ± SD,0.5701 ± 0.1012,0.5367 ± 0.0606,0.5575 ± 0.0633,0.5436 ± 0.0623,0.6000 ± 0.1795
xception,case4_mixed,original,svd,Fold_1,0.5822,0.5667,0.5667,0.5667,0.5667
xception,case4_mixed,original,svd,Fold_2,0.4689,0.4833,0.6437,0.4912,0.9333
xception,case4_mixed,original,svd,Fold_3,0.4278,0.4,0.3077,0.3636,0.2667
xception,case4_mixed,original,svd,Fold_4,0.58,0.55,0.4706,0.5714,0.4
xception,case4_mixed,original,svd,Fold_5,0.4589,0.4833,0.4561,0.4815,0.4333
xception,case4_mixed,original,svd,Model_Ensemble (Soft Voting),0.5378,0.55,0.597,0.5405,0.6667
xception,case4_mixed,original,svd,Folds_Mean ± SD,0.5036 ± 0.0724,0.4967 ± 0.0660,0.4890 ± 0.1267,0.4949 ± 0.0843,0.5200 ± 0.2545
xception,case4_mixed,instagram,pika,Fold_1,0.7856,0.7,0.7353,0.6579,0.8333
xception,case4_mixed,instagram,pika,Fold_2,0.5122,0.4167,0.5783,0.4528,0.8
xception,case4_mixed,instagram,pika,Fold_3,0.5344,0.4833,0.4918,0.4839,0.5
xception,case4_mixed,instagram,pika,Fold_4,0.8633,0.8,0.8125,0.7647,0.8667
xception,case4_mixed,instagram,pika,Fold_5,0.5289,0.5333,0.5172,0.5357,0.5
xception,case4_mixed,instagram,pika,Model_Ensemble (Soft Voting),0.7478,0.6667,0.7297,0.6136,0.9
xception,case4_mixed,instagram,pika,Folds_Mean ± SD,0.6449 ± 0.1664,0.5867 ± 0.1587,0.6270 ± 0.1404,0.5790 ± 0.1300,0.7000 ± 0.1841
xception,case4_mixed,instagram,runway,Fold_1,0.6189,0.5667,0.5667,0.5667,0.5667
xception,case4_mixed,instagram,runway,Fold_2,0.65,0.4833,0.6437,0.4912,0.9333
xception,case4_mixed,instagram,runway,Fold_3,0.4744,0.45,0.4407,0.4483,0.4333
xception,case4_mixed,instagram,runway,Fold_4,0.6111,0.6,0.5385,0.6364,0.4667
xception,case4_mixed,instagram,runway,Fold_5,0.4267,0.5,0.4643,0.5,0.4333
xception,case4_mixed,instagram,runway,Model_Ensemble (Soft Voting),0.6222,0.5833,0.6377,0.5641,0.7333
xception,case4_mixed,instagram,runway,Folds_Mean ± SD,0.5562 ± 0.0990,0.5200 ± 0.0617,0.5308 ± 0.0816,0.5285 ± 0.0737,0.5667 ± 0.2121
xception,case4_mixed,instagram,svd,Fold_1,0.5956,0.55,0.5424,0.5517,0.5333
xception,case4_mixed,instagram,svd,Fold_2,0.4489,0.4333,0.5952,0.463,0.8333
xception,case4_mixed,instagram,svd,Fold_3,0.4411,0.3833,0.3273,0.36,0.3
xception,case4_mixed,instagram,svd,Fold_4,0.57,0.5667,0.48,0.6,0.4
xception,case4_mixed,instagram,svd,Fold_5,0.4567,0.4833,0.4364,0.48,0.4
xception,case4_mixed,instagram,svd,Model_Ensemble (Soft Voting),0.5233,0.55,0.597,0.5405,0.6667
xception,case4_mixed,instagram,svd,Folds_Mean ± SD,0.5024 ± 0.0741,0.4833 ± 0.0773,0.4762 ± 0.1029,0.4909 ± 0.0917,0.4933 ± 0.2074
xception,case4_mixed,kakao_normal,pika,Fold_1,0.7678,0.6833,0.7164,0.6486,0.8
xception,case4_mixed,kakao_normal,pika,Fold_2,0.5056,0.4167,0.5783,0.4528,0.8
xception,case4_mixed,kakao_normal,pika,Fold_3,0.5533,0.4833,0.4918,0.4839,0.5
xception,case4_mixed,kakao_normal,pika,Fold_4,0.8533,0.7667,0.7742,0.75,0.8
xception,case4_mixed,kakao_normal,pika,Fold_5,0.5444,0.55,0.5424,0.5517,0.5333
xception,case4_mixed,kakao_normal,pika,Model_Ensemble (Soft Voting),0.7533,0.6833,0.7397,0.6279,0.9
xception,case4_mixed,kakao_normal,pika,Folds_Mean ± SD,0.6449 ± 0.1553,0.5800 ± 0.1436,0.6206 ± 0.1197,0.5774 ± 0.1223,0.6867 ± 0.1556
xception,case4_mixed,kakao_normal,runway,Fold_1,0.6133,0.5667,0.5667,0.5667,0.5667
xception,case4_mixed,kakao_normal,runway,Fold_2,0.6678,0.4833,0.6437,0.4912,0.9333
xception,case4_mixed,kakao_normal,runway,Fold_3,0.4811,0.4333,0.4138,0.4286,0.4
xception,case4_mixed,kakao_normal,runway,Fold_4,0.6289,0.6333,0.5926,0.6667,0.5333
xception,case4_mixed,kakao_normal,runway,Fold_5,0.4267,0.4833,0.4364,0.48,0.4
xception,case4_mixed,kakao_normal,runway,Model_Ensemble (Soft Voting),0.6289,0.6,0.6471,0.5789,0.7333
xception,case4_mixed,kakao_normal,runway,Folds_Mean ± SD,0.5636 ± 0.1039,0.5200 ± 0.0794,0.5306 ± 0.1006,0.5266 ± 0.0925,0.5667 ± 0.2186
xception,case4_mixed,kakao_normal,svd,Fold_1,0.5922,0.5333,0.5172,0.5357,0.5
xception,case4_mixed,kakao_normal,svd,Fold_2,0.4544,0.4667,0.6279,0.4821,0.9
xception,case4_mixed,kakao_normal,svd,Fold_3,0.4422,0.3833,0.3273,0.36,0.3
xception,case4_mixed,kakao_normal,svd,Fold_4,0.57,0.5667,0.48,0.6,0.4
xception,case4_mixed,kakao_normal,svd,Fold_5,0.4611,0.5,0.4643,0.5,0.4333
xception,case4_mixed,kakao_normal,svd,Model_Ensemble (Soft Voting),0.5311,0.55,0.5846,0.5429,0.6333
xception,case4_mixed,kakao_normal,svd,Folds_Mean ± SD,0.5040 ± 0.0712,0.4900 ± 0.0703,0.4833 ± 0.1081,0.4956 ± 0.0882,0.5067 ± 0.2314
xception,case4_mixed,kakao_high,pika,Fold_1,0.7644,0.7,0.7353,0.6579,0.8333
xception,case4_mixed,kakao_high,pika,Fold_2,0.5089,0.4167,0.5783,0.4528,0.8
xception,case4_mixed,kakao_high,pika,Fold_3,0.5344,0.5333,0.5333,0.5333,0.5333
xception,case4_mixed,kakao_high,pika,Fold_4,0.8544,0.7833,0.7869,0.7742,0.8
xception,case4_mixed,kakao_high,pika,Fold_5,0.5211,0.5167,0.5085,0.5172,0.5
xception,case4_mixed,kakao_high,pika,Model_Ensemble (Soft Voting),0.7322,0.65,0.7042,0.6098,0.8333
xception,case4_mixed,kakao_high,pika,Folds_Mean ± SD,0.6367 ± 0.1612,0.5900 ± 0.1484,0.6285 ± 0.1250,0.5871 ± 0.1283,0.6933 ± 0.1623
xception,case4_mixed,kakao_high,runway,Fold_1,0.6133,0.5833,0.5902,0.5806,0.6
xception,case4_mixed,kakao_high,runway,Fold_2,0.68,0.4833,0.6437,0.4912,0.9333
xception,case4_mixed,kakao_high,runway,Fold_3,0.4911,0.4833,0.4561,0.4815,0.4333
xception,case4_mixed,kakao_high,runway,Fold_4,0.6317,0.65,0.6038,0.6957,0.5333
xception,case4_mixed,kakao_high,runway,Fold_5,0.4311,0.5,0.4828,0.5,0.4667
xception,case4_mixed,kakao_high,runway,Model_Ensemble (Soft Voting),0.6389,0.6,0.6471,0.5789,0.7333
xception,case4_mixed,kakao_high,runway,Folds_Mean ± SD,0.5694 ± 0.1040,0.5400 ± 0.0742,0.5553 ± 0.0813,0.5498 ± 0.0906,0.5933 ± 0.2006
xception,case4_mixed,kakao_high,svd,Fold_1,0.5822,0.5667,0.5667,0.5667,0.5667
xception,case4_mixed,kakao_high,svd,Fold_2,0.4578,0.4833,0.6437,0.4912,0.9333
xception,case4_mixed,kakao_high,svd,Fold_3,0.4222,0.4,0.3077,0.3636,0.2667
xception,case4_mixed,kakao_high,svd,Fold_4,0.5822,0.5833,0.4898,0.6316,0.4
xception,case4_mixed,kakao_high,svd,Fold_5,0.4622,0.4833,0.4561,0.4815,0.4333
xception,case4_mixed,kakao_high,svd,Model_Ensemble (Soft Voting),0.5367,0.5667,0.6061,0.5556,0.6667
xception,case4_mixed,kakao_high,svd,Folds_Mean ± SD,0.5013 ± 0.0755,0.5033 ± 0.0740,0.4928 ± 0.1263,0.5069 ± 0.1007,0.5200 ± 0.2545
convnext,case1_original,original,pika,Fold_1,0.6767,0.5667,0.6579,0.5435,0.8333
convnext,case1_original,original,pika,Fold_2,0.8989,0.6,0.7073,0.5577,0.9667
convnext,case1_original,original,pika,Fold_3,0.88,0.75,0.7273,0.8,0.6667
convnext,case1_original,original,pika,Fold_4,0.7978,0.65,0.7123,0.6047,0.8667
convnext,case1_original,original,pika,Fold_5,0.9244,0.8,0.7692,0.9091,0.6667
convnext,case1_original,original,pika,Model_Ensemble (Soft Voting),0.9033,0.7833,0.7636,0.84,0.7
convnext,case1_original,original,pika,Folds_Mean ± SD,0.8356 ± 0.1007,0.6733 ± 0.0990,0.7148 ± 0.0401,0.6830 ± 0.1629,0.8000 ± 0.1312
convnext,case1_original,original,runway,Fold_1,0.9044,0.65,0.7407,0.5882,1.0
convnext,case1_original,original,runway,Fold_2,0.9056,0.6,0.7073,0.5577,0.9667
convnext,case1_original,original,runway,Fold_3,0.9667,0.8833,0.8889,0.8485,0.9333
convnext,case1_original,original,runway,Fold_4,0.8333,0.6667,0.7297,0.6136,0.9
convnext,case1_original,original,runway,Fold_5,0.98,0.9,0.8966,0.9286,0.8667
convnext,case1_original,original,runway,Model_Ensemble (Soft Voting),0.9778,0.9,0.9032,0.875,0.9333
convnext,case1_original,original,runway,Folds_Mean ± SD,0.9180 ± 0.0586,0.7400 ± 0.1407,0.7926 ± 0.0922,0.7073 ± 0.1690,0.9333 ± 0.0527
convnext,case1_original,original,svd,Fold_1,0.75,0.6333,0.725,0.58,0.9667
convnext,case1_original,original,svd,Fold_2,0.74,0.5833,0.6914,0.549,0.9333
convnext,case1_original,original,svd,Fold_3,0.9478,0.8667,0.871,0.8438,0.9
convnext,case1_original,original,svd,Fold_4,0.7822,0.6667,0.7297,0.6136,0.9
convnext,case1_original,original,svd,Fold_5,0.97,0.9,0.8966,0.9286,0.8667
convnext,case1_original,original,svd,Model_Ensemble (Soft Voting),0.9589,0.8833,0.8852,0.871,0.9
convnext,case1_original,original,svd,Folds_Mean ± SD,0.8380 ± 0.1117,0.7300 ± 0.1436,0.7827 ± 0.0939,0.7030 ± 0.1714,0.9133 ± 0.0380
convnext,case1_original,instagram,pika,Fold_1,0.6778,0.5667,0.675,0.54,0.9
convnext,case1_original,instagram,pika,Fold_2,0.9111,0.6,0.7143,0.5556,1.0
convnext,case1_original,instagram,pika,Fold_3,0.8411,0.7667,0.7742,0.75,0.8
convnext,case1_original,instagram,pika,Fold_4,0.8067,0.6167,0.6933,0.5778,0.8667
convnext,case1_original,instagram,pika,Fold_5,0.8767,0.8167,0.807,0.8519,0.7667
convnext,case1_original,instagram,pika,Model_Ensemble (Soft Voting),0.8878,0.7833,0.8,0.7429,0.8667
convnext,case1_original,instagram,pika,Folds_Mean ± SD,0.8227 ± 0.0899,0.6733 ± 0.1109,0.7328 ± 0.0558,0.6550 ± 0.1386,0.8667 ± 0.0913
convnext,case1_original,instagram,runway,Fold_1,0.8711,0.6167,0.7229,0.566,1.0
convnext,case1_original,instagram,runway,Fold_2,0.9067,0.5833,0.6988,0.5472,0.9667
convnext,case1_original,instagram,runway,Fold_3,0.8856,0.85,0.8657,0.7838,0.9667
convnext,case1_original,instagram,runway,Fold_4,0.82,0.6333,0.7105,0.587,0.9
convnext,case1_original,instagram,runway,Fold_5,0.94,0.9,0.9032,0.875,0.9333
convnext,case1_original,instagram,runway,Model_Ensemble (Soft Voting),0.9456,0.8333,0.8529,0.7632,0.9667
convnext,case1_original,instagram,runway,Folds_Mean ± SD,0.8847 ± 0.0445,0.7167 ± 0.1467,0.7802 ± 0.0964,0.6718 ± 0.1481,0.9533 ± 0.0380
convnext,case1_original,instagram,svd,Fold_1,0.7239,0.6,0.7073,0.5577,0.9667
convnext,case1_original,instagram,svd,Fold_2,0.7333,0.5833,0.6988,0.5472,0.9667
convnext,case1_original,instagram,svd,Fold_3,0.8967,0.8167,0.8308,0.7714,0.9
convnext,case1_original,instagram,svd,Fold_4,0.7389,0.6167,0.6933,0.5778,0.8667
convnext,case1_original,instagram,svd,Fold_5,0.9267,0.8833,0.8852,0.871,0.9
convnext,case1_original,instagram,svd,Model_Ensemble (Soft Voting),0.9267,0.8,0.8182,0.75,0.9
convnext,case1_original,instagram,svd,Folds_Mean ± SD,0.8039 ± 0.0991,0.7000 ± 0.1394,0.7631 ± 0.0889,0.6650 ± 0.1473,0.9200 ± 0.0447
convnext,case1_original,kakao_normal,pika,Fold_1,0.6844,0.5333,0.641,0.5208,0.8333
convnext,case1_original,kakao_normal,pika,Fold_2,0.8989,0.6,0.7073,0.5577,0.9667
convnext,case1_original,kakao_normal,pika,Fold_3,0.8678,0.7667,0.7667,0.7667,0.7667
convnext,case1_original,kakao_normal,pika,Fold_4,0.8044,0.65,0.7123,0.6047,0.8667
convnext,case1_original,kakao_normal,pika,Fold_5,0.9111,0.85,0.8364,0.92,0.7667
convnext,case1_original,kakao_normal,pika,Model_Ensemble (Soft Voting),0.91,0.85,0.8525,0.8387,0.8667
convnext,case1_original,kakao_normal,pika,Folds_Mean ± SD,0.8333 ± 0.0929,0.6800 ± 0.1277,0.7327 ± 0.0731,0.6740 ± 0.1665,0.8400 ± 0.0830
convnext,case1_original,kakao_normal,runway,Fold_1,0.9011,0.6167,0.7229,0.566,1.0
convnext,case1_original,kakao_normal,runway,Fold_2,0.9122,0.6,0.7073,0.5577,0.9667
convnext,case1_original,kakao_normal,runway,Fold_3,0.9256,0.8667,0.8788,0.8056,0.9667
convnext,case1_original,kakao_normal,runway,Fold_4,0.83,0.6667,0.7297,0.6136,0.9
convnext,case1_original,kakao_normal,runway,Fold_5,0.9644,0.9167,0.9153,0.931,0.9
convnext,case1_original,kakao_normal,runway,Model_Ensemble (Soft Voting),0.9644,0.9,0.9062,0.8529,0.9667
convnext,case1_original,kakao_normal,runway,Folds_Mean ± SD,0.9067 ± 0.0491,0.7333 ± 0.1477,0.7908 ± 0.0982,0.6948 ± 0.1659,0.9467 ± 0.0447
convnext,case1_original,kakao_normal,svd,Fold_1,0.7567,0.6,0.7073,0.5577,0.9667
convnext,case1_original,kakao_normal,svd,Fold_2,0.7444,0.5833,0.6914,0.549,0.9333
convnext,case1_original,kakao_normal,svd,Fold_3,0.9211,0.8333,0.8438,0.7941,0.9
convnext,case1_original,kakao_normal,svd,Fold_4,0.7644,0.6833,0.7467,0.6222,0.9333
convnext,case1_original,kakao_normal,svd,Fold_5,0.95,0.9167,0.9153,0.931,0.9
convnext,case1_original,kakao_normal,svd,Model_Ensemble (Soft Voting),0.95,0.8667,0.871,0.8438,0.9
convnext,case1_original,kakao_normal,svd,Folds_Mean ± SD,0.8273 ± 0.0996,0.7233 ± 0.1465,0.7809 ± 0.0957,0.6908 ± 0.1665,0.9267 ± 0.0279
convnext,case1_original,kakao_high,pika,Fold_1,0.6833,0.5667,0.6667,0.5417,0.8667
convnext,case1_original,kakao_high,pika,Fold_2,0.8989,0.6,0.7073,0.5577,0.9667
convnext,case1_original,kakao_high,pika,Fold_3,0.8811,0.7667,0.7586,0.7857,0.7333
convnext,case1_original,kakao_high,pika,Fold_4,0.8022,0.65,0.7123,0.6047,0.8667
convnext,case1_original,kakao_high,pika,Fold_5,0.9144,0.8167,0.7925,0.913,0.7
convnext,case1_original,kakao_high,pika,Model_Ensemble (Soft Voting),0.8989,0.7667,0.7586,0.7857,0.7333
convnext,case1_original,kakao_high,pika,Folds_Mean ± SD,0.8360 ± 0.0956,0.6800 ± 0.1076,0.7275 ± 0.0488,0.6806 ± 0.1622,0.8267 ± 0.1090
convnext,case1_original,kakao_high,runway,Fold_1,0.9089,0.6333,0.7317,0.5769,1.0
convnext,case1_original,kakao_high,runway,Fold_2,0.9244,0.6,0.7073,0.5577,0.9667
convnext,case1_original,kakao_high,runway,Fold_3,0.96,0.8833,0.8923,0.8286,0.9667
convnext,case1_original,kakao_high,runway,Fold_4,0.8422,0.6667,0.7297,0.6136,0.9
convnext,case1_original,kakao_high,runway,Fold_5,0.9789,0.9167,0.9153,0.931,0.9
convnext,case1_original,kakao_high,runway,Model_Ensemble (Soft Voting),0.9789,0.8833,0.8923,0.8286,0.9667
convnext,case1_original,kakao_high,runway,Folds_Mean ± SD,0.9229 ± 0.0530,0.7400 ± 0.1484,0.7953 ± 0.0999,0.7016 ± 0.1679,0.9467 ± 0.0447
convnext,case1_original,kakao_high,svd,Fold_1,0.7611,0.6167,0.716,0.5686,0.9667
convnext,case1_original,kakao_high,svd,Fold_2,0.7567,0.5833,0.6914,0.549,0.9333
convnext,case1_original,kakao_high,svd,Fold_3,0.9444,0.85,0.8571,0.8182,0.9
convnext,case1_original,kakao_high,svd,Fold_4,0.7694,0.65,0.7123,0.6047,0.8667
convnext,case1_original,kakao_high,svd,Fold_5,0.9678,0.9167,0.9153,0.931,0.9
convnext,case1_original,kakao_high,svd,Model_Ensemble (Soft Voting),0.9667,0.8667,0.875,0.8235,0.9333
convnext,case1_original,kakao_high,svd,Folds_Mean ± SD,0.8399 ± 0.1065,0.7233 ± 0.1498,0.7784 ± 0.1009,0.6943 ± 0.1705,0.9133 ± 0.0380
convnext,case4_mixed,original,pika,Fold_1,0.7578,0.5167,0.6742,0.5085,1.0
convnext,case4_mixed,original,pika,Fold_2,0.9156,0.5333,0.6818,0.5172,1.0
convnext,case4_mixed,original,pika,Fold_3,0.7167,0.5,0.6591,0.5,0.9667
convnext,case4_mixed,original,pika,Fold_4,0.8278,0.5167,0.6506,0.5094,0.9
convnext,case4_mixed,original,pika,Fold_5,0.8011,0.6,0.7073,0.5577,0.9667
convnext,case4_mixed,original,pika,Model_Ensemble (Soft Voting),0.8633,0.55,0.6897,0.5263,1.0
convnext,case4_mixed,original,pika,Folds_Mean ± SD,0.8038 ± 0.0755,0.5333 ± 0.0391,0.6746 ± 0.0220,0.5186 ± 0.0227,0.9667 ± 0.0408
convnext,case4_mixed,original,runway,Fold_1,0.92,0.5167,0.6742,0.5085,1.0
convnext,case4_mixed,original,runway,Fold_2,0.8733,0.5333,0.6818,0.5172,1.0
convnext,case4_mixed,original,runway,Fold_3,0.7078,0.5167,0.6742,0.5085,1.0
convnext,case4_mixed,original,runway,Fold_4,0.8056,0.5167,0.6506,0.5094,0.9
convnext,case4_mixed,original,runway,Fold_5,0.7967,0.6167,0.7229,0.566,1.0
convnext,case4_mixed,original,runway,Model_Ensemble (Soft Voting),0.8922,0.55,0.6897,0.5263,1.0
convnext,case4_mixed,original,runway,Folds_Mean ± SD,0.8207 ± 0.0809,0.5400 ± 0.0435,0.6807 ± 0.0263,0.5219 ± 0.0249,0.9800 ± 0.0447
convnext,case4_mixed,original,svd,Fold_1,0.6989,0.5167,0.6742,0.5085,1.0
convnext,case4_mixed,original,svd,Fold_2,0.6178,0.5333,0.6818,0.5172,1.0
convnext,case4_mixed,original,svd,Fold_3,0.6856,0.5,0.6591,0.5,0.9667
convnext,case4_mixed,original,svd,Fold_4,0.6622,0.5333,0.6667,0.5185,0.9333
convnext,case4_mixed,original,svd,Fold_5,0.78,0.5833,0.6914,0.549,0.9333
convnext,case4_mixed,original,svd,Model_Ensemble (Soft Voting),0.7344,0.5333,0.6744,0.5179,0.9667
convnext,case4_mixed,original,svd,Folds_Mean ± SD,0.6889 ± 0.0595,0.5333 ± 0.0312,0.6746 ± 0.0126,0.5187 ± 0.0185,0.9667 ± 0.0333
convnext,case4_mixed,instagram,pika,Fold_1,0.7567,0.5167,0.6742,0.5085,1.0
convnext,case4_mixed,instagram,pika,Fold_2,0.9278,0.5333,0.6818,0.5172,1.0
convnext,case4_mixed,instagram,pika,Fold_3,0.6978,0.4833,0.6437,0.4912,0.9333
convnext,case4_mixed,instagram,pika,Fold_4,0.8,0.5167,0.6506,0.5094,0.9
convnext,case4_mixed,instagram,pika,Fold_5,0.7789,0.5833,0.6988,0.5472,0.9667
convnext,case4_mixed,instagram,pika,Model_Ensemble (Soft Voting),0.8544,0.5333,0.6818,0.5172,1.0
convnext,case4_mixed,instagram,pika,Folds_Mean ± SD,0.7922 ± 0.0848,0.5267 ± 0.0365,0.6698 ± 0.0227,0.5147 ± 0.0205,0.9600 ± 0.0435
convnext,case4_mixed,instagram,runway,Fold_1,0.8967,0.5167,0.6742,0.5085,1.0
convnext,case4_mixed,instagram,runway,Fold_2,0.8578,0.5333,0.6818,0.5172,1.0
convnext,case4_mixed,instagram,runway,Fold_3,0.6922,0.5167,0.6742,0.5085,1.0
convnext,case4_mixed,instagram,runway,Fold_4,0.7756,0.5167,0.6506,0.5094,0.9
convnext,case4_mixed,instagram,runway,Fold_5,0.7478,0.6,0.7143,0.5556,1.0
convnext,case4_mixed,instagram,runway,Model_Ensemble (Soft Voting),0.8711,0.5333,0.6818,0.5172,1.0
convnext,case4_mixed,instagram,runway,Folds_Mean ± SD,0.7940 ± 0.0828,0.5367 ± 0.0361,0.6790 ± 0.0229,0.5198 ± 0.0203,0.9800 ± 0.0447
convnext,case4_mixed,instagram,svd,Fold_1,0.69,0.5167,0.6742,0.5085,1.0
convnext,case4_mixed,instagram,svd,Fold_2,0.6267,0.5333,0.6818,0.5172,1.0
convnext,case4_mixed,instagram,svd,Fold_3,0.7006,0.5,0.6591,0.5,0.9667
convnext,case4_mixed,instagram,svd,Fold_4,0.67,0.5333,0.6667,0.5185,0.9333
convnext,case4_mixed,instagram,svd,Fold_5,0.7622,0.5833,0.6988,0.5472,0.9667
convnext,case4_mixed,instagram,svd,Model_Ensemble (Soft Voting),0.7211,0.5167,0.6667,0.5088,0.9667
convnext,case4_mixed,instagram,svd,Folds_Mean ± SD,0.6899 ± 0.0493,0.5333 ± 0.0312,0.6761 ± 0.0152,0.5183 ± 0.0178,0.9733 ± 0.0279
convnext,case4_mixed,kakao_normal,pika,Fold_1,0.76,0.5167,0.6742,0.5085,1.0
convnext,case4_mixed,kakao_normal,pika,Fold_2,0.9256,0.5333,0.6818,0.5172,1.0
convnext,case4_mixed,kakao_normal,pika,Fold_3,0.7111,0.5,0.6591,0.5,0.9667
convnext,case4_mixed,kakao_normal,pika,Fold_4,0.8289,0.5,0.6429,0.5,0.9
convnext,case4_mixed,kakao_normal,pika,Fold_5,0.8011,0.5833,0.6988,0.5472,0.9667
convnext,case4_mixed,kakao_normal,pika,Model_Ensemble (Soft Voting),0.8633,0.5333,0.6818,0.5172,1.0
convnext,case4_mixed,kakao_normal,pika,Folds_Mean ± SD,0.8053 ± 0.0806,0.5267 ± 0.0346,0.6713 ± 0.0214,0.5146 ± 0.0196,0.9667 ± 0.0408
convnext,case4_mixed,kakao_normal,runway,Fold_1,0.9078,0.5167,0.6742,0.5085,1.0
convnext,case4_mixed,kakao_normal,runway,Fold_2,0.8433,0.5333,0.6818,0.5172,1.0
convnext,case4_mixed,kakao_normal,runway,Fold_3,0.7033,0.5167,0.6742,0.5085,1.0
convnext,case4_mixed,kakao_normal,runway,Fold_4,0.78,0.5,0.6429,0.5,0.9
convnext,case4_mixed,kakao_normal,runway,Fold_5,0.7722,0.6,0.7143,0.5556,1.0
convnext,case4_mixed,kakao_normal,runway,Model_Ensemble (Soft Voting),0.8811,0.5333,0.6818,0.5172,1.0
convnext,case4_mixed,kakao_normal,runway,Folds_Mean ± SD,0.8013 ± 0.0775,0.5333 ± 0.0391,0.6775 ± 0.0255,0.5179 ± 0.0219,0.9800 ± 0.0447
convnext,case4_mixed,kakao_normal,svd,Fold_1,0.6922,0.5167,0.6742,0.5085,1.0
convnext,case4_mixed,kakao_normal,svd,Fold_2,0.6156,0.5333,0.6818,0.5172,1.0
convnext,case4_mixed,kakao_normal,svd,Fold_3,0.7211,0.5,0.6591,0.5,0.9667
convnext,case4_mixed,kakao_normal,svd,Fold_4,0.6678,0.5167,0.6588,0.5091,0.9333
convnext,case4_mixed,kakao_normal,svd,Fold_5,0.7722,0.5833,0.6988,0.5472,0.9667
convnext,case4_mixed,kakao_normal,svd,Model_Ensemble (Soft Voting),0.7378,0.5167,0.6667,0.5088,0.9667
convnext,case4_mixed,kakao_normal,svd,Folds_Mean ± SD,0.6938 ± 0.0585,0.5300 ± 0.0321,0.6745 ± 0.0168,0.5164 ± 0.0183,0.9733 ± 0.0279
convnext,case4_mixed,kakao_high,pika,Fold_1,0.7667,0.5167,0.6742,0.5085,1.0
convnext,case4_mixed,kakao_high,pika,Fold_2,0.9211,0.5333,0.6818,0.5172,1.0
convnext,case4_mixed,kakao_high,pika,Fold_3,0.7156,0.5,0.6591,0.5,0.9667
convnext,case4_mixed,kakao_high,pika,Fold_4,0.8289,0.5,0.6429,0.5,0.9
convnext,case4_mixed,kakao_high,pika,Fold_5,0.7967,0.5833,0.6988,0.5472,0.9667
convnext,case4_mixed,kakao_high,pika,Model_Ensemble (Soft Voting),0.86,0.5333,0.6818,0.5172,1.0
convnext,case4_mixed,kakao_high,pika,Folds_Mean ± SD,0.8058 ± 0.0768,0.5267 ± 0.0346,0.6713 ± 0.0214,0.5146 ± 0.0196,0.9667 ± 0.0408
convnext,case4_mixed,kakao_high,runway,Fold_1,0.9267,0.5167,0.6742,0.5085,1.0
convnext,case4_mixed,kakao_high,runway,Fold_2,0.8678,0.5333,0.6818,0.5172,1.0
convnext,case4_mixed,kakao_high,runway,Fold_3,0.7089,0.5167,0.6742,0.5085,1.0
convnext,case4_mixed,kakao_high,runway,Fold_4,0.8167,0.5,0.6429,0.5,0.9
convnext,case4_mixed,kakao_high,runway,Fold_5,0.7933,0.6,0.7143,0.5556,1.0
convnext,case4_mixed,kakao_high,runway,Model_Ensemble (Soft Voting),0.8911,0.5333,0.6818,0.5172,1.0
convnext,case4_mixed,kakao_high,runway,Folds_Mean ± SD,0.8227 ± 0.0817,0.5333 ± 0.0391,0.6775 ± 0.0255,0.5179 ± 0.0219,0.9800 ± 0.0447
convnext,case4_mixed,kakao_high,svd,Fold_1,0.7044,0.5167,0.6742,0.5085,1.0
convnext,case4_mixed,kakao_high,svd,Fold_2,0.6167,0.5333,0.6818,0.5172,1.0
convnext,case4_mixed,kakao_high,svd,Fold_3,0.6989,0.5,0.6591,0.5,0.9667
convnext,case4_mixed,kakao_high,svd,Fold_4,0.6611,0.5167,0.6588,0.5091,0.9333
convnext,case4_mixed,kakao_high,svd,Fold_5,0.7756,0.5667,0.6829,0.5385,0.9333
convnext,case4_mixed,kakao_high,svd,Model_Ensemble (Soft Voting),0.7378,0.5167,0.6667,0.5088,0.9667
convnext,case4_mixed,kakao_high,svd,Folds_Mean ± SD,0.6913 ± 0.0588,0.5267 ± 0.0253,0.6714 ± 0.0118,0.5147 ± 0.0146,0.9667 ± 0.0333
swin,case1_original,original,pika,Fold_1,0.9044,0.8,0.8,0.8,0.8
swin,case1_original,original,pika,Fold_2,0.9344,0.8333,0.8214,0.8846,0.7667
swin,case1_original,original,pika,Fold_3,0.9344,0.8333,0.8214,0.8846,0.7667
swin,case1_original,original,pika,Fold_4,0.9567,0.8833,0.8852,0.871,0.9
swin,case1_original,original,pika,Fold_5,0.9267,0.8333,0.8276,0.8571,0.8
swin,case1_original,original,pika,Model_Ensemble (Soft Voting),0.9467,0.85,0.8475,0.8621,0.8333
swin,case1_original,original,pika,Folds_Mean ± SD,0.9313 ± 0.0187,0.8367 ± 0.0298,0.8311 ± 0.0320,0.8595 ± 0.0351,0.8067 ± 0.0548
swin,case1_original,original,runway,Fold_1,0.8533,0.75,0.7368,0.7778,0.7
swin,case1_original,original,runway,Fold_2,0.95,0.85,0.8421,0.8889,0.8
swin,case1_original,original,runway,Fold_3,0.9811,0.9333,0.9355,0.9062,0.9667
swin,case1_original,original,runway,Fold_4,0.95,0.8833,0.8852,0.871,0.9
swin,case1_original,original,runway,Fold_5,0.9167,0.8167,0.807,0.8519,0.7667
swin,case1_original,original,runway,Model_Ensemble (Soft Voting),0.9456,0.8667,0.8667,0.8667,0.8667
swin,case1_original,original,runway,Folds_Mean ± SD,0.9302 ± 0.0487,0.8467 ± 0.0691,0.8413 ± 0.0756,0.8591 ± 0.0498,0.8267 ± 0.1065
swin,case1_original,original,svd,Fold_1,0.9389,0.8833,0.8923,0.8286,0.9667
swin,case1_original,original,svd,Fold_2,0.9578,0.9167,0.918,0.9032,0.9333
swin,case1_original,original,svd,Fold_3,0.9367,0.8333,0.8214,0.8846,0.7667
swin,case1_original,original,svd,Fold_4,0.9222,0.85,0.8475,0.8621,0.8333
swin,case1_original,original,svd,Fold_5,0.9178,0.9,0.9032,0.875,0.9333
swin,case1_original,original,svd,Model_Ensemble (Soft Voting),0.9589,0.9,0.9032,0.875,0.9333
swin,case1_original,original,svd,Folds_Mean ± SD,0.9347 ± 0.0158,0.8767 ± 0.0346,0.8765 ± 0.0405,0.8707 ± 0.0279,0.8867 ± 0.0837
swin,case1_original,instagram,pika,Fold_1,0.8744,0.8167,0.8308,0.7714,0.9
swin,case1_original,instagram,pika,Fold_2,0.9,0.8167,0.8254,0.7879,0.8667
swin,case1_original,instagram,pika,Fold_3,0.9211,0.8667,0.871,0.8438,0.9
swin,case1_original,instagram,pika,Fold_4,0.9444,0.8333,0.8438,0.7941,0.9
swin,case1_original,instagram,pika,Fold_5,0.9111,0.8333,0.8387,0.8125,0.8667
swin,case1_original,instagram,pika,Model_Ensemble (Soft Voting),0.9267,0.85,0.8571,0.8182,0.9
swin,case1_original,instagram,pika,Folds_Mean ± SD,0.9102 ± 0.0259,0.8333 ± 0.0204,0.8419 ± 0.0177,0.8019 ± 0.0276,0.8867 ± 0.0183
swin,case1_original,instagram,runway,Fold_1,0.7933,0.7333,0.7333,0.7333,0.7333
swin,case1_original,instagram,runway,Fold_2,0.8733,0.7667,0.7667,0.7667,0.7667
swin,case1_original,instagram,runway,Fold_3,0.9611,0.9167,0.9231,0.8571,1.0
swin,case1_original,instagram,runway,Fold_4,0.9222,0.8333,0.8438,0.7941,0.9
swin,case1_original,instagram,runway,Fold_5,0.8867,0.8,0.8,0.8,0.8
swin,case1_original,instagram,runway,Model_Ensemble (Soft Voting),0.9078,0.8333,0.8387,0.8125,0.8667
swin,case1_original,instagram,runway,Folds_Mean ± SD,0.8873 ± 0.0626,0.8100 ± 0.0703,0.8134 ± 0.0737,0.7903 ± 0.0458,0.8400 ± 0.1090
swin,case1_original,instagram,svd,Fold_1,0.9133,0.85,0.8657,0.7838,0.9667
swin,case1_original,instagram,svd,Fold_2,0.9511,0.85,0.8615,0.8,0.9333
swin,case1_original,instagram,svd,Fold_3,0.8933,0.8,0.7931,0.8214,0.7667
swin,case1_original,instagram,svd,Fold_4,0.9067,0.8167,0.8254,0.7879,0.8667
swin,case1_original,instagram,svd,Fold_5,0.8933,0.85,0.8571,0.8182,0.9
swin,case1_original,instagram,svd,Model_Ensemble (Soft Voting),0.9322,0.8833,0.8923,0.8286,0.9667
swin,case1_original,instagram,svd,Folds_Mean ± SD,0.9116 ± 0.0237,0.8333 ± 0.0236,0.8406 ± 0.0309,0.8023 ± 0.0171,0.8867 ± 0.0767
swin,case1_original,kakao_normal,pika,Fold_1,0.9,0.8167,0.8254,0.7879,0.8667
swin,case1_original,kakao_normal,pika,Fold_2,0.9367,0.8333,0.8387,0.8125,0.8667
swin,case1_original,kakao_normal,pika,Fold_3,0.9389,0.85,0.8421,0.8889,0.8
swin,case1_original,kakao_normal,pika,Fold_4,0.9433,0.9,0.9,0.9,0.9
swin,case1_original,kakao_normal,pika,Fold_5,0.9278,0.85,0.8475,0.8621,0.8333
swin,case1_original,kakao_normal,pika,Model_Ensemble (Soft Voting),0.9444,0.85,0.8525,0.8387,0.8667
swin,case1_original,kakao_normal,pika,Folds_Mean ± SD,0.9293 ± 0.0173,0.8500 ± 0.0312,0.8507 ± 0.0287,0.8503 ± 0.0485,0.8533 ± 0.0380
swin,case1_original,kakao_normal,runway,Fold_1,0.8233,0.75,0.7458,0.7586,0.7333
swin,case1_original,kakao_normal,runway,Fold_2,0.9289,0.8,0.8,0.8,0.8
swin,case1_original,kakao_normal,runway,Fold_3,0.9744,0.9333,0.9355,0.9062,0.9667
swin,case1_original,kakao_normal,runway,Fold_4,0.9244,0.9,0.9,0.9,0.9
swin,case1_original,kakao_normal,runway,Fold_5,0.9033,0.8167,0.807,0.8519,0.7667
swin,case1_original,kakao_normal,runway,Model_Ensemble (Soft Voting),0.9289,0.85,0.8525,0.8387,0.8667
swin,case1_original,kakao_normal,runway,Folds_Mean ± SD,0.9109 ± 0.0554,0.8400 ± 0.0751,0.8377 ± 0.0779,0.8433 ± 0.0638,0.8333 ± 0.0972
swin,case1_original,kakao_normal,svd,Fold_1,0.9278,0.85,0.8615,0.8,0.9333
swin,case1_original,kakao_normal,svd,Fold_2,0.9533,0.8667,0.875,0.8235,0.9333
swin,case1_original,kakao_normal,svd,Fold_3,0.9167,0.8167,0.8,0.88,0.7333
swin,case1_original,kakao_normal,svd,Fold_4,0.9111,0.8333,0.8214,0.8846,0.7667
swin,case1_original,kakao_normal,svd,Fold_5,0.9067,0.8833,0.8852,0.871,0.9
swin,case1_original,kakao_normal,svd,Model_Ensemble (Soft Voting),0.9422,0.8833,0.8889,0.8485,0.9333
swin,case1_original,kakao_normal,svd,Folds_Mean ± SD,0.9231 ± 0.0186,0.8500 ± 0.0264,0.8486 ± 0.0364,0.8518 ± 0.0378,0.8533 ± 0.0960
swin,case1_original,kakao_high,pika,Fold_1,0.8967,0.8167,0.8197,0.8065,0.8333
swin,case1_original,kakao_high,pika,Fold_2,0.9333,0.8167,0.8136,0.8276,0.8
swin,case1_original,kakao_high,pika,Fold_3,0.9389,0.8333,0.8214,0.8846,0.7667
swin,case1_original,kakao_high,pika,Fold_4,0.9589,0.9,0.9,0.9,0.9
swin,case1_original,kakao_high,pika,Fold_5,0.9278,0.8333,0.8276,0.8571,0.8
swin,case1_original,kakao_high,pika,Model_Ensemble (Soft Voting),0.95,0.8667,0.8621,0.8929,0.8333
swin,case1_original,kakao_high,pika,Folds_Mean ± SD,0.9311 ± 0.0226,0.8400 ± 0.0346,0.8364 ± 0.0359,0.8552 ± 0.0388,0.8200 ± 0.0506
swin,case1_original,kakao_high,runway,Fold_1,0.8578,0.75,0.7368,0.7778,0.7
swin,case1_original,kakao_high,runway,Fold_2,0.9433,0.8167,0.8136,0.8276,0.8
swin,case1_original,kakao_high,runway,Fold_3,0.9844,0.9333,0.9355,0.9062,0.9667
swin,case1_original,kakao_high,runway,Fold_4,0.9478,0.9,0.9,0.9,0.9
swin,case1_original,kakao_high,runway,Fold_5,0.9189,0.8333,0.8276,0.8571,0.8
swin,case1_original,kakao_high,runway,Model_Ensemble (Soft Voting),0.9467,0.8833,0.8814,0.8966,0.8667
swin,case1_original,kakao_high,runway,Folds_Mean ± SD,0.9304 ± 0.0469,0.8467 ± 0.0721,0.8427 ± 0.0777,0.8538 ± 0.0533,0.8333 ± 0.1027
swin,case1_original,kakao_high,svd,Fold_1,0.9344,0.8833,0.8923,0.8286,0.9667
swin,case1_original,kakao_high,svd,Fold_2,0.9567,0.8833,0.8889,0.8485,0.9333
swin,case1_original,kakao_high,svd,Fold_3,0.9317,0.8333,0.8214,0.8846,0.7667
swin,case1_original,kakao_high,svd,Fold_4,0.9189,0.85,0.8421,0.8889,0.8
swin,case1_original,kakao_high,svd,Fold_5,0.9056,0.8833,0.8852,0.871,0.9
swin,case1_original,kakao_high,svd,Model_Ensemble (Soft Voting),0.9522,0.9167,0.918,0.9032,0.9333
swin,case1_original,kakao_high,svd,Folds_Mean ± SD,0.9294 ± 0.0191,0.8667 ± 0.0236,0.8660 ± 0.0322,0.8643 ± 0.0254,0.8733 ± 0.0863
swin,case4_mixed,original,pika,Fold_1,0.72,0.6,0.7143,0.5556,1.0
swin,case4_mixed,original,pika,Fold_2,0.77,0.6167,0.716,0.5686,0.9667
swin,case4_mixed,original,pika,Fold_3,0.7878,0.5167,0.6667,0.5088,0.9667
swin,case4_mixed,original,pika,Fold_4,0.91,0.6167,0.716,0.5686,0.9667
swin,case4_mixed,original,pika,Fold_5,0.8678,0.6167,0.7229,0.566,1.0
swin,case4_mixed,original,pika,Model_Ensemble (Soft Voting),0.8667,0.5667,0.6905,0.537,0.9667
swin,case4_mixed,original,pika,Folds_Mean ± SD,0.8111 ± 0.0767,0.5933 ± 0.0435,0.7072 ± 0.0229,0.5535 ± 0.0256,0.9800 ± 0.0183
swin,case4_mixed,original,runway,Fold_1,0.52,0.5333,0.65,0.52,0.8667
swin,case4_mixed,original,runway,Fold_2,0.6633,0.6167,0.716,0.5686,0.9667
swin,case4_mixed,original,runway,Fold_3,0.7933,0.5333,0.6818,0.5172,1.0
swin,case4_mixed,original,runway,Fold_4,0.8467,0.6,0.7,0.56,0.9333
swin,case4_mixed,original,runway,Fold_5,0.7156,0.6,0.7073,0.5577,0.9667
swin,case4_mixed,original,runway,Model_Ensemble (Soft Voting),0.7489,0.5833,0.7059,0.5455,1.0
swin,case4_mixed,original,runway,Folds_Mean ± SD,0.7078 ± 0.1264,0.5767 ± 0.0401,0.6910 ± 0.0262,0.5447 ± 0.0242,0.9467 ± 0.0506
swin,case4_mixed,original,svd,Fold_1,0.7333,0.5833,0.6988,0.5472,0.9667
swin,case4_mixed,original,svd,Fold_2,0.81,0.6333,0.7317,0.5769,1.0
swin,case4_mixed,original,svd,Fold_3,0.7233,0.5167,0.6667,0.5088,0.9667
swin,case4_mixed,original,svd,Fold_4,0.8333,0.6333,0.7317,0.5769,1.0
swin,case4_mixed,original,svd,Fold_5,0.7878,0.6,0.7073,0.5577,0.9667
swin,case4_mixed,original,svd,Model_Ensemble (Soft Voting),0.8078,0.5833,0.7059,0.5455,1.0
swin,case4_mixed,original,svd,Folds_Mean ± SD,0.7776 ± 0.0479,0.5933 ± 0.0480,0.7072 ± 0.0270,0.5535 ± 0.0281,0.9800 ± 0.0183
swin,case4_mixed,instagram,pika,Fold_1,0.7167,0.6167,0.7229,0.566,1.0
swin,case4_mixed,instagram,pika,Fold_2,0.7644,0.6167,0.716,0.5686,0.9667
swin,case4_mixed,instagram,pika,Fold_3,0.7956,0.55,0.6897,0.5263,1.0
swin,case4_mixed,instagram,pika,Fold_4,0.9078,0.6167,0.716,0.5686,0.9667
swin,case4_mixed,instagram,pika,Fold_5,0.8678,0.6,0.7143,0.5556,1.0
swin,case4_mixed,instagram,pika,Model_Ensemble (Soft Voting),0.8644,0.55,0.6824,0.5273,0.9667
swin,case4_mixed,instagram,pika,Folds_Mean ± SD,0.8104 ± 0.0773,0.6000 ± 0.0289,0.7118 ± 0.0128,0.5570 ± 0.0180,0.9867 ± 0.0183
swin,case4_mixed,instagram,runway,Fold_1,0.5144,0.55,0.6582,0.5306,0.8667
swin,case4_mixed,instagram,runway,Fold_2,0.6533,0.6,0.7,0.56,0.9333
swin,case4_mixed,instagram,runway,Fold_3,0.7811,0.55,0.6897,0.5263,1.0
swin,case4_mixed,instagram,runway,Fold_4,0.8378,0.6,0.7,0.56,0.9333
swin,case4_mixed,instagram,runway,Fold_5,0.7156,0.5833,0.6988,0.5472,0.9667
swin,case4_mixed,instagram,runway,Model_Ensemble (Soft Voting),0.7378,0.5667,0.6977,0.5357,1.0
swin,case4_mixed,instagram,runway,Folds_Mean ± SD,0.7004 ± 0.1249,0.5767 ± 0.0253,0.6893 ± 0.0179,0.5448 ± 0.0159,0.9400 ± 0.0494
swin,case4_mixed,instagram,svd,Fold_1,0.75,0.6167,0.7229,0.566,1.0
swin,case4_mixed,instagram,svd,Fold_2,0.8311,0.6333,0.7317,0.5769,1.0
swin,case4_mixed,instagram,svd,Fold_3,0.7378,0.5333,0.6744,0.5179,0.9667
swin,case4_mixed,instagram,svd,Fold_4,0.8433,0.6333,0.7317,0.5769,1.0
swin,case4_mixed,instagram,svd,Fold_5,0.7956,0.5833,0.6988,0.5472,0.9667
swin,case4_mixed,instagram,svd,Model_Ensemble (Soft Voting),0.8256,0.5667,0.6977,0.5357,1.0
swin,case4_mixed,instagram,svd,Folds_Mean ± SD,0.7916 ± 0.0471,0.6000 ± 0.0425,0.7119 ± 0.0249,0.5570 ± 0.0250,0.9867 ± 0.0183
swin,case4_mixed,kakao_normal,pika,Fold_1,0.7167,0.5833,0.7059,0.5455,1.0
swin,case4_mixed,kakao_normal,pika,Fold_2,0.7556,0.6167,0.716,0.5686,0.9667
swin,case4_mixed,kakao_normal,pika,Fold_3,0.7867,0.5167,0.6667,0.5088,0.9667
swin,case4_mixed,kakao_normal,pika,Fold_4,0.9111,0.5833,0.6988,0.5472,0.9667
swin,case4_mixed,kakao_normal,pika,Fold_5,0.8656,0.6,0.7143,0.5556,1.0
swin,case4_mixed,kakao_normal,pika,Model_Ensemble (Soft Voting),0.8633,0.55,0.6824,0.5273,0.9667
swin,case4_mixed,kakao_normal,pika,Folds_Mean ± SD,0.8071 ± 0.0798,0.5800 ± 0.0380,0.7003 ± 0.0201,0.5451 ± 0.0223,0.9800 ± 0.0183
swin,case4_mixed,kakao_normal,runway,Fold_1,0.5178,0.5167,0.642,0.5098,0.8667
swin,case4_mixed,kakao_normal,runway,Fold_2,0.6567,0.6,0.7,0.56,0.9333
swin,case4_mixed,kakao_normal,runway,Fold_3,0.7789,0.5333,0.6818,0.5172,1.0
swin,case4_mixed,kakao_normal,runway,Fold_4,0.8589,0.5667,0.6829,0.5385,0.9333
swin,case4_mixed,kakao_normal,runway,Fold_5,0.7156,0.5667,0.6829,0.5385,0.9333
swin,case4_mixed,kakao_normal,runway,Model_Ensemble (Soft Voting),0.7511,0.5667,0.6977,0.5357,1.0
swin,case4_mixed,kakao_normal,runway,Folds_Mean ± SD,0.7056 ± 0.1291,0.5567 ± 0.0325,0.6779 ± 0.0215,0.5328 ± 0.0198,0.9333 ± 0.0471
swin,case4_mixed,kakao_normal,svd,Fold_1,0.7483,0.5833,0.7059,0.5455,1.0
swin,case4_mixed,kakao_normal,svd,Fold_2,0.8378,0.6333,0.7317,0.5769,1.0
swin,case4_mixed,kakao_normal,svd,Fold_3,0.7211,0.5167,0.6667,0.5088,0.9667
swin,case4_mixed,kakao_normal,svd,Fold_4,0.8467,0.6,0.7143,0.5556,1.0
swin,case4_mixed,kakao_normal,svd,Fold_5,0.8,0.5833,0.6988,0.5472,0.9667
swin,case4_mixed,kakao_normal,svd,Model_Ensemble (Soft Voting),0.8189,0.5667,0.6977,0.5357,1.0
swin,case4_mixed,kakao_normal,svd,Folds_Mean ± SD,0.7908 ± 0.0549,0.5833 ± 0.0425,0.7035 ± 0.0240,0.5468 ± 0.0247,0.9867 ± 0.0183
swin,case4_mixed,kakao_high,pika,Fold_1,0.7339,0.6,0.7143,0.5556,1.0
swin,case4_mixed,kakao_high,pika,Fold_2,0.7722,0.6167,0.716,0.5686,0.9667
swin,case4_mixed,kakao_high,pika,Fold_3,0.7944,0.5167,0.6667,0.5088,0.9667
swin,case4_mixed,kakao_high,pika,Fold_4,0.9167,0.6333,0.725,0.58,0.9667
swin,case4_mixed,kakao_high,pika,Fold_5,0.8667,0.6333,0.7317,0.5769,1.0
swin,case4_mixed,kakao_high,pika,Model_Ensemble (Soft Voting),0.8711,0.5667,0.6905,0.537,0.9667
swin,case4_mixed,kakao_high,pika,Folds_Mean ± SD,0.8168 ± 0.0739,0.6000 ± 0.0486,0.7107 ± 0.0256,0.5580 ± 0.0291,0.9800 ± 0.0183
swin,case4_mixed,kakao_high,runway,Fold_1,0.5478,0.5333,0.65,0.52,0.8667
swin,case4_mixed,kakao_high,runway,Fold_2,0.6578,0.6,0.7,0.56,0.9333
swin,case4_mixed,kakao_high,runway,Fold_3,0.8028,0.5333,0.6818,0.5172,1.0
swin,case4_mixed,kakao_high,runway,Fold_4,0.8644,0.6167,0.7089,0.5714,0.9333
swin,case4_mixed,kakao_high,runway,Fold_5,0.7244,0.6,0.7,0.56,0.9333
swin,case4_mixed,kakao_high,runway,Model_Ensemble (Soft Voting),0.7567,0.5833,0.7059,0.5455,1.0
swin,case4_mixed,kakao_high,runway,Folds_Mean ± SD,0.7194 ± 0.1238,0.5767 ± 0.0401,0.6881 ± 0.0235,0.5457 ± 0.0252,0.9333 ± 0.0471
swin,case4_mixed,kakao_high,svd,Fold_1,0.7444,0.5833,0.6988,0.5472,0.9667
swin,case4_mixed,kakao_high,svd,Fold_2,0.8089,0.6333,0.7317,0.5769,1.0
swin,case4_mixed,kakao_high,svd,Fold_3,0.7278,0.5167,0.6667,0.5088,0.9667
swin,case4_mixed,kakao_high,svd,Fold_4,0.8356,0.65,0.7407,0.5882,1.0
swin,case4_mixed,kakao_high,svd,Fold_5,0.7933,0.6167,0.716,0.5686,0.9667
swin,case4_mixed,kakao_high,svd,Model_Ensemble (Soft Voting),0.8233,0.5833,0.7059,0.5455,1.0
swin,case4_mixed,kakao_high,svd,Folds_Mean ± SD,0.7820 ± 0.0449,0.6000 ± 0.0527,0.7108 ± 0.0294,0.5579 ± 0.0313,0.9800 ± 0.0183
r3d,case1_original,original,pika,Fold_1,0.7922,0.5333,0.6818,0.5172,1.0
r3d,case1_original,original,pika,Fold_2,0.7867,0.5667,0.6905,0.537,0.9667
r3d,case1_original,original,pika,Fold_3,0.8511,0.5667,0.6977,0.5357,1.0
r3d,case1_original,original,pika,Fold_4,0.8522,0.6667,0.75,0.6,1.0
r3d,case1_original,original,pika,Fold_5,0.8322,0.5833,0.7059,0.5455,1.0
r3d,case1_original,original,pika,Model_Ensemble (Soft Voting),0.8478,0.55,0.6897,0.5263,1.0
r3d,case1_original,original,pika,Folds_Mean ± SD,0.8229 ± 0.0316,0.5833 ± 0.0500,0.7052 ± 0.0266,0.5471 ± 0.0313,0.9933 ± 0.0149
r3d,case1_original,original,runway,Fold_1,0.7444,0.5167,0.6667,0.5088,0.9667
r3d,case1_original,original,runway,Fold_2,0.8011,0.5833,0.7059,0.5455,1.0
r3d,case1_original,original,runway,Fold_3,0.8778,0.5667,0.6977,0.5357,1.0
r3d,case1_original,original,runway,Fold_4,0.7456,0.6333,0.7179,0.5833,0.9333
r3d,case1_original,original,runway,Fold_5,0.8578,0.5833,0.7059,0.5455,1.0
r3d,case1_original,original,runway,Model_Ensemble (Soft Voting),0.8111,0.55,0.6897,0.5263,1.0
r3d,case1_original,original,runway,Folds_Mean ± SD,0.8053 ± 0.0618,0.5767 ± 0.0418,0.6988 ± 0.0194,0.5437 ± 0.0267,0.9800 ± 0.0298
r3d,case1_original,original,svd,Fold_1,0.4022,0.45,0.6024,0.4717,0.8333
r3d,case1_original,original,svd,Fold_2,0.4694,0.5167,0.642,0.5098,0.8667
r3d,case1_original,original,svd,Fold_3,0.4933,0.4667,0.6,0.48,0.8
r3d,case1_original,original,svd,Fold_4,0.4244,0.5167,0.5915,0.5122,0.7
r3d,case1_original,original,svd,Fold_5,0.5556,0.5167,0.642,0.5098,0.8667
r3d,case1_original,original,svd,Model_Ensemble (Soft Voting),0.4811,0.4667,0.6098,0.4808,0.8333
r3d,case1_original,original,svd,Folds_Mean ± SD,0.4690 ± 0.0603,0.4933 ± 0.0325,0.6156 ± 0.0244,0.4967 ± 0.0193,0.8133 ± 0.0691
r3d,case1_original,instagram,pika,Fold_1,0.8039,0.5333,0.6818,0.5172,1.0
r3d,case1_original,instagram,pika,Fold_2,0.7833,0.55,0.6897,0.5263,1.0
r3d,case1_original,instagram,pika,Fold_3,0.8511,0.55,0.6897,0.5263,1.0
r3d,case1_original,instagram,pika,Fold_4,0.86,0.65,0.7407,0.5882,1.0
r3d,case1_original,instagram,pika,Fold_5,0.82,0.5333,0.6818,0.5172,1.0
r3d,case1_original,instagram,pika,Model_Ensemble (Soft Voting),0.8667,0.55,0.6897,0.5263,1.0
r3d,case1_original,instagram,pika,Folds_Mean ± SD,0.8237 ± 0.0320,0.5633 ± 0.0492,0.6967 ± 0.0249,0.5351 ± 0.0301,1.0000 ± 0.0000
r3d,case1_original,instagram,runway,Fold_1,0.7433,0.5167,0.6667,0.5088,0.9667
r3d,case1_original,instagram,runway,Fold_2,0.7867,0.55,0.6897,0.5263,1.0
r3d,case1_original,instagram,runway,Fold_3,0.8622,0.55,0.6897,0.5263,1.0
r3d,case1_original,instagram,runway,Fold_4,0.7411,0.6167,0.7089,0.5714,0.9333
r3d,case1_original,instagram,runway,Fold_5,0.8433,0.5333,0.6818,0.5172,1.0
r3d,case1_original,instagram,runway,Model_Ensemble (Soft Voting),0.7967,0.55,0.6897,0.5263,1.0
r3d,case1_original,instagram,runway,Folds_Mean ± SD,0.7953 ± 0.0559,0.5533 ± 0.0380,0.6873 ± 0.0153,0.5300 ± 0.0243,0.9800 ± 0.0298
r3d,case1_original,instagram,svd,Fold_1,0.4156,0.4167,0.5679,0.451,0.7667
r3d,case1_original,instagram,svd,Fold_2,0.4589,0.4667,0.6098,0.4808,0.8333
r3d,case1_original,instagram,svd,Fold_3,0.4778,0.4667,0.6098,0.4808,0.8333
r3d,case1_original,instagram,svd,Fold_4,0.4233,0.4833,0.5634,0.4878,0.6667
r3d,case1_original,instagram,svd,Fold_5,0.53,0.45,0.6024,0.4717,0.8333
r3d,case1_original,instagram,svd,Model_Ensemble (Soft Voting),0.45,0.4667,0.6098,0.4808,0.8333
r3d,case1_original,instagram,svd,Folds_Mean ± SD,0.4611 ± 0.0462,0.4567 ± 0.0253,0.5906 ± 0.0231,0.4744 ± 0.0143,0.7867 ± 0.0730
r3d,case1_original,kakao_normal,pika,Fold_1,0.8089,0.5333,0.6818,0.5172,1.0
r3d,case1_original,kakao_normal,pika,Fold_2,0.7822,0.55,0.6824,0.5273,0.9667
r3d,case1_original,kakao_normal,pika,Fold_3,0.8644,0.5667,0.6977,0.5357,1.0
r3d,case1_original,kakao_normal,pika,Fold_4,0.8633,0.6667,0.75,0.6,1.0
r3d,case1_original,kakao_normal,pika,Fold_5,0.8278,0.5833,0.7059,0.5455,1.0
r3d,case1_original,kakao_normal,pika,Model_Ensemble (Soft Voting),0.8622,0.55,0.6897,0.5263,1.0
r3d,case1_original,kakao_normal,pika,Folds_Mean ± SD,0.8293 ± 0.0355,0.5800 ± 0.0519,0.7035 ± 0.0279,0.5451 ± 0.0324,0.9933 ± 0.0149
r3d,case1_original,kakao_normal,runway,Fold_1,0.7511,0.5167,0.6667,0.5088,0.9667
r3d,case1_original,kakao_normal,runway,Fold_2,0.8022,0.5667,0.6977,0.5357,1.0
r3d,case1_original,kakao_normal,runway,Fold_3,0.8778,0.5667,0.6977,0.5357,1.0
r3d,case1_original,kakao_normal,runway,Fold_4,0.7444,0.6333,0.7179,0.5833,0.9333
r3d,case1_original,kakao_normal,runway,Fold_5,0.86,0.5833,0.7059,0.5455,1.0
r3d,case1_original,kakao_normal,runway,Model_Ensemble (Soft Voting),0.8122,0.55,0.6897,0.5263,1.0
r3d,case1_original,kakao_normal,runway,Folds_Mean ± SD,0.8071 ± 0.0610,0.5733 ± 0.0418,0.6972 ± 0.0190,0.5418 ± 0.0269,0.9800 ± 0.0298
r3d,case1_original,kakao_normal,svd,Fold_1,0.4233,0.4167,0.5679,0.451,0.7667
r3d,case1_original,kakao_normal,svd,Fold_2,0.4611,0.4833,0.6173,0.4902,0.8333
r3d,case1_original,kakao_normal,svd,Fold_3,0.4889,0.45,0.5823,0.4694,0.7667
r3d,case1_original,kakao_normal,svd,Fold_4,0.43,0.5167,0.5915,0.5122,0.7
r3d,case1_original,kakao_normal,svd,Fold_5,0.5528,0.5,0.625,0.5,0.8333
r3d,case1_original,kakao_normal,svd,Model_Ensemble (Soft Voting),0.4689,0.45,0.5926,0.4706,0.8
r3d,case1_original,kakao_normal,svd,Folds_Mean ± SD,0.4712 ± 0.0526,0.4733 ± 0.0401,0.5968 ± 0.0239,0.4846 ± 0.0245,0.7800 ± 0.0558
r3d,case1_original,kakao_high,pika,Fold_1,0.8078,0.5333,0.6818,0.5172,1.0
r3d,case1_original,kakao_high,pika,Fold_2,0.7878,0.5833,0.6988,0.5472,0.9667
r3d,case1_original,kakao_high,pika,Fold_3,0.8644,0.5833,0.7059,0.5455,1.0
r3d,case1_original,kakao_high,pika,Fold_4,0.8594,0.6667,0.7436,0.6042,0.9667
r3d,case1_original,kakao_high,pika,Fold_5,0.8356,0.5833,0.7059,0.5455,1.0
r3d,case1_original,kakao_high,pika,Model_Ensemble (Soft Voting),0.8611,0.5667,0.6977,0.5357,1.0
r3d,case1_original,kakao_high,pika,Folds_Mean ± SD,0.8310 ± 0.0330,0.5900 ± 0.0480,0.7072 ± 0.0226,0.5519 ± 0.0318,0.9867 ± 0.0183
r3d,case1_original,kakao_high,runway,Fold_1,0.7522,0.5167,0.6667,0.5088,0.9667
r3d,case1_original,kakao_high,runway,Fold_2,0.8067,0.6,0.7143,0.5556,1.0
r3d,case1_original,kakao_high,runway,Fold_3,0.8878,0.5833,0.7059,0.5455,1.0
r3d,case1_original,kakao_high,runway,Fold_4,0.7456,0.65,0.7273,0.5957,0.9333
r3d,case1_original,kakao_high,runway,Fold_5,0.8656,0.5833,0.7059,0.5455,1.0
r3d,case1_original,kakao_high,runway,Model_Ensemble (Soft Voting),0.8244,0.5667,0.6977,0.5357,1.0
r3d,case1_original,kakao_high,runway,Folds_Mean ± SD,0.8116 ± 0.0645,0.5867 ± 0.0477,0.7040 ± 0.0226,0.5502 ± 0.0311,0.9800 ± 0.0298
r3d,case1_original,kakao_high,svd,Fold_1,0.4256,0.4167,0.5679,0.451,0.7667
r3d,case1_original,kakao_high,svd,Fold_2,0.4767,0.5,0.6154,0.5,0.8
r3d,case1_original,kakao_high,svd,Fold_3,0.5044,0.4833,0.6076,0.4898,0.8
r3d,case1_original,kakao_high,svd,Fold_4,0.4244,0.5333,0.6,0.525,0.7
r3d,case1_original,kakao_high,svd,Fold_5,0.5644,0.5,0.625,0.5,0.8333
r3d,case1_original,kakao_high,svd,Model_Ensemble (Soft Voting),0.4911,0.4667,0.6,0.48,0.8
r3d,case1_original,kakao_high,svd,Folds_Mean ± SD,0.4791 ± 0.0587,0.4867 ± 0.0431,0.6032 ± 0.0218,0.4932 ± 0.0269,0.7800 ± 0.0506
r3d,case4_mixed,original,pika,Fold_1,0.8022,0.5167,0.6742,0.5085,1.0
r3d,case4_mixed,original,pika,Fold_2,0.78,0.5167,0.6742,0.5085,1.0
r3d,case4_mixed,original,pika,Fold_3,0.8033,0.5,0.6667,0.5,1.0
r3d,case4_mixed,original,pika,Fold_4,0.8878,0.5833,0.7059,0.5455,1.0
r3d,case4_mixed,original,pika,Fold_5,0.7922,0.5167,0.6742,0.5085,1.0
r3d,case4_mixed,original,pika,Model_Ensemble (Soft Voting),0.88,0.5167,0.6742,0.5085,1.0
r3d,case4_mixed,original,pika,Folds_Mean ± SD,0.8131 ± 0.0428,0.5267 ± 0.0325,0.6790 ± 0.0154,0.5142 ± 0.0179,1.0000 ± 0.0000
r3d,case4_mixed,original,runway,Fold_1,0.6767,0.5167,0.6742,0.5085,1.0
r3d,case4_mixed,original,runway,Fold_2,0.6956,0.5167,0.6742,0.5085,1.0
r3d,case4_mixed,original,runway,Fold_3,0.8011,0.5,0.6667,0.5,1.0
r3d,case4_mixed,original,runway,Fold_4,0.7422,0.5833,0.7059,0.5455,1.0
r3d,case4_mixed,original,runway,Fold_5,0.7689,0.5167,0.6742,0.5085,1.0
r3d,case4_mixed,original,runway,Model_Ensemble (Soft Voting),0.7367,0.5167,0.6742,0.5085,1.0
r3d,case4_mixed,original,runway,Folds_Mean ± SD,0.7369 ± 0.0513,0.5267 ± 0.0325,0.6790 ± 0.0154,0.5142 ± 0.0179,1.0000 ± 0.0000
r3d,case4_mixed,original,svd,Fold_1,0.38,0.45,0.6118,0.4727,0.8667
r3d,case4_mixed,original,svd,Fold_2,0.42,0.4333,0.5952,0.463,0.8333
r3d,case4_mixed,original,svd,Fold_3,0.4278,0.4333,0.6047,0.4643,0.8667
r3d,case4_mixed,original,svd,Fold_4,0.4256,0.4667,0.5897,0.4792,0.7667
r3d,case4_mixed,original,svd,Fold_5,0.4567,0.4833,0.6437,0.4912,0.9333
r3d,case4_mixed,original,svd,Model_Ensemble (Soft Voting),0.4211,0.45,0.6118,0.4727,0.8667
r3d,case4_mixed,original,svd,Folds_Mean ± SD,0.4220 ± 0.0275,0.4533 ± 0.0217,0.6090 ± 0.0212,0.4741 ± 0.0116,0.8533 ± 0.0606
r3d,case4_mixed,instagram,pika,Fold_1,0.8078,0.5167,0.6742,0.5085,1.0
r3d,case4_mixed,instagram,pika,Fold_2,0.7944,0.5167,0.6742,0.5085,1.0
r3d,case4_mixed,instagram,pika,Fold_3,0.8156,0.5,0.6667,0.5,1.0
r3d,case4_mixed,instagram,pika,Fold_4,0.8867,0.5833,0.7059,0.5455,1.0
r3d,case4_mixed,instagram,pika,Fold_5,0.7872,0.5167,0.6742,0.5085,1.0
r3d,case4_mixed,instagram,pika,Model_Ensemble (Soft Voting),0.8867,0.5167,0.6742,0.5085,1.0
r3d,case4_mixed,instagram,pika,Folds_Mean ± SD,0.8183 ± 0.0398,0.5267 ± 0.0325,0.6790 ± 0.0154,0.5142 ± 0.0179,1.0000 ± 0.0000
r3d,case4_mixed,instagram,runway,Fold_1,0.6833,0.5167,0.6742,0.5085,1.0
r3d,case4_mixed,instagram,runway,Fold_2,0.7028,0.5167,0.6742,0.5085,1.0
r3d,case4_mixed,instagram,runway,Fold_3,0.8011,0.5,0.6667,0.5,1.0
r3d,case4_mixed,instagram,runway,Fold_4,0.7489,0.5833,0.7059,0.5455,1.0
r3d,case4_mixed,instagram,runway,Fold_5,0.7633,0.5167,0.6742,0.5085,1.0
r3d,case4_mixed,instagram,runway,Model_Ensemble (Soft Voting),0.7444,0.5167,0.6742,0.5085,1.0
r3d,case4_mixed,instagram,runway,Folds_Mean ± SD,0.7399 ± 0.0473,0.5267 ± 0.0325,0.6790 ± 0.0154,0.5142 ± 0.0179,1.0000 ± 0.0000
r3d,case4_mixed,instagram,svd,Fold_1,0.3856,0.45,0.6118,0.4727,0.8667
r3d,case4_mixed,instagram,svd,Fold_2,0.4289,0.45,0.6118,0.4727,0.8667
r3d,case4_mixed,instagram,svd,Fold_3,0.4367,0.4333,0.6047,0.4643,0.8667
r3d,case4_mixed,instagram,svd,Fold_4,0.4333,0.4667,0.5897,0.4792,0.7667
r3d,case4_mixed,instagram,svd,Fold_5,0.46,0.4833,0.6437,0.4912,0.9333
r3d,case4_mixed,instagram,svd,Model_Ensemble (Soft Voting),0.4178,0.4667,0.6279,0.4821,0.9
r3d,case4_mixed,instagram,svd,Folds_Mean ± SD,0.4289 ± 0.0270,0.4567 ± 0.0190,0.6123 ± 0.0197,0.4760 ± 0.0100,0.8600 ± 0.0596
r3d,case4_mixed,kakao_normal,pika,Fold_1,0.8067,0.5167,0.6742,0.5085,1.0
r3d,case4_mixed,kakao_normal,pika,Fold_2,0.7722,0.5167,0.6742,0.5085,1.0
r3d,case4_mixed,kakao_normal,pika,Fold_3,0.8144,0.5,0.6667,0.5,1.0
r3d,case4_mixed,kakao_normal,pika,Fold_4,0.8872,0.5833,0.7059,0.5455,1.0
r3d,case4_mixed,kakao_normal,pika,Fold_5,0.7856,0.5167,0.6742,0.5085,1.0
r3d,case4_mixed,kakao_normal,pika,Model_Ensemble (Soft Voting),0.8811,0.5167,0.6742,0.5085,1.0
r3d,case4_mixed,kakao_normal,pika,Folds_Mean ± SD,0.8132 ± 0.0446,0.5267 ± 0.0325,0.6790 ± 0.0154,0.5142 ± 0.0179,1.0000 ± 0.0000
r3d,case4_mixed,kakao_normal,runway,Fold_1,0.6789,0.5167,0.6742,0.5085,1.0
r3d,case4_mixed,kakao_normal,runway,Fold_2,0.7056,0.5167,0.6742,0.5085,1.0
r3d,case4_mixed,kakao_normal,runway,Fold_3,0.8056,0.5,0.6667,0.5,1.0
r3d,case4_mixed,kakao_normal,runway,Fold_4,0.75,0.5833,0.7059,0.5455,1.0
r3d,case4_mixed,kakao_normal,runway,Fold_5,0.7667,0.5167,0.6742,0.5085,1.0
r3d,case4_mixed,kakao_normal,runway,Model_Ensemble (Soft Voting),0.74,0.5167,0.6742,0.5085,1.0
r3d,case4_mixed,kakao_normal,runway,Folds_Mean ± SD,0.7413 ± 0.0501,0.5267 ± 0.0325,0.6790 ± 0.0154,0.5142 ± 0.0179,1.0000 ± 0.0000
r3d,case4_mixed,kakao_normal,svd,Fold_1,0.3811,0.45,0.6118,0.4727,0.8667
r3d,case4_mixed,kakao_normal,svd,Fold_2,0.4244,0.4333,0.5952,0.463,0.8333
r3d,case4_mixed,kakao_normal,svd,Fold_3,0.4272,0.4333,0.6047,0.4643,0.8667
r3d,case4_mixed,kakao_normal,svd,Fold_4,0.4322,0.4667,0.5897,0.4792,0.7667
r3d,case4_mixed,kakao_normal,svd,Fold_5,0.4567,0.4833,0.6437,0.4912,0.9333
r3d,case4_mixed,kakao_normal,svd,Model_Ensemble (Soft Voting),0.4267,0.45,0.6118,0.4727,0.8667
r3d,case4_mixed,kakao_normal,svd,Folds_Mean ± SD,0.4243 ± 0.0273,0.4533 ± 0.0217,0.6090 ± 0.0212,0.4741 ± 0.0116,0.8533 ± 0.0606
r3d,case4_mixed,kakao_high,pika,Fold_1,0.8094,0.5167,0.6742,0.5085,1.0
r3d,case4_mixed,kakao_high,pika,Fold_2,0.78,0.5333,0.6818,0.5172,1.0
r3d,case4_mixed,kakao_high,pika,Fold_3,0.8111,0.5,0.6667,0.5,1.0
r3d,case4_mixed,kakao_high,pika,Fold_4,0.8867,0.5833,0.7059,0.5455,1.0
r3d,case4_mixed,kakao_high,pika,Fold_5,0.7917,0.5167,0.6742,0.5085,1.0
r3d,case4_mixed,kakao_high,pika,Model_Ensemble (Soft Voting),0.8867,0.5167,0.6742,0.5085,1.0
r3d,case4_mixed,kakao_high,pika,Folds_Mean ± SD,0.8158 ± 0.0417,0.5300 ± 0.0321,0.6805 ± 0.0151,0.5159 ± 0.0176,1.0000 ± 0.0000
r3d,case4_mixed,kakao_high,runway,Fold_1,0.6756,0.5167,0.6742,0.5085,1.0
r3d,case4_mixed,kakao_high,runway,Fold_2,0.6978,0.5333,0.6818,0.5172,1.0
r3d,case4_mixed,kakao_high,runway,Fold_3,0.8,0.5,0.6667,0.5,1.0
r3d,case4_mixed,kakao_high,runway,Fold_4,0.7422,0.5833,0.7059,0.5455,1.0
r3d,case4_mixed,kakao_high,runway,Fold_5,0.7667,0.5167,0.6742,0.5085,1.0
r3d,case4_mixed,kakao_high,runway,Model_Ensemble (Soft Voting),0.7333,0.5167,0.6742,0.5085,1.0
r3d,case4_mixed,kakao_high,runway,Folds_Mean ± SD,0.7364 ± 0.0505,0.5300 ± 0.0321,0.6805 ± 0.0151,0.5159 ± 0.0176,1.0000 ± 0.0000
r3d,case4_mixed,kakao_high,svd,Fold_1,0.38,0.45,0.6118,0.4727,0.8667
r3d,case4_mixed,kakao_high,svd,Fold_2,0.4194,0.45,0.6024,0.4717,0.8333
r3d,case4_mixed,kakao_high,svd,Fold_3,0.4222,0.4333,0.6047,0.4643,0.8667
r3d,case4_mixed,kakao_high,svd,Fold_4,0.4278,0.4667,0.5897,0.4792,0.7667
r3d,case4_mixed,kakao_high,svd,Fold_5,0.4522,0.4833,0.6437,0.4912,0.9333
r3d,case4_mixed,kakao_high,svd,Model_Ensemble (Soft Voting),0.4189,0.45,0.6118,0.4727,0.8667
r3d,case4_mixed,kakao_high,svd,Folds_Mean ± SD,0.4203 ± 0.0260,0.4567 ± 0.0190,0.6104 ± 0.0202,0.4758 ± 0.0101,0.8533 ± 0.0606
r2plus1d,case1_original,original,pika,Fold_1,0.5156,0.5167,0.6742,0.5085,1.0
r2plus1d,case1_original,original,pika,Fold_2,0.5956,0.5833,0.7059,0.5455,1.0
r2plus1d,case1_original,original,pika,Fold_3,0.6222,0.5167,0.6742,0.5085,1.0
r2plus1d,case1_original,original,pika,Fold_4,0.7622,0.6333,0.7105,0.587,0.9
r2plus1d,case1_original,original,pika,Fold_5,0.6889,0.55,0.6897,0.5263,1.0
r2plus1d,case1_original,original,pika,Model_Ensemble (Soft Voting),0.6589,0.55,0.6897,0.5263,1.0
r2plus1d,case1_original,original,pika,Folds_Mean ± SD,0.6369 ± 0.0936,0.5600 ± 0.0494,0.6909 ± 0.0171,0.5351 ± 0.0328,0.9800 ± 0.0447
r2plus1d,case1_original,original,runway,Fold_1,0.6356,0.5,0.6591,0.5,0.9667
r2plus1d,case1_original,original,runway,Fold_2,0.6567,0.5333,0.6585,0.5192,0.9
r2plus1d,case1_original,original,runway,Fold_3,0.6278,0.4667,0.6279,0.4821,0.9
r2plus1d,case1_original,original,runway,Fold_4,0.7789,0.6667,0.7436,0.6042,0.9667
r2plus1d,case1_original,original,runway,Fold_5,0.6778,0.5167,0.6588,0.5091,0.9333
r2plus1d,case1_original,original,runway,Model_Ensemble (Soft Voting),0.6478,0.5167,0.6588,0.5091,0.9333
r2plus1d,case1_original,original,runway,Folds_Mean ± SD,0.6753 ± 0.0611,0.5367 ± 0.0767,0.6696 ± 0.0435,0.5229 ± 0.0474,0.9333 ± 0.0333
r2plus1d,case1_original,original,svd,Fold_1,0.3611,0.45,0.6118,0.4727,0.8667
r2plus1d,case1_original,original,svd,Fold_2,0.4022,0.4667,0.5897,0.4792,0.7667
r2plus1d,case1_original,original,svd,Fold_3,0.3783,0.45,0.6118,0.4727,0.8667
r2plus1d,case1_original,original,svd,Fold_4,0.4589,0.4833,0.5373,0.4865,0.6
r2plus1d,case1_original,original,svd,Fold_5,0.4189,0.4167,0.557,0.449,0.7333
r2plus1d,case1_original,original,svd,Model_Ensemble (Soft Voting),0.3944,0.45,0.5926,0.4706,0.8
r2plus1d,case1_original,original,svd,Folds_Mean ± SD,0.4039 ± 0.0379,0.4533 ± 0.0247,0.5815 ± 0.0334,0.4720 ± 0.0141,0.7667 ± 0.1106
r2plus1d,case1_original,instagram,pika,Fold_1,0.5344,0.5333,0.6818,0.5172,1.0
r2plus1d,case1_original,instagram,pika,Fold_2,0.5778,0.5833,0.7059,0.5455,1.0
r2plus1d,case1_original,instagram,pika,Fold_3,0.6333,0.5333,0.6818,0.5172,1.0
r2plus1d,case1_original,instagram,pika,Fold_4,0.7489,0.6833,0.7595,0.6122,1.0
r2plus1d,case1_original,instagram,pika,Fold_5,0.7078,0.5667,0.6977,0.5357,1.0
r2plus1d,case1_original,instagram,pika,Model_Ensemble (Soft Voting),0.67,0.55,0.6897,0.5263,1.0
r2plus1d,case1_original,instagram,pika,Folds_Mean ± SD,0.6404 ± 0.0888,0.5800 ± 0.0617,0.7053 ± 0.0320,0.5456 ± 0.0392,1.0000 ± 0.0000
r2plus1d,case1_original,instagram,runway,Fold_1,0.6133,0.5333,0.6818,0.5172,1.0
r2plus1d,case1_original,instagram,runway,Fold_2,0.6433,0.55,0.6747,0.5283,0.9333
r2plus1d,case1_original,instagram,runway,Fold_3,0.6228,0.5333,0.6818,0.5172,1.0
r2plus1d,case1_original,instagram,runway,Fold_4,0.7522,0.65,0.7273,0.5957,0.9333
r2plus1d,case1_original,instagram,runway,Fold_5,0.6778,0.5333,0.6667,0.5185,0.9333
r2plus1d,case1_original,instagram,runway,Model_Ensemble (Soft Voting),0.6433,0.5333,0.6744,0.5179,0.9667
r2plus1d,case1_original,instagram,runway,Folds_Mean ± SD,0.6619 ± 0.0562,0.5600 ± 0.0508,0.6865 ± 0.0237,0.5354 ± 0.0340,0.9600 ± 0.0365
r2plus1d,case1_original,instagram,svd,Fold_1,0.3489,0.4667,0.619,0.4815,0.8667
r2plus1d,case1_original,instagram,svd,Fold_2,0.4011,0.4667,0.5897,0.4792,0.7667
r2plus1d,case1_original,instagram,svd,Fold_3,0.3867,0.4667,0.619,0.4815,0.8667
r2plus1d,case1_original,instagram,svd,Fold_4,0.4356,0.4667,0.5152,0.4722,0.5667
r2plus1d,case1_original,instagram,svd,Fold_5,0.4011,0.4667,0.6,0.48,0.8
r2plus1d,case1_original,instagram,svd,Model_Ensemble (Soft Voting),0.3844,0.4667,0.6098,0.4808,0.8333
r2plus1d,case1_original,instagram,svd,Folds_Mean ± SD,0.3947 ± 0.0313,0.4667 ± 0.0000,0.5886 ± 0.0430,0.4789 ± 0.0038,0.7733 ± 0.1234
r2plus1d,case1_original,kakao_normal,pika,Fold_1,0.5033,0.5167,0.6667,0.5088,0.9667
r2plus1d,case1_original,kakao_normal,pika,Fold_2,0.5767,0.5833,0.7059,0.5455,1.0
r2plus1d,case1_original,kakao_normal,pika,Fold_3,0.6133,0.5333,0.6818,0.5172,1.0
r2plus1d,case1_original,kakao_normal,pika,Fold_4,0.7122,0.6333,0.7179,0.5833,0.9333
r2plus1d,case1_original,kakao_normal,pika,Fold_5,0.6844,0.55,0.6897,0.5263,1.0
r2plus1d,case1_original,kakao_normal,pika,Model_Ensemble (Soft Voting),0.6522,0.5667,0.6977,0.5357,1.0
r2plus1d,case1_original,kakao_normal,pika,Folds_Mean ± SD,0.6180 ± 0.0839,0.5633 ± 0.0462,0.6924 ± 0.0201,0.5362 ± 0.0297,0.9800 ± 0.0298
r2plus1d,case1_original,kakao_normal,runway,Fold_1,0.6256,0.5333,0.6818,0.5172,1.0
r2plus1d,case1_original,kakao_normal,runway,Fold_2,0.65,0.55,0.6747,0.5283,0.9333
r2plus1d,case1_original,kakao_normal,runway,Fold_3,0.6256,0.5167,0.6667,0.5088,0.9667
r2plus1d,case1_original,kakao_normal,runway,Fold_4,0.7378,0.6167,0.7013,0.5745,0.9
r2plus1d,case1_original,kakao_normal,runway,Fold_5,0.6622,0.5167,0.6588,0.5091,0.9333
r2plus1d,case1_original,kakao_normal,runway,Model_Ensemble (Soft Voting),0.6444,0.5333,0.6667,0.5185,0.9333
r2plus1d,case1_original,kakao_normal,runway,Folds_Mean ± SD,0.6602 ± 0.0462,0.5467 ± 0.0415,0.6767 ± 0.0162,0.5276 ± 0.0274,0.9467 ± 0.0380
r2plus1d,case1_original,kakao_normal,svd,Fold_1,0.3456,0.4667,0.619,0.4815,0.8667
r2plus1d,case1_original,kakao_normal,svd,Fold_2,0.3856,0.4833,0.6076,0.4898,0.8
r2plus1d,case1_original,kakao_normal,svd,Fold_3,0.3678,0.4667,0.619,0.4815,0.8667
r2plus1d,case1_original,kakao_normal,svd,Fold_4,0.4267,0.45,0.5075,0.4595,0.5667
r2plus1d,case1_original,kakao_normal,svd,Fold_5,0.3878,0.45,0.5926,0.4706,0.8
r2plus1d,case1_original,kakao_normal,svd,Model_Ensemble (Soft Voting),0.3767,0.4833,0.6173,0.4902,0.8333
r2plus1d,case1_original,kakao_normal,svd,Folds_Mean ± SD,0.3827 ± 0.0299,0.4633 ± 0.0139,0.5891 ± 0.0469,0.4766 ± 0.0117,0.7800 ± 0.1238
r2plus1d,case1_original,kakao_high,pika,Fold_1,0.5,0.5,0.6512,0.5,0.9333
r2plus1d,case1_original,kakao_high,pika,Fold_2,0.5856,0.5833,0.7059,0.5455,1.0
r2plus1d,case1_original,kakao_high,pika,Fold_3,0.6067,0.5167,0.6742,0.5085,1.0
r2plus1d,case1_original,kakao_high,pika,Fold_4,0.7233,0.6167,0.7013,0.5745,0.9
r2plus1d,case1_original,kakao_high,pika,Fold_5,0.6822,0.55,0.6897,0.5263,1.0
r2plus1d,case1_original,kakao_high,pika,Model_Ensemble (Soft Voting),0.6478,0.5667,0.6977,0.5357,1.0
r2plus1d,case1_original,kakao_high,pika,Folds_Mean ± SD,0.6196 ± 0.0871,0.5533 ± 0.0477,0.6844 ± 0.0223,0.5309 ± 0.0300,0.9667 ± 0.0471
r2plus1d,case1_original,kakao_high,runway,Fold_1,0.63,0.5167,0.6667,0.5088,0.9667
r2plus1d,case1_original,kakao_high,runway,Fold_2,0.6606,0.5333,0.6585,0.5192,0.9
r2plus1d,case1_original,kakao_high,runway,Fold_3,0.6333,0.4833,0.6437,0.4912,0.9333
r2plus1d,case1_original,kakao_high,runway,Fold_4,0.7467,0.6167,0.7013,0.5745,0.9
r2plus1d,case1_original,kakao_high,runway,Fold_5,0.6756,0.5167,0.6588,0.5091,0.9333
r2plus1d,case1_original,kakao_high,runway,Model_Ensemble (Soft Voting),0.6533,0.5333,0.6667,0.5185,0.9333
r2plus1d,case1_original,kakao_high,runway,Folds_Mean ± SD,0.6692 ± 0.0473,0.5333 ± 0.0500,0.6658 ± 0.0215,0.5206 ± 0.0318,0.9267 ± 0.0279
r2plus1d,case1_original,kakao_high,svd,Fold_1,0.34,0.4333,0.5854,0.4615,0.8
r2plus1d,case1_original,kakao_high,svd,Fold_2,0.3844,0.45,0.5714,0.4681,0.7333
r2plus1d,case1_original,kakao_high,svd,Fold_3,0.3672,0.45,0.6118,0.4727,0.8667
r2plus1d,case1_original,kakao_high,svd,Fold_4,0.4222,0.4667,0.5294,0.4737,0.6
r2plus1d,case1_original,kakao_high,svd,Fold_5,0.3944,0.4167,0.557,0.449,0.7333
r2plus1d,case1_original,kakao_high,svd,Model_Ensemble (Soft Voting),0.3756,0.4667,0.6,0.48,0.8
r2plus1d,case1_original,kakao_high,svd,Folds_Mean ± SD,0.3817 ± 0.0307,0.4433 ± 0.0190,0.5710 ± 0.0308,0.4650 ± 0.0102,0.7467 ± 0.0989
r2plus1d,case4_mixed,original,pika,Fold_1,0.5644,0.5,0.6667,0.5,1.0
r2plus1d,case4_mixed,original,pika,Fold_2,0.6267,0.5167,0.6742,0.5085,1.0
r2plus1d,case4_mixed,original,pika,Fold_3,0.6989,0.5,0.6667,0.5,1.0
r2plus1d,case4_mixed,original,pika,Fold_4,0.7778,0.6667,0.75,0.6,1.0
r2plus1d,case4_mixed,original,pika,Fold_5,0.7289,0.5167,0.6742,0.5085,1.0
r2plus1d,case4_mixed,original,pika,Model_Ensemble (Soft Voting),0.7378,0.5167,0.6742,0.5085,1.0
r2plus1d,case4_mixed,original,pika,Folds_Mean ± SD,0.6793 ± 0.0844,0.5400 ± 0.0713,0.6863 ± 0.0358,0.5234 ± 0.0430,1.0000 ± 0.0000
r2plus1d,case4_mixed,original,runway,Fold_1,0.5922,0.5,0.6667,0.5,1.0
r2plus1d,case4_mixed,original,runway,Fold_2,0.6144,0.5167,0.6742,0.5085,1.0
r2plus1d,case4_mixed,original,runway,Fold_3,0.5922,0.5,0.6667,0.5,1.0
r2plus1d,case4_mixed,original,runway,Fold_4,0.8078,0.65,0.7342,0.5918,0.9667
r2plus1d,case4_mixed,original,runway,Fold_5,0.6389,0.5167,0.6742,0.5085,1.0
r2plus1d,case4_mixed,original,runway,Model_Ensemble (Soft Voting),0.6489,0.5167,0.6742,0.5085,1.0
r2plus1d,case4_mixed,original,runway,Folds_Mean ± SD,0.6491 ± 0.0908,0.5367 ± 0.0639,0.6832 ± 0.0288,0.5218 ± 0.0394,0.9933 ± 0.0149
r2plus1d,case4_mixed,original,svd,Fold_1,0.3767,0.45,0.6207,0.4737,0.9
r2plus1d,case4_mixed,original,svd,Fold_2,0.3933,0.45,0.6118,0.4727,0.8667
r2plus1d,case4_mixed,original,svd,Fold_3,0.39,0.45,0.6207,0.4737,0.9
r2plus1d,case4_mixed,original,svd,Fold_4,0.4756,0.4833,0.5507,0.4872,0.6333
r2plus1d,case4_mixed,original,svd,Fold_5,0.3911,0.4167,0.5783,0.4528,0.8
r2plus1d,case4_mixed,original,svd,Model_Ensemble (Soft Voting),0.4111,0.4667,0.6279,0.4821,0.9
r2plus1d,case4_mixed,original,svd,Folds_Mean ± SD,0.4053 ± 0.0398,0.4500 ± 0.0236,0.5964 ± 0.0309,0.4720 ± 0.0123,0.8200 ± 0.1121
r2plus1d,case4_mixed,instagram,pika,Fold_1,0.5733,0.5167,0.6742,0.5085,1.0
r2plus1d,case4_mixed,instagram,pika,Fold_2,0.62,0.5167,0.6742,0.5085,1.0
r2plus1d,case4_mixed,instagram,pika,Fold_3,0.7056,0.5167,0.6742,0.5085,1.0
r2plus1d,case4_mixed,instagram,pika,Fold_4,0.8211,0.6667,0.75,0.6,1.0
r2plus1d,case4_mixed,instagram,pika,Fold_5,0.7333,0.5167,0.6742,0.5085,1.0
r2plus1d,case4_mixed,instagram,pika,Model_Ensemble (Soft Voting),0.7689,0.5167,0.6742,0.5085,1.0
r2plus1d,case4_mixed,instagram,pika,Folds_Mean ± SD,0.6907 ± 0.0972,0.5467 ± 0.0671,0.6893 ± 0.0339,0.5268 ± 0.0409,1.0000 ± 0.0000
r2plus1d,case4_mixed,instagram,runway,Fold_1,0.5972,0.5167,0.6742,0.5085,1.0
r2plus1d,case4_mixed,instagram,runway,Fold_2,0.6122,0.5167,0.6742,0.5085,1.0
r2plus1d,case4_mixed,instagram,runway,Fold_3,0.5983,0.5167,0.6742,0.5085,1.0
r2plus1d,case4_mixed,instagram,runway,Fold_4,0.7856,0.6667,0.75,0.6,1.0
r2plus1d,case4_mixed,instagram,runway,Fold_5,0.6356,0.5167,0.6742,0.5085,1.0
r2plus1d,case4_mixed,instagram,runway,Model_Ensemble (Soft Voting),0.64,0.5167,0.6742,0.5085,1.0
r2plus1d,case4_mixed,instagram,runway,Folds_Mean ± SD,0.6458 ± 0.0797,0.5467 ± 0.0671,0.6893 ± 0.0339,0.5268 ± 0.0409,1.0000 ± 0.0000
r2plus1d,case4_mixed,instagram,svd,Fold_1,0.3794,0.4667,0.6279,0.4821,0.9
r2plus1d,case4_mixed,instagram,svd,Fold_2,0.4022,0.45,0.6118,0.4727,0.8667
r2plus1d,case4_mixed,instagram,svd,Fold_3,0.3994,0.4667,0.6279,0.4821,0.9
r2plus1d,case4_mixed,instagram,svd,Fold_4,0.4756,0.5167,0.5915,0.5122,0.7
r2plus1d,case4_mixed,instagram,svd,Fold_5,0.4011,0.45,0.6118,0.4727,0.8667
r2plus1d,case4_mixed,instagram,svd,Model_Ensemble (Soft Voting),0.4056,0.4667,0.6279,0.4821,0.9
r2plus1d,case4_mixed,instagram,svd,Folds_Mean ± SD,0.4116 ± 0.0370,0.4700 ± 0.0274,0.6142 ± 0.0150,0.4844 ± 0.0162,0.8467 ± 0.0837
r2plus1d,case4_mixed,kakao_normal,pika,Fold_1,0.5811,0.5167,0.6742,0.5085,1.0
r2plus1d,case4_mixed,kakao_normal,pika,Fold_2,0.6339,0.5167,0.6742,0.5085,1.0
r2plus1d,case4_mixed,kakao_normal,pika,Fold_3,0.7111,0.5167,0.6742,0.5085,1.0
r2plus1d,case4_mixed,kakao_normal,pika,Fold_4,0.8128,0.6667,0.75,0.6,1.0
r2plus1d,case4_mixed,kakao_normal,pika,Fold_5,0.7344,0.5167,0.6742,0.5085,1.0
r2plus1d,case4_mixed,kakao_normal,pika,Model_Ensemble (Soft Voting),0.7556,0.5167,0.6742,0.5085,1.0
r2plus1d,case4_mixed,kakao_normal,pika,Folds_Mean ± SD,0.6947 ± 0.0900,0.5467 ± 0.0671,0.6893 ± 0.0339,0.5268 ± 0.0409,1.0000 ± 0.0000
r2plus1d,case4_mixed,kakao_normal,runway,Fold_1,0.5944,0.5167,0.6742,0.5085,1.0
r2plus1d,case4_mixed,kakao_normal,runway,Fold_2,0.6122,0.5167,0.6742,0.5085,1.0
r2plus1d,case4_mixed,kakao_normal,runway,Fold_3,0.5928,0.5167,0.6742,0.5085,1.0
r2plus1d,case4_mixed,kakao_normal,runway,Fold_4,0.7911,0.65,0.7342,0.5918,0.9667
r2plus1d,case4_mixed,kakao_normal,runway,Fold_5,0.6333,0.5167,0.6742,0.5085,1.0
r2plus1d,case4_mixed,kakao_normal,runway,Model_Ensemble (Soft Voting),0.6344,0.5167,0.6742,0.5085,1.0
r2plus1d,case4_mixed,kakao_normal,runway,Folds_Mean ± SD,0.6448 ± 0.0834,0.5433 ± 0.0596,0.6862 ± 0.0268,0.5251 ± 0.0373,0.9933 ± 0.0149
r2plus1d,case4_mixed,kakao_normal,svd,Fold_1,0.3828,0.4667,0.6279,0.4821,0.9
r2plus1d,case4_mixed,kakao_normal,svd,Fold_2,0.41,0.45,0.6118,0.4727,0.8667
r2plus1d,case4_mixed,kakao_normal,svd,Fold_3,0.3989,0.4667,0.6279,0.4821,0.9
r2plus1d,case4_mixed,kakao_normal,svd,Fold_4,0.4711,0.4833,0.5507,0.4872,0.6333
r2plus1d,case4_mixed,kakao_normal,svd,Fold_5,0.3967,0.4167,0.5783,0.4528,0.8
r2plus1d,case4_mixed,kakao_normal,svd,Model_Ensemble (Soft Voting),0.41,0.4667,0.6279,0.4821,0.9
r2plus1d,case4_mixed,kakao_normal,svd,Folds_Mean ± SD,0.4119 ± 0.0345,0.4567 ± 0.0253,0.5993 ± 0.0339,0.4754 ± 0.0137,0.8200 ± 0.1121
r2plus1d,case4_mixed,kakao_high,pika,Fold_1,0.5522,0.5,0.6667,0.5,1.0
r2plus1d,case4_mixed,kakao_high,pika,Fold_2,0.6244,0.5167,0.6742,0.5085,1.0
r2plus1d,case4_mixed,kakao_high,pika,Fold_3,0.6833,0.5167,0.6742,0.5085,1.0
r2plus1d,case4_mixed,kakao_high,pika,Fold_4,0.7778,0.6833,0.7595,0.6122,1.0
r2plus1d,case4_mixed,kakao_high,pika,Fold_5,0.7189,0.5167,0.6742,0.5085,1.0
r2plus1d,case4_mixed,kakao_high,pika,Model_Ensemble (Soft Voting),0.7344,0.5167,0.6742,0.5085,1.0
r2plus1d,case4_mixed,kakao_high,pika,Folds_Mean ± SD,0.6713 ± 0.0868,0.5467 ± 0.0767,0.6897 ± 0.0391,0.5275 ± 0.0475,1.0000 ± 0.0000
r2plus1d,case4_mixed,kakao_high,runway,Fold_1,0.5844,0.5,0.6667,0.5,1.0
r2plus1d,case4_mixed,kakao_high,runway,Fold_2,0.6144,0.5167,0.6742,0.5085,1.0
r2plus1d,case4_mixed,kakao_high,runway,Fold_3,0.5933,0.5167,0.6742,0.5085,1.0
r2plus1d,case4_mixed,kakao_high,runway,Fold_4,0.7956,0.6667,0.7436,0.6042,0.9667
r2plus1d,case4_mixed,kakao_high,runway,Fold_5,0.6367,0.5167,0.6742,0.5085,1.0
r2plus1d,case4_mixed,kakao_high,runway,Model_Ensemble (Soft Voting),0.6378,0.5167,0.6742,0.5085,1.0
r2plus1d,case4_mixed,kakao_high,runway,Folds_Mean ± SD,0.6449 ± 0.0866,0.5433 ± 0.0693,0.6865 ± 0.0321,0.5259 ± 0.0439,0.9933 ± 0.0149
r2plus1d,case4_mixed,kakao_high,svd,Fold_1,0.3722,0.45,0.6207,0.4737,0.9
r2plus1d,case4_mixed,kakao_high,svd,Fold_2,0.3978,0.45,0.6118,0.4727,0.8667
r2plus1d,case4_mixed,kakao_high,svd,Fold_3,0.3844,0.4667,0.6279,0.4821,0.9
r2plus1d,case4_mixed,kakao_high,svd,Fold_4,0.4633,0.5167,0.5797,0.5128,0.6667
r2plus1d,case4_mixed,kakao_high,svd,Fold_5,0.3906,0.4167,0.5783,0.4528,0.8
r2plus1d,case4_mixed,kakao_high,svd,Model_Ensemble (Soft Voting),0.4033,0.4667,0.6279,0.4821,0.9
r2plus1d,case4_mixed,kakao_high,svd,Folds_Mean ± SD,0.4017 ± 0.0357,0.4600 ± 0.0365,0.6037 ± 0.0232,0.4788 ± 0.0218,0.8267 ± 0.0983
videomae,case1_original,original,pika,Fold_1,0.8367,0.65,0.7407,0.5882,1.0
videomae,case1_original,original,pika,Fold_2,0.8478,0.7333,0.7895,0.6522,1.0
videomae,case1_original,original,pika,Fold_3,0.8133,0.7333,0.7895,0.6522,1.0
videomae,case1_original,original,pika,Fold_4,0.8367,0.7,0.7692,0.625,1.0
videomae,case1_original,original,pika,Fold_5,0.8522,0.6167,0.7229,0.566,1.0
videomae,case1_original,original,pika,Model_Ensemble (Soft Voting),0.8533,0.7333,0.7895,0.6522,1.0
videomae,case1_original,original,pika,Folds_Mean ± SD,0.8373 ± 0.0151,0.6867 ± 0.0519,0.7624 ± 0.0298,0.6167 ± 0.0386,1.0000 ± 0.0000
videomae,case1_original,original,runway,Fold_1,0.8967,0.65,0.7407,0.5882,1.0
videomae,case1_original,original,runway,Fold_2,0.8511,0.7333,0.7895,0.6522,1.0
videomae,case1_original,original,runway,Fold_3,0.915,0.7333,0.7895,0.6522,1.0
videomae,case1_original,original,runway,Fold_4,0.8667,0.7,0.7692,0.625,1.0
videomae,case1_original,original,runway,Fold_5,0.9256,0.6167,0.7229,0.566,1.0
videomae,case1_original,original,runway,Model_Ensemble (Soft Voting),0.8944,0.7333,0.7895,0.6522,1.0
videomae,case1_original,original,runway,Folds_Mean ± SD,0.8910 ± 0.0316,0.6867 ± 0.0519,0.7624 ± 0.0298,0.6167 ± 0.0386,1.0000 ± 0.0000
videomae,case1_original,original,svd,Fold_1,0.6911,0.5833,0.6753,0.5532,0.8667
videomae,case1_original,original,svd,Fold_2,0.6756,0.6333,0.6857,0.6,0.8
videomae,case1_original,original,svd,Fold_3,0.6644,0.6333,0.6857,0.6,0.8
videomae,case1_original,original,svd,Fold_4,0.65,0.6167,0.6849,0.5814,0.8333
videomae,case1_original,original,svd,Fold_5,0.6489,0.5167,0.6234,0.5106,0.8
videomae,case1_original,original,svd,Model_Ensemble (Soft Voting),0.6856,0.6667,0.7222,0.619,0.8667
videomae,case1_original,original,svd,Folds_Mean ± SD,0.6660 ± 0.0178,0.5967 ± 0.0492,0.6710 ± 0.0270,0.5690 ± 0.0379,0.8200 ± 0.0298
videomae,case1_original,instagram,pika,Fold_1,0.8256,0.6333,0.7317,0.5769,1.0
videomae,case1_original,instagram,pika,Fold_2,0.8256,0.7333,0.7895,0.6522,1.0
videomae,case1_original,instagram,pika,Fold_3,0.8067,0.7167,0.7792,0.6383,1.0
videomae,case1_original,instagram,pika,Fold_4,0.8311,0.6333,0.7317,0.5769,1.0
videomae,case1_original,instagram,pika,Fold_5,0.8422,0.6333,0.7317,0.5769,1.0
videomae,case1_original,instagram,pika,Model_Ensemble (Soft Voting),0.84,0.6667,0.75,0.6,1.0
videomae,case1_original,instagram,pika,Folds_Mean ± SD,0.8262 ± 0.0129,0.6700 ± 0.0506,0.7528 ± 0.0291,0.6042 ± 0.0377,1.0000 ± 0.0000
videomae,case1_original,instagram,runway,Fold_1,0.8878,0.6333,0.7317,0.5769,1.0
videomae,case1_original,instagram,runway,Fold_2,0.8578,0.7333,0.7895,0.6522,1.0
videomae,case1_original,instagram,runway,Fold_3,0.8956,0.7167,0.7792,0.6383,1.0
videomae,case1_original,instagram,runway,Fold_4,0.8556,0.6333,0.7317,0.5769,1.0
videomae,case1_original,instagram,runway,Fold_5,0.9244,0.6333,0.7317,0.5769,1.0
videomae,case1_original,instagram,runway,Model_Ensemble (Soft Voting),0.8978,0.6667,0.75,0.6,1.0
videomae,case1_original,instagram,runway,Folds_Mean ± SD,0.8842 ± 0.0286,0.6700 ± 0.0506,0.7528 ± 0.0291,0.6042 ± 0.0377,1.0000 ± 0.0000
videomae,case1_original,instagram,svd,Fold_1,0.6556,0.55,0.6494,0.5319,0.8333
videomae,case1_original,instagram,svd,Fold_2,0.6289,0.65,0.7042,0.6098,0.8333
videomae,case1_original,instagram,svd,Fold_3,0.635,0.6167,0.6761,0.5854,0.8
videomae,case1_original,instagram,svd,Fold_4,0.6222,0.5333,0.6316,0.5217,0.8
videomae,case1_original,instagram,svd,Fold_5,0.6267,0.55,0.6494,0.5319,0.8333
videomae,case1_original,instagram,svd,Model_Ensemble (Soft Voting),0.6389,0.6,0.6842,0.5652,0.8667
videomae,case1_original,instagram,svd,Folds_Mean ± SD,0.6337 ± 0.0131,0.5800 ± 0.0506,0.6621 ± 0.0284,0.5561 ± 0.0390,0.8200 ± 0.0183
videomae,case1_original,kakao_normal,pika,Fold_1,0.8278,0.6333,0.7317,0.5769,1.0
videomae,case1_original,kakao_normal,pika,Fold_2,0.8428,0.7333,0.7895,0.6522,1.0
videomae,case1_original,kakao_normal,pika,Fold_3,0.8117,0.7167,0.7792,0.6383,1.0
videomae,case1_original,kakao_normal,pika,Fold_4,0.8356,0.6833,0.7595,0.6122,1.0
videomae,case1_original,kakao_normal,pika,Fold_5,0.8556,0.6167,0.7229,0.566,1.0
videomae,case1_original,kakao_normal,pika,Model_Ensemble (Soft Voting),0.8489,0.7,0.7692,0.625,1.0
videomae,case1_original,kakao_normal,pika,Folds_Mean ± SD,0.8347 ± 0.0164,0.6767 ± 0.0508,0.7566 ± 0.0290,0.6091 ± 0.0374,1.0000 ± 0.0000
videomae,case1_original,kakao_normal,runway,Fold_1,0.895,0.6333,0.7317,0.5769,1.0
videomae,case1_original,kakao_normal,runway,Fold_2,0.8544,0.7333,0.7895,0.6522,1.0
videomae,case1_original,kakao_normal,runway,Fold_3,0.9033,0.7167,0.7792,0.6383,1.0
videomae,case1_original,kakao_normal,runway,Fold_4,0.8578,0.6833,0.7595,0.6122,1.0
videomae,case1_original,kakao_normal,runway,Fold_5,0.9278,0.6167,0.7229,0.566,1.0
videomae,case1_original,kakao_normal,runway,Model_Ensemble (Soft Voting),0.8956,0.7,0.7692,0.625,1.0
videomae,case1_original,kakao_normal,runway,Folds_Mean ± SD,0.8877 ± 0.0312,0.6767 ± 0.0508,0.7566 ± 0.0290,0.6091 ± 0.0374,1.0000 ± 0.0000
videomae,case1_original,kakao_normal,svd,Fold_1,0.6633,0.55,0.6494,0.5319,0.8333
videomae,case1_original,kakao_normal,svd,Fold_2,0.64,0.65,0.7042,0.6098,0.8333
videomae,case1_original,kakao_normal,svd,Fold_3,0.65,0.6167,0.6761,0.5854,0.8
videomae,case1_original,kakao_normal,svd,Fold_4,0.6178,0.5833,0.6575,0.5581,0.8
videomae,case1_original,kakao_normal,svd,Fold_5,0.6267,0.5167,0.6234,0.5106,0.8
videomae,case1_original,kakao_normal,svd,Model_Ensemble (Soft Voting),0.6622,0.6333,0.7027,0.5909,0.8667
videomae,case1_original,kakao_normal,svd,Folds_Mean ± SD,0.6396 ± 0.0181,0.5833 ± 0.0527,0.6621 ± 0.0302,0.5592 ± 0.0398,0.8133 ± 0.0183
videomae,case1_original,kakao_high,pika,Fold_1,0.8344,0.6667,0.75,0.6,1.0
videomae,case1_original,kakao_high,pika,Fold_2,0.8422,0.7333,0.7895,0.6522,1.0
videomae,case1_original,kakao_high,pika,Fold_3,0.8144,0.7333,0.7895,0.6522,1.0
videomae,case1_original,kakao_high,pika,Fold_4,0.8333,0.7,0.7692,0.625,1.0
videomae,case1_original,kakao_high,pika,Fold_5,0.8522,0.6333,0.7317,0.5769,1.0
videomae,case1_original,kakao_high,pika,Model_Ensemble (Soft Voting),0.8511,0.7167,0.7792,0.6383,1.0
videomae,case1_original,kakao_high,pika,Folds_Mean ± SD,0.8353 ± 0.0139,0.6933 ± 0.0435,0.7660 ± 0.0252,0.6213 ± 0.0330,1.0000 ± 0.0000
videomae,case1_original,kakao_high,runway,Fold_1,0.8956,0.6667,0.75,0.6,1.0
videomae,case1_original,kakao_high,runway,Fold_2,0.85,0.7333,0.7895,0.6522,1.0
videomae,case1_original,kakao_high,runway,Fold_3,0.9133,0.7333,0.7895,0.6522,1.0
videomae,case1_original,kakao_high,runway,Fold_4,0.8617,0.7,0.7692,0.625,1.0
videomae,case1_original,kakao_high,runway,Fold_5,0.9211,0.6333,0.7317,0.5769,1.0
videomae,case1_original,kakao_high,runway,Model_Ensemble (Soft Voting),0.8956,0.7167,0.7792,0.6383,1.0
videomae,case1_original,kakao_high,runway,Folds_Mean ± SD,0.8883 ± 0.0314,0.6933 ± 0.0435,0.7660 ± 0.0252,0.6213 ± 0.0330,1.0000 ± 0.0000
videomae,case1_original,kakao_high,svd,Fold_1,0.6867,0.6,0.6842,0.5652,0.8667
videomae,case1_original,kakao_high,svd,Fold_2,0.67,0.6333,0.6857,0.6,0.8
videomae,case1_original,kakao_high,svd,Fold_3,0.6589,0.6333,0.6857,0.6,0.8
videomae,case1_original,kakao_high,svd,Fold_4,0.6422,0.6,0.6667,0.5714,0.8
videomae,case1_original,kakao_high,svd,Fold_5,0.6456,0.55,0.6494,0.5319,0.8333
videomae,case1_original,kakao_high,svd,Model_Ensemble (Soft Voting),0.6822,0.6333,0.6944,0.5952,0.8333
videomae,case1_original,kakao_high,svd,Folds_Mean ± SD,0.6607 ± 0.0183,0.6033 ± 0.0342,0.6743 ± 0.0161,0.5737 ± 0.0283,0.8200 ± 0.0298
videomae,case4_mixed,original,pika,Fold_1,0.8144,0.55,0.6897,0.5263,1.0
videomae,case4_mixed,original,pika,Fold_2,0.7933,0.6667,0.75,0.6,1.0
videomae,case4_mixed,original,pika,Fold_3,0.7922,0.6333,0.7317,0.5769,1.0
videomae,case4_mixed,original,pika,Fold_4,0.7967,0.5667,0.6977,0.5357,1.0
videomae,case4_mixed,original,pika,Fold_5,0.8322,0.5833,0.7059,0.5455,1.0
videomae,case4_mixed,original,pika,Model_Ensemble (Soft Voting),0.8256,0.5667,0.6977,0.5357,1.0
videomae,case4_mixed,original,pika,Folds_Mean ± SD,0.8058 ± 0.0173,0.6000 ± 0.0486,0.7150 ± 0.0251,0.5569 ± 0.0307,1.0000 ± 0.0000
videomae,case4_mixed,original,runway,Fold_1,0.8756,0.55,0.6897,0.5263,1.0
videomae,case4_mixed,original,runway,Fold_2,0.8156,0.6667,0.75,0.6,1.0
videomae,case4_mixed,original,runway,Fold_3,0.8656,0.6333,0.7317,0.5769,1.0
videomae,case4_mixed,original,runway,Fold_4,0.8467,0.5667,0.6977,0.5357,1.0
videomae,case4_mixed,original,runway,Fold_5,0.9256,0.5833,0.7059,0.5455,1.0
videomae,case4_mixed,original,runway,Model_Ensemble (Soft Voting),0.8767,0.5667,0.6977,0.5357,1.0
videomae,case4_mixed,original,runway,Folds_Mean ± SD,0.8658 ± 0.0405,0.6000 ± 0.0486,0.7150 ± 0.0251,0.5569 ± 0.0307,1.0000 ± 0.0000
videomae,case4_mixed,original,svd,Fold_1,0.5844,0.4667,0.6098,0.4808,0.8333
videomae,case4_mixed,original,svd,Fold_2,0.5567,0.5667,0.6486,0.5455,0.8
videomae,case4_mixed,original,svd,Fold_3,0.5333,0.5333,0.6316,0.5217,0.8
videomae,case4_mixed,original,svd,Fold_4,0.5644,0.5167,0.6506,0.5094,0.9
videomae,case4_mixed,original,svd,Fold_5,0.55,0.5,0.625,0.5,0.8333
videomae,case4_mixed,original,svd,Model_Ensemble (Soft Voting),0.5544,0.4833,0.6173,0.4902,0.8333
videomae,case4_mixed,original,svd,Folds_Mean ± SD,0.5578 ± 0.0188,0.5167 ± 0.0373,0.6331 ± 0.0170,0.5115 ± 0.0242,0.8333 ± 0.0408
videomae,case4_mixed,instagram,pika,Fold_1,0.8067,0.55,0.6897,0.5263,1.0
videomae,case4_mixed,instagram,pika,Fold_2,0.7744,0.6667,0.75,0.6,1.0
videomae,case4_mixed,instagram,pika,Fold_3,0.79,0.6333,0.7317,0.5769,1.0
videomae,case4_mixed,instagram,pika,Fold_4,0.79,0.55,0.6897,0.5263,1.0
videomae,case4_mixed,instagram,pika,Fold_5,0.8172,0.5833,0.7059,0.5455,1.0
videomae,case4_mixed,instagram,pika,Model_Ensemble (Soft Voting),0.8189,0.5833,0.7059,0.5455,1.0
videomae,case4_mixed,instagram,pika,Folds_Mean ± SD,0.7957 ± 0.0166,0.5967 ± 0.0519,0.7134 ± 0.0267,0.5550 ± 0.0326,1.0000 ± 0.0000
videomae,case4_mixed,instagram,runway,Fold_1,0.8689,0.55,0.6897,0.5263,1.0
videomae,case4_mixed,instagram,runway,Fold_2,0.8133,0.6667,0.75,0.6,1.0
videomae,case4_mixed,instagram,runway,Fold_3,0.8544,0.6333,0.7317,0.5769,1.0
videomae,case4_mixed,instagram,runway,Fold_4,0.8444,0.55,0.6897,0.5263,1.0
videomae,case4_mixed,instagram,runway,Fold_5,0.9156,0.5833,0.7059,0.5455,1.0
videomae,case4_mixed,instagram,runway,Model_Ensemble (Soft Voting),0.87,0.5833,0.7059,0.5455,1.0
videomae,case4_mixed,instagram,runway,Folds_Mean ± SD,0.8593 ± 0.0375,0.5967 ± 0.0519,0.7134 ± 0.0267,0.5550 ± 0.0326,1.0000 ± 0.0000
videomae,case4_mixed,instagram,svd,Fold_1,0.5744,0.4833,0.6265,0.4906,0.8667
videomae,case4_mixed,instagram,svd,Fold_2,0.56,0.5667,0.6486,0.5455,0.8
videomae,case4_mixed,instagram,svd,Fold_3,0.5289,0.55,0.6494,0.5319,0.8333
videomae,case4_mixed,instagram,svd,Fold_4,0.5528,0.5,0.6429,0.5,0.9
videomae,case4_mixed,instagram,svd,Fold_5,0.545,0.5,0.625,0.5,0.8333
videomae,case4_mixed,instagram,svd,Model_Ensemble (Soft Voting),0.5544,0.5,0.625,0.5,0.8333
videomae,case4_mixed,instagram,svd,Folds_Mean ± SD,0.5522 ± 0.0170,0.5200 ± 0.0361,0.6385 ± 0.0119,0.5136 ± 0.0237,0.8467 ± 0.0380
videomae,case4_mixed,kakao_normal,pika,Fold_1,0.8133,0.55,0.6897,0.5263,1.0
videomae,case4_mixed,kakao_normal,pika,Fold_2,0.7778,0.6667,0.75,0.6,1.0
videomae,case4_mixed,kakao_normal,pika,Fold_3,0.79,0.65,0.7407,0.5882,1.0
videomae,case4_mixed,kakao_normal,pika,Fold_4,0.7917,0.55,0.6897,0.5263,1.0
videomae,case4_mixed,kakao_normal,pika,Fold_5,0.8278,0.5833,0.7059,0.5455,1.0
videomae,case4_mixed,kakao_normal,pika,Model_Ensemble (Soft Voting),0.8178,0.5833,0.7059,0.5455,1.0
videomae,case4_mixed,kakao_normal,pika,Folds_Mean ± SD,0.8001 ± 0.0201,0.6000 ± 0.0553,0.7152 ± 0.0285,0.5573 ± 0.0348,1.0000 ± 0.0000
videomae,case4_mixed,kakao_normal,runway,Fold_1,0.8711,0.55,0.6897,0.5263,1.0
videomae,case4_mixed,kakao_normal,runway,Fold_2,0.8033,0.6667,0.75,0.6,1.0
videomae,case4_mixed,kakao_normal,runway,Fold_3,0.8556,0.65,0.7407,0.5882,1.0
videomae,case4_mixed,kakao_normal,runway,Fold_4,0.8417,0.55,0.6897,0.5263,1.0
videomae,case4_mixed,kakao_normal,runway,Fold_5,0.92,0.5833,0.7059,0.5455,1.0
videomae,case4_mixed,kakao_normal,runway,Model_Ensemble (Soft Voting),0.8689,0.5833,0.7059,0.5455,1.0
videomae,case4_mixed,kakao_normal,runway,Folds_Mean ± SD,0.8583 ± 0.0427,0.6000 ± 0.0553,0.7152 ± 0.0285,0.5573 ± 0.0348,1.0000 ± 0.0000
videomae,case4_mixed,kakao_normal,svd,Fold_1,0.5856,0.4667,0.6098,0.4808,0.8333
videomae,case4_mixed,kakao_normal,svd,Fold_2,0.5456,0.5667,0.6486,0.5455,0.8
videomae,case4_mixed,kakao_normal,svd,Fold_3,0.5267,0.55,0.64,0.5333,0.8
videomae,case4_mixed,kakao_normal,svd,Fold_4,0.5622,0.5,0.6429,0.5,0.9
videomae,case4_mixed,kakao_normal,svd,Fold_5,0.5428,0.5,0.625,0.5,0.8333
videomae,case4_mixed,kakao_normal,svd,Model_Ensemble (Soft Voting),0.55,0.5,0.625,0.5,0.8333
videomae,case4_mixed,kakao_normal,svd,Folds_Mean ± SD,0.5526 ± 0.0223,0.5167 ± 0.0408,0.6333 ± 0.0158,0.5119 ± 0.0266,0.8333 ± 0.0408
videomae,case4_mixed,kakao_high,pika,Fold_1,0.8128,0.55,0.6897,0.5263,1.0
videomae,case4_mixed,kakao_high,pika,Fold_2,0.7922,0.6667,0.75,0.6,1.0
videomae,case4_mixed,kakao_high,pika,Fold_3,0.7889,0.6333,0.7317,0.5769,1.0
videomae,case4_mixed,kakao_high,pika,Fold_4,0.7867,0.55,0.6897,0.5263,1.0
videomae,case4_mixed,kakao_high,pika,Fold_5,0.83,0.6,0.7143,0.5556,1.0
videomae,case4_mixed,kakao_high,pika,Model_Ensemble (Soft Voting),0.8256,0.5833,0.7059,0.5455,1.0
videomae,case4_mixed,kakao_high,pika,Folds_Mean ± SD,0.8021 ± 0.0187,0.6000 ± 0.0514,0.7151 ± 0.0264,0.5570 ± 0.0321,1.0000 ± 0.0000
videomae,case4_mixed,kakao_high,runway,Fold_1,0.8789,0.55,0.6897,0.5263,1.0
videomae,case4_mixed,kakao_high,runway,Fold_2,0.8133,0.6667,0.75,0.6,1.0
videomae,case4_mixed,kakao_high,runway,Fold_3,0.8644,0.6333,0.7317,0.5769,1.0
videomae,case4_mixed,kakao_high,runway,Fold_4,0.8467,0.55,0.6897,0.5263,1.0
videomae,case4_mixed,kakao_high,runway,Fold_5,0.9256,0.6,0.7143,0.5556,1.0
videomae,case4_mixed,kakao_high,runway,Model_Ensemble (Soft Voting),0.8756,0.5833,0.7059,0.5455,1.0
videomae,case4_mixed,kakao_high,runway,Folds_Mean ± SD,0.8658 ± 0.0414,0.6000 ± 0.0514,0.7151 ± 0.0264,0.5570 ± 0.0321,1.0000 ± 0.0000
videomae,case4_mixed,kakao_high,svd,Fold_1,0.5811,0.4667,0.6098,0.4808,0.8333
videomae,case4_mixed,kakao_high,svd,Fold_2,0.5483,0.5667,0.6486,0.5455,0.8
videomae,case4_mixed,kakao_high,svd,Fold_3,0.53,0.5333,0.6316,0.5217,0.8
videomae,case4_mixed,kakao_high,svd,Fold_4,0.5667,0.5,0.6429,0.5,0.9
videomae,case4_mixed,kakao_high,svd,Fold_5,0.5478,0.5167,0.6329,0.5102,0.8333
videomae,case4_mixed,kakao_high,svd,Model_Ensemble (Soft Voting),0.5522,0.5,0.625,0.5,0.8333
videomae,case4_mixed,kakao_high,svd,Folds_Mean ± SD,0.5548 ± 0.0196,0.5167 ± 0.0373,0.6332 ± 0.0149,0.5116 ± 0.0242,0.8333 ± 0.0408
Spatial_Ensemble,case1_original,original,pika,Fold_1,0.8922,0.8,0.8,0.8,0.8
Spatial_Ensemble,case1_original,original,pika,Fold_2,0.9522,0.9,0.9,0.9,0.9
Spatial_Ensemble,case1_original,original,pika,Fold_3,0.9278,0.8,0.7857,0.8462,0.7333
Spatial_Ensemble,case1_original,original,pika,Fold_4,0.94,0.85,0.8571,0.8182,0.9
Spatial_Ensemble,case1_original,original,pika,Fold_5,0.9478,0.8333,0.8148,0.9167,0.7333
Spatial_Ensemble,case1_original,original,pika,Model_Ensemble (Soft Voting),0.9556,0.8333,0.8333,0.8333,0.8333
Spatial_Ensemble,case1_original,original,pika,Folds_Mean ± SD,0.9320 ± 0.0241,0.8367 ± 0.0415,0.8315 ± 0.0467,0.8562 ± 0.0507,0.8133 ± 0.0837
Spatial_Ensemble,case1_original,original,runway,Fold_1,0.88,0.8333,0.8387,0.8125,0.8667
Spatial_Ensemble,case1_original,original,runway,Fold_2,0.9511,0.8833,0.8814,0.8966,0.8667
Spatial_Ensemble,case1_original,original,runway,Fold_3,0.99,0.9167,0.9206,0.8788,0.9667
Spatial_Ensemble,case1_original,original,runway,Fold_4,0.93,0.85,0.8571,0.8182,0.9
Spatial_Ensemble,case1_original,original,runway,Fold_5,0.9611,0.8667,0.8571,0.9231,0.8
Spatial_Ensemble,case1_original,original,runway,Model_Ensemble (Soft Voting),0.9689,0.8667,0.871,0.8438,0.9
Spatial_Ensemble,case1_original,original,runway,Folds_Mean ± SD,0.9424 ± 0.0410,0.8700 ± 0.0321,0.8710 ± 0.0316,0.8658 ± 0.0487,0.8800 ± 0.0606
Spatial_Ensemble,case1_original,original,svd,Fold_1,0.9422,0.8833,0.8923,0.8286,0.9667
Spatial_Ensemble,case1_original,original,svd,Fold_2,0.9644,0.9167,0.918,0.9032,0.9333
Spatial_Ensemble,case1_original,original,svd,Fold_3,0.9622,0.8667,0.8667,0.8667,0.8667
Spatial_Ensemble,case1_original,original,svd,Fold_4,0.9222,0.8167,0.8197,0.8065,0.8333
Spatial_Ensemble,case1_original,original,svd,Fold_5,0.9667,0.9167,0.9153,0.931,0.9
Spatial_Ensemble,case1_original,original,svd,Model_Ensemble (Soft Voting),0.9722,0.9,0.9062,0.8529,0.9667
Spatial_Ensemble,case1_original,original,svd,Folds_Mean ± SD,0.9516 ± 0.0191,0.8800 ± 0.0415,0.8824 ± 0.0407,0.8672 ± 0.0514,0.9000 ± 0.0527
Spatial_Ensemble,case1_original,instagram,pika,Fold_1,0.8644,0.8167,0.8308,0.7714,0.9
Spatial_Ensemble,case1_original,instagram,pika,Fold_2,0.9289,0.8,0.8286,0.725,0.9667
Spatial_Ensemble,case1_original,instagram,pika,Fold_3,0.8944,0.75,0.7541,0.7419,0.7667
Spatial_Ensemble,case1_original,instagram,pika,Fold_4,0.9322,0.8667,0.875,0.8235,0.9333
Spatial_Ensemble,case1_original,instagram,pika,Fold_5,0.9244,0.8,0.8,0.8,0.8
Spatial_Ensemble,case1_original,instagram,pika,Model_Ensemble (Soft Voting),0.9278,0.8333,0.8438,0.7941,0.9
Spatial_Ensemble,case1_original,instagram,pika,Folds_Mean ± SD,0.9089 ± 0.0290,0.8067 ± 0.0418,0.8177 ± 0.0445,0.7724 ± 0.0405,0.8733 ± 0.0863
Spatial_Ensemble,case1_original,instagram,runway,Fold_1,0.8278,0.7833,0.7937,0.7576,0.8333
Spatial_Ensemble,case1_original,instagram,runway,Fold_2,0.9156,0.7667,0.7941,0.7105,0.9
Spatial_Ensemble,case1_original,instagram,runway,Fold_3,0.96,0.85,0.8657,0.7838,0.9667
Spatial_Ensemble,case1_original,instagram,runway,Fold_4,0.9122,0.85,0.8571,0.8182,0.9
Spatial_Ensemble,case1_original,instagram,runway,Fold_5,0.92,0.8,0.8,0.8,0.8
Spatial_Ensemble,case1_original,instagram,runway,Model_Ensemble (Soft Voting),0.9322,0.8333,0.8438,0.7941,0.9
Spatial_Ensemble,case1_original,instagram,runway,Folds_Mean ± SD,0.9071 ± 0.0484,0.8100 ± 0.0384,0.8221 ± 0.0361,0.7740 ± 0.0419,0.8800 ± 0.0650
Spatial_Ensemble,case1_original,instagram,svd,Fold_1,0.9044,0.85,0.8657,0.7838,0.9667
Spatial_Ensemble,case1_original,instagram,svd,Fold_2,0.9533,0.8,0.8286,0.725,0.9667
Spatial_Ensemble,case1_original,instagram,svd,Fold_3,0.92,0.8167,0.8308,0.7714,0.9
Spatial_Ensemble,case1_original,instagram,svd,Fold_4,0.8956,0.85,0.8571,0.8182,0.9
Spatial_Ensemble,case1_original,instagram,svd,Fold_5,0.9333,0.8667,0.875,0.8235,0.9333
Spatial_Ensemble,case1_original,instagram,svd,Model_Ensemble (Soft Voting),0.9567,0.8667,0.8788,0.8056,0.9667
Spatial_Ensemble,case1_original,instagram,svd,Folds_Mean ± SD,0.9213 ± 0.0230,0.8367 ± 0.0274,0.8514 ± 0.0209,0.7844 ± 0.0399,0.9333 ± 0.0333
Spatial_Ensemble,case1_original,kakao_normal,pika,Fold_1,0.8867,0.8333,0.8387,0.8125,0.8667
Spatial_Ensemble,case1_original,kakao_normal,pika,Fold_2,0.9478,0.8667,0.875,0.8235,0.9333
Spatial_Ensemble,case1_original,kakao_normal,pika,Fold_3,0.9167,0.8,0.7931,0.8214,0.7667
Spatial_Ensemble,case1_original,kakao_normal,pika,Fold_4,0.93,0.8667,0.875,0.8235,0.9333
Spatial_Ensemble,case1_original,kakao_normal,pika,Fold_5,0.9456,0.85,0.8421,0.8889,0.8
Spatial_Ensemble,case1_original,kakao_normal,pika,Model_Ensemble (Soft Voting),0.9478,0.8667,0.871,0.8438,0.9
Spatial_Ensemble,case1_original,kakao_normal,pika,Folds_Mean ± SD,0.9253 ± 0.0250,0.8433 ± 0.0279,0.8448 ± 0.0337,0.8340 ± 0.0310,0.8600 ± 0.0760
Spatial_Ensemble,case1_original,kakao_normal,runway,Fold_1,0.8511,0.8167,0.8197,0.8065,0.8333
Spatial_Ensemble,case1_original,kakao_normal,runway,Fold_2,0.9422,0.8333,0.8387,0.8125,0.8667
Spatial_Ensemble,case1_original,kakao_normal,runway,Fold_3,0.9756,0.9,0.9062,0.8529,0.9667
Spatial_Ensemble,case1_original,kakao_normal,runway,Fold_4,0.9222,0.85,0.8571,0.8182,0.9
Spatial_Ensemble,case1_original,kakao_normal,runway,Fold_5,0.9522,0.8667,0.8621,0.8929,0.8333
Spatial_Ensemble,case1_original,kakao_normal,runway,Model_Ensemble (Soft Voting),0.9533,0.8667,0.871,0.8438,0.9
Spatial_Ensemble,case1_original,kakao_normal,runway,Folds_Mean ± SD,0.9287 ± 0.0474,0.8533 ± 0.0321,0.8568 ± 0.0323,0.8366 ± 0.0363,0.8800 ± 0.0558
Spatial_Ensemble,case1_original,kakao_normal,svd,Fold_1,0.93,0.8833,0.8923,0.8286,0.9667
Spatial_Ensemble,case1_original,kakao_normal,svd,Fold_2,0.9589,0.8667,0.875,0.8235,0.9333
Spatial_Ensemble,case1_original,kakao_normal,svd,Fold_3,0.9422,0.8667,0.871,0.8438,0.9
Spatial_Ensemble,case1_original,kakao_normal,svd,Fold_4,0.9056,0.8667,0.875,0.8235,0.9333
Spatial_Ensemble,case1_original,kakao_normal,svd,Fold_5,0.9533,0.9,0.9,0.9,0.9
Spatial_Ensemble,case1_original,kakao_normal,svd,Model_Ensemble (Soft Voting),0.9689,0.9,0.9062,0.8529,0.9667
Spatial_Ensemble,case1_original,kakao_normal,svd,Folds_Mean ± SD,0.9380 ± 0.0212,0.8767 ± 0.0149,0.8827 ± 0.0127,0.8439 ± 0.0325,0.9267 ± 0.0279
Spatial_Ensemble,case1_original,kakao_high,pika,Fold_1,0.8878,0.8167,0.8197,0.8065,0.8333
Spatial_Ensemble,case1_original,kakao_high,pika,Fold_2,0.9433,0.8833,0.8889,0.8485,0.9333
Spatial_Ensemble,case1_original,kakao_high,pika,Fold_3,0.9267,0.8,0.7857,0.8462,0.7333
Spatial_Ensemble,case1_original,kakao_high,pika,Fold_4,0.9378,0.8833,0.8889,0.8485,0.9333
Spatial_Ensemble,case1_original,kakao_high,pika,Fold_5,0.9511,0.8333,0.8148,0.9167,0.7333
Spatial_Ensemble,case1_original,kakao_high,pika,Model_Ensemble (Soft Voting),0.9533,0.85,0.8525,0.8387,0.8667
Spatial_Ensemble,case1_original,kakao_high,pika,Folds_Mean ± SD,0.9293 ± 0.0249,0.8433 ± 0.0384,0.8396 ± 0.0468,0.8532 ± 0.0397,0.8333 ± 0.1000
Spatial_Ensemble,case1_original,kakao_high,runway,Fold_1,0.8789,0.8333,0.8387,0.8125,0.8667
Spatial_Ensemble,case1_original,kakao_high,runway,Fold_2,0.9667,0.85,0.8525,0.8387,0.8667
Spatial_Ensemble,case1_original,kakao_high,runway,Fold_3,0.9922,0.9167,0.9206,0.8788,0.9667
Spatial_Ensemble,case1_original,kakao_high,runway,Fold_4,0.9289,0.8833,0.8889,0.8485,0.9333
Spatial_Ensemble,case1_original,kakao_high,runway,Fold_5,0.9644,0.8833,0.8772,0.9259,0.8333
Spatial_Ensemble,case1_original,kakao_high,runway,Model_Ensemble (Soft Voting),0.9689,0.8667,0.871,0.8438,0.9
Spatial_Ensemble,case1_original,kakao_high,runway,Folds_Mean ± SD,0.9462 ± 0.0439,0.8733 ± 0.0325,0.8756 ± 0.0320,0.8609 ± 0.0434,0.8933 ± 0.0548
Spatial_Ensemble,case1_original,kakao_high,svd,Fold_1,0.9322,0.8833,0.8923,0.8286,0.9667
Spatial_Ensemble,case1_original,kakao_high,svd,Fold_2,0.96,0.8833,0.8889,0.8485,0.9333
Spatial_Ensemble,case1_original,kakao_high,svd,Fold_3,0.9622,0.8833,0.8852,0.871,0.9
Spatial_Ensemble,case1_original,kakao_high,svd,Fold_4,0.91,0.8333,0.8333,0.8333,0.8333
Spatial_Ensemble,case1_original,kakao_high,svd,Fold_5,0.9622,0.9167,0.9153,0.931,0.9
Spatial_Ensemble,case1_original,kakao_high,svd,Model_Ensemble (Soft Voting),0.9711,0.9,0.9062,0.8529,0.9667
Spatial_Ensemble,case1_original,kakao_high,svd,Folds_Mean ± SD,0.9453 ± 0.0235,0.8800 ± 0.0298,0.8830 ± 0.0301,0.8625 ± 0.0417,0.9067 ± 0.0494
Spatial_Ensemble,case4_mixed,original,pika,Fold_1,0.8,0.6,0.7143,0.5556,1.0
Spatial_Ensemble,case4_mixed,original,pika,Fold_2,0.9089,0.6,0.7143,0.5556,1.0
Spatial_Ensemble,case4_mixed,original,pika,Fold_3,0.78,0.5167,0.6667,0.5088,0.9667
Spatial_Ensemble,case4_mixed,original,pika,Fold_4,0.9256,0.5333,0.6744,0.5179,0.9667
Spatial_Ensemble,case4_mixed,original,pika,Fold_5,0.8444,0.6167,0.7229,0.566,1.0
Spatial_Ensemble,case4_mixed,original,pika,Model_Ensemble (Soft Voting),0.8878,0.5667,0.6977,0.5357,1.0
Spatial_Ensemble,case4_mixed,original,pika,Folds_Mean ± SD,0.8518 ± 0.0644,0.5733 ± 0.0450,0.6985 ± 0.0259,0.5408 ± 0.0256,0.9867 ± 0.0183
Spatial_Ensemble,case4_mixed,original,runway,Fold_1,0.73,0.55,0.6667,0.5294,0.9
Spatial_Ensemble,case4_mixed,original,runway,Fold_2,0.8344,0.6,0.7143,0.5556,1.0
Spatial_Ensemble,case4_mixed,original,runway,Fold_3,0.7978,0.5333,0.6818,0.5172,1.0
Spatial_Ensemble,case4_mixed,original,runway,Fold_4,0.8833,0.5167,0.6588,0.5091,0.9333
Spatial_Ensemble,case4_mixed,original,runway,Fold_5,0.7544,0.6167,0.7229,0.566,1.0
Spatial_Ensemble,case4_mixed,original,runway,Model_Ensemble (Soft Voting),0.8389,0.5667,0.6977,0.5357,1.0
Spatial_Ensemble,case4_mixed,original,runway,Folds_Mean ± SD,0.8000 ± 0.0615,0.5633 ± 0.0431,0.6889 ± 0.0285,0.5355 ± 0.0245,0.9667 ± 0.0471
Spatial_Ensemble,case4_mixed,original,svd,Fold_1,0.7711,0.6,0.7143,0.5556,1.0
Spatial_Ensemble,case4_mixed,original,svd,Fold_2,0.75,0.6,0.7143,0.5556,1.0
Spatial_Ensemble,case4_mixed,original,svd,Fold_3,0.7133,0.5167,0.6667,0.5088,0.9667
Spatial_Ensemble,case4_mixed,original,svd,Fold_4,0.8178,0.55,0.6897,0.5263,1.0
Spatial_Ensemble,case4_mixed,original,svd,Fold_5,0.7744,0.6,0.7073,0.5577,0.9667
Spatial_Ensemble,case4_mixed,original,svd,Model_Ensemble (Soft Voting),0.8144,0.5667,0.6977,0.5357,1.0
Spatial_Ensemble,case4_mixed,original,svd,Folds_Mean ± SD,0.7653 ± 0.0381,0.5733 ± 0.0384,0.6984 ± 0.0204,0.5408 ± 0.0221,0.9867 ± 0.0183
Spatial_Ensemble,case4_mixed,instagram,pika,Fold_1,0.81,0.5833,0.7059,0.5455,1.0
Spatial_Ensemble,case4_mixed,instagram,pika,Fold_2,0.91,0.6167,0.7229,0.566,1.0
Spatial_Ensemble,case4_mixed,instagram,pika,Fold_3,0.7744,0.4833,0.6517,0.4915,0.9667
Spatial_Ensemble,case4_mixed,instagram,pika,Fold_4,0.9222,0.5333,0.6744,0.5179,0.9667
Spatial_Ensemble,case4_mixed,instagram,pika,Fold_5,0.83,0.6,0.7143,0.5556,1.0
Spatial_Ensemble,case4_mixed,instagram,pika,Model_Ensemble (Soft Voting),0.8867,0.5167,0.6742,0.5085,1.0
Spatial_Ensemble,case4_mixed,instagram,pika,Folds_Mean ± SD,0.8493 ± 0.0643,0.5633 ± 0.0545,0.6938 ± 0.0298,0.5353 ± 0.0303,0.9867 ± 0.0183
Spatial_Ensemble,case4_mixed,instagram,runway,Fold_1,0.72,0.55,0.6747,0.5283,0.9333
Spatial_Ensemble,case4_mixed,instagram,runway,Fold_2,0.8411,0.6167,0.7229,0.566,1.0
Spatial_Ensemble,case4_mixed,instagram,runway,Fold_3,0.76,0.5,0.6667,0.5,1.0
Spatial_Ensemble,case4_mixed,instagram,runway,Fold_4,0.8567,0.5167,0.6588,0.5091,0.9333
Spatial_Ensemble,case4_mixed,instagram,runway,Fold_5,0.7144,0.6,0.7143,0.5556,1.0
Spatial_Ensemble,case4_mixed,instagram,runway,Model_Ensemble (Soft Voting),0.8289,0.5167,0.6742,0.5085,1.0
Spatial_Ensemble,case4_mixed,instagram,runway,Folds_Mean ± SD,0.7784 ± 0.0669,0.5567 ± 0.0508,0.6875 ± 0.0291,0.5318 ± 0.0286,0.9733 ± 0.0365
Spatial_Ensemble,case4_mixed,instagram,svd,Fold_1,0.7711,0.5833,0.7059,0.5455,1.0
Spatial_Ensemble,case4_mixed,instagram,svd,Fold_2,0.7144,0.6167,0.7229,0.566,1.0
Spatial_Ensemble,case4_mixed,instagram,svd,Fold_3,0.7067,0.4833,0.6517,0.4915,0.9667
Spatial_Ensemble,case4_mixed,instagram,svd,Fold_4,0.8222,0.5333,0.6744,0.5179,0.9667
Spatial_Ensemble,case4_mixed,instagram,svd,Fold_5,0.7633,0.5833,0.6988,0.5472,0.9667
Spatial_Ensemble,case4_mixed,instagram,svd,Model_Ensemble (Soft Voting),0.8067,0.5167,0.6742,0.5085,1.0
Spatial_Ensemble,case4_mixed,instagram,svd,Folds_Mean ± SD,0.7556 ± 0.0470,0.5600 ± 0.0522,0.6907 ± 0.0279,0.5336 ± 0.0291,0.9800 ± 0.0183
Spatial_Ensemble,case4_mixed,kakao_normal,pika,Fold_1,0.8044,0.5833,0.7059,0.5455,1.0
Spatial_Ensemble,case4_mixed,kakao_normal,pika,Fold_2,0.8944,0.6,0.7143,0.5556,1.0
Spatial_Ensemble,case4_mixed,kakao_normal,pika,Fold_3,0.7833,0.4833,0.6517,0.4915,0.9667
Spatial_Ensemble,case4_mixed,kakao_normal,pika,Fold_4,0.9244,0.5333,0.6744,0.5179,0.9667
Spatial_Ensemble,case4_mixed,kakao_normal,pika,Fold_5,0.8467,0.5833,0.7059,0.5455,1.0
Spatial_Ensemble,case4_mixed,kakao_normal,pika,Model_Ensemble (Soft Voting),0.89,0.5333,0.6818,0.5172,1.0
Spatial_Ensemble,case4_mixed,kakao_normal,pika,Folds_Mean ± SD,0.8507 ± 0.0593,0.5567 ± 0.0480,0.6904 ± 0.0265,0.5312 ± 0.0262,0.9867 ± 0.0183
Spatial_Ensemble,case4_mixed,kakao_normal,runway,Fold_1,0.7244,0.5333,0.6585,0.5192,0.9
Spatial_Ensemble,case4_mixed,kakao_normal,runway,Fold_2,0.8344,0.6,0.7143,0.5556,1.0
Spatial_Ensemble,case4_mixed,kakao_normal,runway,Fold_3,0.7744,0.5,0.6667,0.5,1.0
Spatial_Ensemble,case4_mixed,kakao_normal,runway,Fold_4,0.8833,0.5167,0.6588,0.5091,0.9333
Spatial_Ensemble,case4_mixed,kakao_normal,runway,Fold_5,0.7311,0.5833,0.7059,0.5455,1.0
Spatial_Ensemble,case4_mixed,kakao_normal,runway,Model_Ensemble (Soft Voting),0.8344,0.5333,0.6818,0.5172,1.0
Spatial_Ensemble,case4_mixed,kakao_normal,runway,Folds_Mean ± SD,0.7896 ± 0.0684,0.5467 ± 0.0431,0.6808 ± 0.0271,0.5259 ± 0.0238,0.9667 ± 0.0471
Spatial_Ensemble,case4_mixed,kakao_normal,svd,Fold_1,0.7744,0.5833,0.7059,0.5455,1.0
Spatial_Ensemble,case4_mixed,kakao_normal,svd,Fold_2,0.72,0.6,0.7143,0.5556,1.0
Spatial_Ensemble,case4_mixed,kakao_normal,svd,Fold_3,0.7011,0.4833,0.6517,0.4915,0.9667
Spatial_Ensemble,case4_mixed,kakao_normal,svd,Fold_4,0.8289,0.5333,0.6744,0.5179,0.9667
Spatial_Ensemble,case4_mixed,kakao_normal,svd,Fold_5,0.7744,0.5667,0.6905,0.537,0.9667
Spatial_Ensemble,case4_mixed,kakao_normal,svd,Model_Ensemble (Soft Voting),0.8133,0.5333,0.6818,0.5172,1.0
Spatial_Ensemble,case4_mixed,kakao_normal,svd,Folds_Mean ± SD,0.7598 ± 0.0506,0.5533 ± 0.0462,0.6873 ± 0.0251,0.5295 ± 0.0253,0.9800 ± 0.0183
Spatial_Ensemble,case4_mixed,kakao_high,pika,Fold_1,0.8122,0.6,0.7143,0.5556,1.0
Spatial_Ensemble,case4_mixed,kakao_high,pika,Fold_2,0.9044,0.6167,0.7229,0.566,1.0
Spatial_Ensemble,case4_mixed,kakao_high,pika,Fold_3,0.7922,0.5167,0.6667,0.5088,0.9667
Spatial_Ensemble,case4_mixed,kakao_high,pika,Fold_4,0.9222,0.55,0.6824,0.5273,0.9667
Spatial_Ensemble,case4_mixed,kakao_high,pika,Fold_5,0.8467,0.6167,0.7229,0.566,1.0
Spatial_Ensemble,case4_mixed,kakao_high,pika,Model_Ensemble (Soft Voting),0.8911,0.6,0.7143,0.5556,1.0
Spatial_Ensemble,case4_mixed,kakao_high,pika,Folds_Mean ± SD,0.8556 ± 0.0566,0.5800 ± 0.0447,0.7018 ± 0.0258,0.5447 ± 0.0256,0.9867 ± 0.0183
Spatial_Ensemble,case4_mixed,kakao_high,runway,Fold_1,0.7433,0.55,0.6667,0.5294,0.9
Spatial_Ensemble,case4_mixed,kakao_high,runway,Fold_2,0.8289,0.6167,0.7229,0.566,1.0
Spatial_Ensemble,case4_mixed,kakao_high,runway,Fold_3,0.8056,0.5333,0.6818,0.5172,1.0
Spatial_Ensemble,case4_mixed,kakao_high,runway,Fold_4,0.8889,0.5333,0.6667,0.5185,0.9333
Spatial_Ensemble,case4_mixed,kakao_high,runway,Fold_5,0.7511,0.6167,0.7229,0.566,1.0
Spatial_Ensemble,case4_mixed,kakao_high,runway,Model_Ensemble (Soft Voting),0.8422,0.6,0.7143,0.5556,1.0
Spatial_Ensemble,case4_mixed,kakao_high,runway,Folds_Mean ± SD,0.8036 ± 0.0598,0.5700 ± 0.0431,0.6922 ± 0.0287,0.5394 ± 0.0247,0.9667 ± 0.0471
Spatial_Ensemble,case4_mixed,kakao_high,svd,Fold_1,0.7844,0.6,0.7143,0.5556,1.0
Spatial_Ensemble,case4_mixed,kakao_high,svd,Fold_2,0.7544,0.6167,0.7229,0.566,1.0
Spatial_Ensemble,case4_mixed,kakao_high,svd,Fold_3,0.7233,0.5167,0.6667,0.5088,0.9667
Spatial_Ensemble,case4_mixed,kakao_high,svd,Fold_4,0.8167,0.5667,0.6977,0.5357,1.0
Spatial_Ensemble,case4_mixed,kakao_high,svd,Fold_5,0.7844,0.6,0.7073,0.5577,0.9667
Spatial_Ensemble,case4_mixed,kakao_high,svd,Model_Ensemble (Soft Voting),0.8244,0.6,0.7143,0.5556,1.0
Spatial_Ensemble,case4_mixed,kakao_high,svd,Folds_Mean ± SD,0.7727 ± 0.0353,0.5800 ± 0.0398,0.7018 ± 0.0217,0.5448 ± 0.0230,0.9867 ± 0.0183
Temporal_Ensemble,case1_original,original,pika,Fold_1,0.7967,0.5167,0.6742,0.5085,1.0
Temporal_Ensemble,case1_original,original,pika,Fold_2,0.8478,0.5667,0.6977,0.5357,1.0
Temporal_Ensemble,case1_original,original,pika,Fold_3,0.8556,0.55,0.6897,0.5263,1.0
Temporal_Ensemble,case1_original,original,pika,Fold_4,0.8811,0.6,0.7143,0.5556,1.0
Temporal_Ensemble,case1_original,original,pika,Fold_5,0.8789,0.55,0.6897,0.5263,1.0
Temporal_Ensemble,case1_original,original,pika,Model_Ensemble (Soft Voting),0.8667,0.5333,0.6818,0.5172,1.0
Temporal_Ensemble,case1_original,original,pika,Folds_Mean ± SD,0.8520 ± 0.0341,0.5567 ± 0.0303,0.6931 ± 0.0146,0.5305 ± 0.0171,1.0000 ± 0.0000
Temporal_Ensemble,case1_original,original,runway,Fold_1,0.8122,0.5167,0.6742,0.5085,1.0
Temporal_Ensemble,case1_original,original,runway,Fold_2,0.8344,0.5667,0.6977,0.5357,1.0
Temporal_Ensemble,case1_original,original,runway,Fold_3,0.88,0.55,0.6897,0.5263,1.0
Temporal_Ensemble,case1_original,original,runway,Fold_4,0.8733,0.6,0.7143,0.5556,1.0
Temporal_Ensemble,case1_original,original,runway,Fold_5,0.8622,0.55,0.6897,0.5263,1.0
Temporal_Ensemble,case1_original,original,runway,Model_Ensemble (Soft Voting),0.8744,0.5333,0.6818,0.5172,1.0
Temporal_Ensemble,case1_original,original,runway,Folds_Mean ± SD,0.8524 ± 0.0284,0.5567 ± 0.0303,0.6931 ± 0.0146,0.5305 ± 0.0171,1.0000 ± 0.0000
Temporal_Ensemble,case1_original,original,svd,Fold_1,0.53,0.4667,0.6279,0.4821,0.9
Temporal_Ensemble,case1_original,original,svd,Fold_2,0.5878,0.4833,0.6173,0.4902,0.8333
Temporal_Ensemble,case1_original,original,svd,Fold_3,0.5922,0.4833,0.6265,0.4906,0.8667
Temporal_Ensemble,case1_original,original,svd,Fold_4,0.57,0.5,0.6154,0.5,0.8
Temporal_Ensemble,case1_original,original,svd,Fold_5,0.59,0.5,0.6429,0.5,0.9
Temporal_Ensemble,case1_original,original,svd,Model_Ensemble (Soft Voting),0.5756,0.4833,0.6353,0.4909,0.9
Temporal_Ensemble,case1_original,original,svd,Folds_Mean ± SD,0.5740 ± 0.0261,0.4867 ± 0.0139,0.6260 ± 0.0109,0.4926 ± 0.0076,0.8600 ± 0.0435
Temporal_Ensemble,case1_original,instagram,pika,Fold_1,0.7978,0.5167,0.6742,0.5085,1.0
Temporal_Ensemble,case1_original,instagram,pika,Fold_2,0.8544,0.5333,0.6818,0.5172,1.0
Temporal_Ensemble,case1_original,instagram,pika,Fold_3,0.8511,0.5333,0.6818,0.5172,1.0
Temporal_Ensemble,case1_original,instagram,pika,Fold_4,0.8856,0.5833,0.7059,0.5455,1.0
Temporal_Ensemble,case1_original,instagram,pika,Fold_5,0.8733,0.5333,0.6818,0.5172,1.0
Temporal_Ensemble,case1_original,instagram,pika,Model_Ensemble (Soft Voting),0.8711,0.5167,0.6742,0.5085,1.0
Temporal_Ensemble,case1_original,instagram,pika,Folds_Mean ± SD,0.8524 ± 0.0336,0.5400 ± 0.0253,0.6851 ± 0.0121,0.5211 ± 0.0141,1.0000 ± 0.0000
Temporal_Ensemble,case1_original,instagram,runway,Fold_1,0.7944,0.5167,0.6742,0.5085,1.0
Temporal_Ensemble,case1_original,instagram,runway,Fold_2,0.8278,0.5333,0.6818,0.5172,1.0
Temporal_Ensemble,case1_original,instagram,runway,Fold_3,0.8767,0.5333,0.6818,0.5172,1.0
Temporal_Ensemble,case1_original,instagram,runway,Fold_4,0.8667,0.5833,0.7059,0.5455,1.0
Temporal_Ensemble,case1_original,instagram,runway,Fold_5,0.8433,0.5333,0.6818,0.5172,1.0
Temporal_Ensemble,case1_original,instagram,runway,Model_Ensemble (Soft Voting),0.8622,0.5167,0.6742,0.5085,1.0
Temporal_Ensemble,case1_original,instagram,runway,Folds_Mean ± SD,0.8418 ± 0.0327,0.5400 ± 0.0253,0.6851 ± 0.0121,0.5211 ± 0.0141,1.0000 ± 0.0000
Temporal_Ensemble,case1_original,instagram,svd,Fold_1,0.51,0.4333,0.5952,0.463,0.8333
Temporal_Ensemble,case1_original,instagram,svd,Fold_2,0.5644,0.45,0.6024,0.4717,0.8333
Temporal_Ensemble,case1_original,instagram,svd,Fold_3,0.5733,0.45,0.6024,0.4717,0.8333
Temporal_Ensemble,case1_original,instagram,svd,Fold_4,0.5367,0.4833,0.6076,0.4898,0.8
Temporal_Ensemble,case1_original,instagram,svd,Fold_5,0.5611,0.4833,0.6353,0.4909,0.9
Temporal_Ensemble,case1_original,instagram,svd,Model_Ensemble (Soft Voting),0.5589,0.45,0.6118,0.4727,0.8667
Temporal_Ensemble,case1_original,instagram,svd,Folds_Mean ± SD,0.5491 ± 0.0257,0.4600 ± 0.0224,0.6086 ± 0.0156,0.4774 ± 0.0123,0.8400 ± 0.0365
Temporal_Ensemble,case1_original,kakao_normal,pika,Fold_1,0.8,0.5167,0.6742,0.5085,1.0
Temporal_Ensemble,case1_original,kakao_normal,pika,Fold_2,0.8489,0.55,0.6897,0.5263,1.0
Temporal_Ensemble,case1_original,kakao_normal,pika,Fold_3,0.8567,0.55,0.6897,0.5263,1.0
Temporal_Ensemble,case1_original,kakao_normal,pika,Fold_4,0.8811,0.6,0.7143,0.5556,1.0
Temporal_Ensemble,case1_original,kakao_normal,pika,Fold_5,0.8744,0.5333,0.6818,0.5172,1.0
Temporal_Ensemble,case1_original,kakao_normal,pika,Model_Ensemble (Soft Voting),0.8667,0.5333,0.6818,0.5172,1.0
Temporal_Ensemble,case1_original,kakao_normal,pika,Folds_Mean ± SD,0.8522 ± 0.0320,0.5500 ± 0.0312,0.6899 ± 0.0151,0.5268 ± 0.0177,1.0000 ± 0.0000
Temporal_Ensemble,case1_original,kakao_normal,runway,Fold_1,0.8067,0.5167,0.6742,0.5085,1.0
Temporal_Ensemble,case1_original,kakao_normal,runway,Fold_2,0.8244,0.55,0.6897,0.5263,1.0
Temporal_Ensemble,case1_original,kakao_normal,runway,Fold_3,0.8811,0.55,0.6897,0.5263,1.0
Temporal_Ensemble,case1_original,kakao_normal,runway,Fold_4,0.8656,0.6,0.7143,0.5556,1.0
Temporal_Ensemble,case1_original,kakao_normal,runway,Fold_5,0.8589,0.5333,0.6818,0.5172,1.0
Temporal_Ensemble,case1_original,kakao_normal,runway,Model_Ensemble (Soft Voting),0.8656,0.5333,0.6818,0.5172,1.0
Temporal_Ensemble,case1_original,kakao_normal,runway,Folds_Mean ± SD,0.8473 ± 0.0308,0.5500 ± 0.0312,0.6899 ± 0.0151,0.5268 ± 0.0177,1.0000 ± 0.0000
Temporal_Ensemble,case1_original,kakao_normal,svd,Fold_1,0.52,0.45,0.6118,0.4727,0.8667
Temporal_Ensemble,case1_original,kakao_normal,svd,Fold_2,0.5667,0.45,0.5926,0.4706,0.8
Temporal_Ensemble,case1_original,kakao_normal,svd,Fold_3,0.5822,0.4667,0.6098,0.4808,0.8333
Temporal_Ensemble,case1_original,kakao_normal,svd,Fold_4,0.5389,0.4833,0.5974,0.4894,0.7667
Temporal_Ensemble,case1_original,kakao_normal,svd,Fold_5,0.5833,0.4667,0.619,0.4815,0.8667
Temporal_Ensemble,case1_original,kakao_normal,svd,Model_Ensemble (Soft Voting),0.5633,0.45,0.6024,0.4717,0.8333
Temporal_Ensemble,case1_original,kakao_normal,svd,Folds_Mean ± SD,0.5582 ± 0.0279,0.4633 ± 0.0139,0.6061 ± 0.0109,0.4790 ± 0.0075,0.8267 ± 0.0435
Temporal_Ensemble,case1_original,kakao_high,pika,Fold_1,0.7911,0.5167,0.6742,0.5085,1.0
Temporal_Ensemble,case1_original,kakao_high,pika,Fold_2,0.8456,0.5833,0.7059,0.5455,1.0
Temporal_Ensemble,case1_original,kakao_high,pika,Fold_3,0.8567,0.55,0.6897,0.5263,1.0
Temporal_Ensemble,case1_original,kakao_high,pika,Fold_4,0.88,0.6167,0.7229,0.566,1.0
Temporal_Ensemble,case1_original,kakao_high,pika,Fold_5,0.8789,0.55,0.6897,0.5263,1.0
Temporal_Ensemble,case1_original,kakao_high,pika,Model_Ensemble (Soft Voting),0.8633,0.5333,0.6818,0.5172,1.0
Temporal_Ensemble,case1_original,kakao_high,pika,Folds_Mean ± SD,0.8504 ± 0.0363,0.5633 ± 0.0380,0.6964 ± 0.0186,0.5345 ± 0.0219,1.0000 ± 0.0000
Temporal_Ensemble,case1_original,kakao_high,runway,Fold_1,0.8167,0.5167,0.6742,0.5085,1.0
Temporal_Ensemble,case1_original,kakao_high,runway,Fold_2,0.8333,0.5833,0.7059,0.5455,1.0
Temporal_Ensemble,case1_original,kakao_high,runway,Fold_3,0.8844,0.55,0.6897,0.5263,1.0
Temporal_Ensemble,case1_original,kakao_high,runway,Fold_4,0.8733,0.6167,0.7229,0.566,1.0
Temporal_Ensemble,case1_original,kakao_high,runway,Fold_5,0.8644,0.55,0.6897,0.5263,1.0
Temporal_Ensemble,case1_original,kakao_high,runway,Model_Ensemble (Soft Voting),0.8722,0.5333,0.6818,0.5172,1.0
Temporal_Ensemble,case1_original,kakao_high,runway,Folds_Mean ± SD,0.8544 ± 0.0284,0.5633 ± 0.0380,0.6964 ± 0.0186,0.5345 ± 0.0219,1.0000 ± 0.0000
Temporal_Ensemble,case1_original,kakao_high,svd,Fold_1,0.5267,0.4333,0.5952,0.463,0.8333
Temporal_Ensemble,case1_original,kakao_high,svd,Fold_2,0.5733,0.4833,0.6076,0.4898,0.8
Temporal_Ensemble,case1_original,kakao_high,svd,Fold_3,0.5867,0.4833,0.6265,0.4906,0.8667
Temporal_Ensemble,case1_original,kakao_high,svd,Fold_4,0.5622,0.5,0.6053,0.5,0.7667
Temporal_Ensemble,case1_original,kakao_high,svd,Fold_5,0.59,0.5,0.6429,0.5,0.9
Temporal_Ensemble,case1_original,kakao_high,svd,Model_Ensemble (Soft Voting),0.5756,0.45,0.6024,0.4717,0.8333
Temporal_Ensemble,case1_original,kakao_high,svd,Folds_Mean ± SD,0.5678 ± 0.0255,0.4800 ± 0.0274,0.6155 ± 0.0190,0.4887 ± 0.0152,0.8333 ± 0.0527
Temporal_Ensemble,case4_mixed,original,pika,Fold_1,0.8167,0.5167,0.6742,0.5085,1.0
Temporal_Ensemble,case4_mixed,original,pika,Fold_2,0.8244,0.5167,0.6742,0.5085,1.0
Temporal_Ensemble,case4_mixed,original,pika,Fold_3,0.8456,0.5167,0.6742,0.5085,1.0
Temporal_Ensemble,case4_mixed,original,pika,Fold_4,0.8878,0.5667,0.6977,0.5357,1.0
Temporal_Ensemble,case4_mixed,original,pika,Fold_5,0.8522,0.5167,0.6742,0.5085,1.0
Temporal_Ensemble,case4_mixed,original,pika,Model_Ensemble (Soft Voting),0.8689,0.5167,0.6742,0.5085,1.0
Temporal_Ensemble,case4_mixed,original,pika,Folds_Mean ± SD,0.8453 ± 0.0279,0.5267 ± 0.0224,0.6789 ± 0.0105,0.5139 ± 0.0122,1.0000 ± 0.0000
Temporal_Ensemble,case4_mixed,original,runway,Fold_1,0.79,0.5167,0.6742,0.5085,1.0
Temporal_Ensemble,case4_mixed,original,runway,Fold_2,0.79,0.5167,0.6742,0.5085,1.0
Temporal_Ensemble,case4_mixed,original,runway,Fold_3,0.8411,0.5167,0.6742,0.5085,1.0
Temporal_Ensemble,case4_mixed,original,runway,Fold_4,0.8589,0.5667,0.6977,0.5357,1.0
Temporal_Ensemble,case4_mixed,original,runway,Fold_5,0.8133,0.5167,0.6742,0.5085,1.0
Temporal_Ensemble,case4_mixed,original,runway,Model_Ensemble (Soft Voting),0.8411,0.5167,0.6742,0.5085,1.0
Temporal_Ensemble,case4_mixed,original,runway,Folds_Mean ± SD,0.8187 ± 0.0308,0.5267 ± 0.0224,0.6789 ± 0.0105,0.5139 ± 0.0122,1.0000 ± 0.0000
Temporal_Ensemble,case4_mixed,original,svd,Fold_1,0.5167,0.4667,0.6279,0.4821,0.9
Temporal_Ensemble,case4_mixed,original,svd,Fold_2,0.51,0.4667,0.6279,0.4821,0.9
Temporal_Ensemble,case4_mixed,original,svd,Fold_3,0.52,0.45,0.6118,0.4727,0.8667
Temporal_Ensemble,case4_mixed,original,svd,Fold_4,0.5056,0.5,0.6341,0.5,0.8667
Temporal_Ensemble,case4_mixed,original,svd,Fold_5,0.4744,0.4667,0.6279,0.4821,0.9
Temporal_Ensemble,case4_mixed,original,svd,Model_Ensemble (Soft Voting),0.5078,0.4667,0.6279,0.4821,0.9
Temporal_Ensemble,case4_mixed,original,svd,Folds_Mean ± SD,0.5053 ± 0.0182,0.4700 ± 0.0183,0.6259 ± 0.0084,0.4838 ± 0.0099,0.8867 ± 0.0183
Temporal_Ensemble,case4_mixed,instagram,pika,Fold_1,0.81,0.5167,0.6742,0.5085,1.0
Temporal_Ensemble,case4_mixed,instagram,pika,Fold_2,0.8178,0.5167,0.6742,0.5085,1.0
Temporal_Ensemble,case4_mixed,instagram,pika,Fold_3,0.8467,0.5167,0.6742,0.5085,1.0
Temporal_Ensemble,case4_mixed,instagram,pika,Fold_4,0.8922,0.5667,0.6977,0.5357,1.0
Temporal_Ensemble,case4_mixed,instagram,pika,Fold_5,0.8411,0.5167,0.6742,0.5085,1.0
Temporal_Ensemble,case4_mixed,instagram,pika,Model_Ensemble (Soft Voting),0.87,0.5167,0.6742,0.5085,1.0
Temporal_Ensemble,case4_mixed,instagram,pika,Folds_Mean ± SD,0.8416 ± 0.0322,0.5267 ± 0.0224,0.6789 ± 0.0105,0.5139 ± 0.0122,1.0000 ± 0.0000
Temporal_Ensemble,case4_mixed,instagram,runway,Fold_1,0.7867,0.5167,0.6742,0.5085,1.0
Temporal_Ensemble,case4_mixed,instagram,runway,Fold_2,0.7867,0.5167,0.6742,0.5085,1.0
Temporal_Ensemble,case4_mixed,instagram,runway,Fold_3,0.8311,0.5167,0.6742,0.5085,1.0
Temporal_Ensemble,case4_mixed,instagram,runway,Fold_4,0.8489,0.5667,0.6977,0.5357,1.0
Temporal_Ensemble,case4_mixed,instagram,runway,Fold_5,0.8133,0.5167,0.6742,0.5085,1.0
Temporal_Ensemble,case4_mixed,instagram,runway,Model_Ensemble (Soft Voting),0.8356,0.5167,0.6742,0.5085,1.0
Temporal_Ensemble,case4_mixed,instagram,runway,Folds_Mean ± SD,0.8133 ± 0.0274,0.5267 ± 0.0224,0.6789 ± 0.0105,0.5139 ± 0.0122,1.0000 ± 0.0000
Temporal_Ensemble,case4_mixed,instagram,svd,Fold_1,0.5056,0.4667,0.6279,0.4821,0.9
Temporal_Ensemble,case4_mixed,instagram,svd,Fold_2,0.5167,0.4667,0.6279,0.4821,0.9
Temporal_Ensemble,case4_mixed,instagram,svd,Fold_3,0.52,0.45,0.6118,0.4727,0.8667
Temporal_Ensemble,case4_mixed,instagram,svd,Fold_4,0.5044,0.5,0.6341,0.5,0.8667
Temporal_Ensemble,case4_mixed,instagram,svd,Fold_5,0.48,0.4667,0.6279,0.4821,0.9
Temporal_Ensemble,case4_mixed,instagram,svd,Model_Ensemble (Soft Voting),0.5089,0.4667,0.6279,0.4821,0.9
Temporal_Ensemble,case4_mixed,instagram,svd,Folds_Mean ± SD,0.5053 ± 0.0157,0.4700 ± 0.0183,0.6259 ± 0.0084,0.4838 ± 0.0099,0.8867 ± 0.0183
Temporal_Ensemble,case4_mixed,kakao_normal,pika,Fold_1,0.8133,0.5167,0.6742,0.5085,1.0
Temporal_Ensemble,case4_mixed,kakao_normal,pika,Fold_2,0.82,0.5167,0.6742,0.5085,1.0
Temporal_Ensemble,case4_mixed,kakao_normal,pika,Fold_3,0.8456,0.5167,0.6742,0.5085,1.0
Temporal_Ensemble,case4_mixed,kakao_normal,pika,Fold_4,0.8856,0.5667,0.6977,0.5357,1.0
Temporal_Ensemble,case4_mixed,kakao_normal,pika,Fold_5,0.8489,0.5167,0.6742,0.5085,1.0
Temporal_Ensemble,case4_mixed,kakao_normal,pika,Model_Ensemble (Soft Voting),0.8656,0.5167,0.6742,0.5085,1.0
Temporal_Ensemble,case4_mixed,kakao_normal,pika,Folds_Mean ± SD,0.8427 ± 0.0286,0.5267 ± 0.0224,0.6789 ± 0.0105,0.5139 ± 0.0122,1.0000 ± 0.0000
Temporal_Ensemble,case4_mixed,kakao_normal,runway,Fold_1,0.7856,0.5167,0.6742,0.5085,1.0
Temporal_Ensemble,case4_mixed,kakao_normal,runway,Fold_2,0.7778,0.5167,0.6742,0.5085,1.0
Temporal_Ensemble,case4_mixed,kakao_normal,runway,Fold_3,0.8222,0.5167,0.6742,0.5085,1.0
Temporal_Ensemble,case4_mixed,kakao_normal,runway,Fold_4,0.8522,0.5667,0.6977,0.5357,1.0
Temporal_Ensemble,case4_mixed,kakao_normal,runway,Fold_5,0.8044,0.5167,0.6742,0.5085,1.0
Temporal_Ensemble,case4_mixed,kakao_normal,runway,Model_Ensemble (Soft Voting),0.8311,0.5167,0.6742,0.5085,1.0
Temporal_Ensemble,case4_mixed,kakao_normal,runway,Folds_Mean ± SD,0.8084 ± 0.0299,0.5267 ± 0.0224,0.6789 ± 0.0105,0.5139 ± 0.0122,1.0000 ± 0.0000
Temporal_Ensemble,case4_mixed,kakao_normal,svd,Fold_1,0.5089,0.4667,0.6279,0.4821,0.9
Temporal_Ensemble,case4_mixed,kakao_normal,svd,Fold_2,0.5056,0.4667,0.6279,0.4821,0.9
Temporal_Ensemble,case4_mixed,kakao_normal,svd,Fold_3,0.5133,0.45,0.6118,0.4727,0.8667
Temporal_Ensemble,case4_mixed,kakao_normal,svd,Fold_4,0.5033,0.5,0.6341,0.5,0.8667
Temporal_Ensemble,case4_mixed,kakao_normal,svd,Fold_5,0.4767,0.4667,0.6279,0.4821,0.9
Temporal_Ensemble,case4_mixed,kakao_normal,svd,Model_Ensemble (Soft Voting),0.5011,0.4667,0.6279,0.4821,0.9
Temporal_Ensemble,case4_mixed,kakao_normal,svd,Folds_Mean ± SD,0.5016 ± 0.0144,0.4700 ± 0.0183,0.6259 ± 0.0084,0.4838 ± 0.0099,0.8867 ± 0.0183
Temporal_Ensemble,case4_mixed,kakao_high,pika,Fold_1,0.8133,0.5167,0.6742,0.5085,1.0
Temporal_Ensemble,case4_mixed,kakao_high,pika,Fold_2,0.8222,0.5167,0.6742,0.5085,1.0
Temporal_Ensemble,case4_mixed,kakao_high,pika,Fold_3,0.8489,0.5167,0.6742,0.5085,1.0
Temporal_Ensemble,case4_mixed,kakao_high,pika,Fold_4,0.8878,0.5667,0.6977,0.5357,1.0
Temporal_Ensemble,case4_mixed,kakao_high,pika,Fold_5,0.8544,0.5167,0.6742,0.5085,1.0
Temporal_Ensemble,case4_mixed,kakao_high,pika,Model_Ensemble (Soft Voting),0.87,0.5167,0.6742,0.5085,1.0
Temporal_Ensemble,case4_mixed,kakao_high,pika,Folds_Mean ± SD,0.8453 ± 0.0294,0.5267 ± 0.0224,0.6789 ± 0.0105,0.5139 ± 0.0122,1.0000 ± 0.0000
Temporal_Ensemble,case4_mixed,kakao_high,runway,Fold_1,0.7844,0.5167,0.6742,0.5085,1.0
Temporal_Ensemble,case4_mixed,kakao_high,runway,Fold_2,0.7911,0.5167,0.6742,0.5085,1.0
Temporal_Ensemble,case4_mixed,kakao_high,runway,Fold_3,0.8411,0.5167,0.6742,0.5085,1.0
Temporal_Ensemble,case4_mixed,kakao_high,runway,Fold_4,0.8511,0.5667,0.6977,0.5357,1.0
Temporal_Ensemble,case4_mixed,kakao_high,runway,Fold_5,0.8056,0.5167,0.6742,0.5085,1.0
Temporal_Ensemble,case4_mixed,kakao_high,runway,Model_Ensemble (Soft Voting),0.8422,0.5167,0.6742,0.5085,1.0
Temporal_Ensemble,case4_mixed,kakao_high,runway,Folds_Mean ± SD,0.8147 ± 0.0299,0.5267 ± 0.0224,0.6789 ± 0.0105,0.5139 ± 0.0122,1.0000 ± 0.0000
Temporal_Ensemble,case4_mixed,kakao_high,svd,Fold_1,0.5111,0.4667,0.6279,0.4821,0.9
Temporal_Ensemble,case4_mixed,kakao_high,svd,Fold_2,0.5089,0.4667,0.6279,0.4821,0.9
Temporal_Ensemble,case4_mixed,kakao_high,svd,Fold_3,0.5233,0.45,0.6118,0.4727,0.8667
Temporal_Ensemble,case4_mixed,kakao_high,svd,Fold_4,0.5,0.5,0.6341,0.5,0.8667
Temporal_Ensemble,case4_mixed,kakao_high,svd,Fold_5,0.4733,0.4667,0.6279,0.4821,0.9
Temporal_Ensemble,case4_mixed,kakao_high,svd,Model_Ensemble (Soft Voting),0.5033,0.4667,0.6279,0.4821,0.9
Temporal_Ensemble,case4_mixed,kakao_high,svd,Folds_Mean ± SD,0.5033 ± 0.0187,0.4700 ± 0.0183,0.6259 ± 0.0084,0.4838 ± 0.0099,0.8867 ± 0.0183
