path,case,platform,gen,label,xception_fold1,xception_fold2,xception_fold3,xception_fold4,xception_fold5,convnext_fold1,convnext_fold2,convnext_fold3,convnext_fold4,convnext_fold5,swin_fold1,swin_fold2,swin_fold3,swin_fold4,swin_fold5,r3d_fold1,r3d_fold2,r3d_fold3,r3d_fold4,r3d_fold5,r2plus1d_fold1,r2plus1d_fold2,r2plus1d_fold3,r2plus1d_fold4,r2plus1d_fold5,videomae_fold1,videomae_fold2,videomae_fold3,videomae_fold4,videomae_fold5
C:\Users\leejy\Desktop\test_experiment\dataset\test\case1_original\real\original\00001.mp4,case1_original,original,real,0,0.4920356,0.53011674,0.50115585,0.49782753,0.5660935,0.6659539,0.77033526,0.06471257,0.72632855,0.001591626,0.020158019,0.00053787645,0.010368156,0.09285216,0.071202725,0.7243039,0.53474915,0.5073237,0.5122046,0.80490476,0.9257686,0.8609547,0.86476797,0.57630354,0.81731945,0.92455155,0.9059898,0.97366965,0.8353661,0.80325097
C:\Users\leejy\Desktop\test_experiment\dataset\test\case1_original\real\original\00006.mp4,case1_original,original,real,0,0.51590955,0.5511057,0.45199162,0.5138629,0.5029296,0.5883866,0.54670787,0.009878942,0.46708867,0.0011446805,0.042682283,0.00053787645,0.038538493,0.10989668,0.030704854,0.692122,0.66551924,0.644337,0.8105539,0.63420355,0.98571813,0.983518,0.9678993,0.5662884,0.95494246,0.913792,0.7797414,0.92762595,0.9316493,0.6287779
C:\Users\leejy\Desktop\test_experiment\dataset\test\case1_original\real\original\00007.mp4,case1_original,original,real,0,0.4867051,0.51430124,0.45623562,0.40483093,0.49093726,0.61782974,0.52244586,0.5037078,0.56949353,0.0039878474,0.16698082,0.41985607,0.2375317,0.12347128,0.08284563,0.9037624,0.95270634,0.9456007,0.5,0.91030645,0.9498557,0.94122344,0.91062486,0.4829168,0.7636821,0.89414424,0.93546456,0.9590394,0.8109285,0.86066216
C:\Users\leejy\Desktop\test_experiment\dataset\test\case1_original\real\original\00008.mp4,case1_original,original,real,0,0.45800018,0.61413366,0.48847973,0.41644064,0.5868632,0.29861918,0.5902479,0.027980946,0.24585374,0.0017173837,0.054449573,0.01660912,0.13568954,0.23335674,0.13268304,0.83528215,0.972178,0.7170738,0.80662423,0.98096734,0.90690076,0.9496227,0.89674973,0.31737503,0.9693822,0.38019067,0.39565942,0.36629215,0.40751025,0.41765743
C:\Users\leejy\Desktop\test_experiment\dataset\test\case1_original\real\original\00022.mp4,case1_original,original,real,0,0.40104255,0.5047282,0.47650352,0.43771836,0.4755368,0.4411162,0.35583088,0.033812113,0.42787477,0.0004601059,0.013584392,7.311255e-05,0.018281795,0.008291652,0.027716564,0.757346,0.3068515,0.17005959,0.49743652,0.28378138,0.9006172,0.96095175,0.94458723,0.34499493,0.9272316,0.5002823,0.16033176,0.61606824,0.60754675,0.6017545
C:\Users\leejy\Desktop\test_experiment\dataset\test\case1_original\real\original\00023.mp4,case1_original,original,real,0,0.4149285,0.48892394,0.4661165,0.5008545,0.4367722,0.58189714,0.4294593,0.011093567,0.5835594,0.0081641525,0.059047263,0.011397587,0.22832853,0.09430169,0.050167512,0.95873135,0.97503597,0.88086116,0.7370162,0.9852004,0.9868407,0.99566853,0.9666317,0.5724688,0.95606345,0.3296884,0.11666332,0.1454185,0.3769241,0.21510331
C:\Users\leejy\Desktop\test_experiment\dataset\test\case1_original\real\original\00026.mp4,case1_original,original,real,0,0.5186224,0.5908087,0.4291901,0.42016828,0.46549758,0.5672775,0.57439476,0.6400736,0.5597714,0.63889164,0.76158285,0.60550755,0.55627906,0.24894479,0.81571007,0.9064877,0.99002504,0.94102055,0.7359264,0.97719735,0.9436599,0.97790456,0.9644221,0.57164705,0.90087914,0.66113025,0.6010083,0.28681803,0.43765825,0.50332636
C:\Users\leejy\Desktop\test_experiment\dataset\test\case1_original\real\original\00028.mp4,case1_original,original,real,0,0.42848745,0.5464885,0.50198936,0.47310945,0.471132,0.5032653,0.6132456,0.02209548,0.38329497,0.0016842225,0.06979492,0.0001788282,0.028490044,0.09556027,0.021024454,0.9712657,0.99764496,0.9626205,0.82664186,0.99497885,0.9653485,0.97324073,0.9715909,0.5644586,0.9383503,0.7288448,0.27899283,0.27216962,0.3069164,0.7192974
C:\Users\leejy\Desktop\test_experiment\dataset\test\case1_original\real\original\00035.mp4,case1_original,original,real,0,0.5049265,0.5483032,0.4949972,0.50764406,0.46248823,0.6744794,0.695157,0.66785204,0.6547292,0.025638299,0.8037906,0.029145973,0.43536133,0.368775,0.6581979,0.98899186,0.99709916,0.9933524,0.8816658,0.99964654,0.99543506,0.99776995,0.9918121,0.6153046,0.9922144,0.9592689,0.8685483,0.9879695,0.98635,0.91161346
C:\Users\leejy\Desktop\test_experiment\dataset\test\case1_original\real\original\00040.mp4,case1_original,original,real,0,0.47609246,0.48532525,0.4767357,0.3999874,0.50170135,0.65635026,0.8204694,0.24186972,0.6141626,0.046659753,0.027480692,0.03904829,0.056184538,0.054802597,0.035444103,0.7016875,0.63753873,0.5811248,0.44453463,0.65059215,0.50496846,0.34976867,0.63827175,0.37960118,0.5530829,0.78390574,0.6226888,0.85096467,0.5207401,0.77334476
C:\Users\leejy\Desktop\test_experiment\dataset\test\case1_original\real\original\00050.mp4,case1_original,original,real,0,0.45910075,0.52084666,0.4929814,0.51677835,0.4119386,0.5865228,0.58513075,0.030938227,0.40751025,0.0017683518,0.22076215,0.12667711,0.20729496,0.30399004,0.28397995,0.94664603,0.96518475,0.8403409,0.75976056,0.9604354,0.9840477,0.9804314,0.98524296,0.6006423,0.96768624,0.6878659,0.66115755,0.6219428,0.914977,0.8836382
C:\Users\leejy\Desktop\test_experiment\dataset\test\case1_original\real\original\00055.mp4,case1_original,original,real,0,0.43166655,0.54444754,0.42823339,0.3945654,0.45227888,0.4600463,0.57707834,0.099208094,0.3093366,0.044452164,0.012407696,0.00024729344,0.060252324,0.019568676,0.01665704,0.79016626,0.9914722,0.8859566,0.43101528,0.97792566,0.9486325,0.98498523,0.93409514,0.48401424,0.8161501,0.35627866,0.27977931,0.44248593,0.702938,0.39735362
C:\Users\leejy\Desktop\test_experiment\dataset\test\case1_original\real\original\00056.mp4,case1_original,original,real,0,0.52098376,0.52862656,0.5062176,0.49070847,0.45846993,0.49816898,0.32215267,0.015558598,0.62128246,0.0012065897,0.010418378,9.761566e-05,0.07821886,0.019719126,0.015072629,0.9279858,0.93306583,0.8025555,0.77244484,0.9384068,0.83250916,0.8272706,0.77483904,0.59255975,0.65987104,0.27569002,0.05051767,0.10379404,0.3907083,0.19605544
C:\Users\leejy\Desktop\test_experiment\dataset\test\case1_original\real\original\00057.mp4,case1_original,original,real,0,0.4592656,0.51522356,0.50180054,0.52451646,0.44089615,0.6998958,0.5684158,0.28182545,0.77427953,0.11100609,0.6244653,0.087019205,0.3416374,0.38614115,0.38138518,0.9913892,0.996858,0.9809491,0.8354164,0.9991474,0.9985335,0.99917525,0.99306935,0.574902,0.996123,0.9627783,0.95409465,0.9609883,0.9883802,0.908618
C:\Users\leejy\Desktop\test_experiment\dataset\test\case1_original\real\original\00059.mp4,case1_original,original,real,0,0.47677758,0.5543725,0.5251329,0.47061497,0.5048903,0.6619638,0.5062252,0.17511447,0.47110158,0.05949649,0.8451134,0.017712297,0.2537685,0.25915712,0.16458358,0.86652833,0.9517288,0.75201255,0.7602949,0.8407172,0.93732566,0.98213416,0.94127744,0.47906956,0.800107,0.14021848,0.024845436,0.065784656,0.035914496,0.12651514
C:\Users\leejy\Desktop\test_experiment\dataset\test\case1_original\real\original\00062.mp4,case1_original,original,real,0,0.44594422,0.5617108,0.43719265,0.50729316,0.3944852,0.64851856,0.56606346,0.01712732,0.67399687,0.0068239546,0.019197451,6.6310655e-05,0.01227675,0.06250249,0.010448625,0.90494496,0.93171144,0.87437254,0.8191712,0.85591143,0.96528316,0.9732915,0.9747491,0.5791624,0.98154205,0.9478657,0.9254997,0.9422947,0.980375,0.8921404
C:\Users\leejy\Desktop\test_experiment\dataset\test\case1_original\real\original\00070.mp4,case1_original,original,real,0,0.5274839,0.6075759,0.53857374,0.4819567,0.45483536,0.8054027,0.45223352,0.15817435,0.7475814,0.027901376,0.009358114,0.26978225,0.069541745,0.091829054,0.058722552,0.43347925,0.5745514,0.72735864,0.5435221,0.6658996,0.6583077,0.85158294,0.58530855,0.46763566,0.7602949,0.56949353,0.19798662,0.05845324,0.6721165,0.78613067
C:\Users\leejy\Desktop\test_experiment\dataset\test\case1_original\real\original\00071.mp4,case1_original,original,real,0,0.4741594,0.6404672,0.48676607,0.48139286,0.49934387,0.62820786,0.5703911,0.6764596,0.64579034,0.01561854,0.31412944,0.6688803,0.47390068,0.76299846,0.4163813,0.9801103,0.99604684,0.9646559,0.82810634,0.9987081,0.97090924,0.98761624,0.97706646,0.5904841,0.9448422,0.98283976,0.98190993,0.9905143,0.9908744,0.95814794
C:\Users\leejy\Desktop\test_experiment\dataset\test\case1_original\real\original\00087.mp4,case1_original,original,real,0,0.4053752,0.5991334,0.4872426,0.5214864,0.5518077,0.5190947,0.5676969,0.0134801045,0.42286208,0.0026678042,0.124532074,0.015029197,0.020312909,0.012821214,0.06930517,0.8292847,0.54694235,0.56001204,0.4957887,0.5563393,0.9314625,0.9263704,0.8548847,0.5151321,0.84679955,0.9878762,0.98597693,0.9904406,0.98155975,0.99174845
C:\Users\leejy\Desktop\test_experiment\dataset\test\case1_original\real\original\00107.mp4,case1_original,original,real,0,0.348368,0.50029755,0.50694996,0.4754531,0.5237324,0.50674397,0.68336666,0.21737905,0.73876333,0.5784482,0.23886076,0.0022961588,0.07313161,0.30486888,0.26155484,0.8251675,0.7888273,0.5898345,0.5331658,0.8860759,0.95610446,0.9696707,0.96017486,0.59511024,0.9230738,0.45128876,0.21766995,0.13111758,0.477006,0.4860571
C:\Users\leejy\Desktop\test_experiment\dataset\test\case1_original\real\original\00108.mp4,case1_original,original,real,0,0.533838,0.56159055,0.46482566,0.4837856,0.5698003,0.53855854,0.7480763,0.3965699,0.6303436,0.009703783,0.107718736,0.092728846,0.06711741,0.06742378,0.14529718,0.7048209,0.83755356,0.62062156,0.4555619,0.6159735,0.945349,0.9109423,0.87445295,0.52908087,0.78473175,0.77390057,0.84479356,0.7745408,0.5823426,0.89010334
C:\Users\leejy\Desktop\test_experiment\dataset\test\case1_original\real\original\00114.mp4,case1_original,original,real,0,0.5057485,0.5556914,0.5199136,0.52641886,0.4620767,0.46442336,0.4653723,0.018978037,0.5615755,0.0022683633,0.006463138,3.683223e-06,0.02442309,0.007555242,0.0011491554,0.69061124,0.44610256,0.56613845,0.6438053,0.30430004,0.7547343,0.8272706,0.7358315,0.5708548,0.5737978,0.7715854,0.22253114,0.47487468,0.82709616,0.5762067
C:\Users\leejy\Desktop\test_experiment\dataset\test\case1_original\real\original\00129.mp4,case1_original,original,real,0,0.4795037,0.51918423,0.5484014,0.44036585,0.5020752,0.3944342,0.43614164,0.7089184,0.39653546,0.03219186,0.21133542,0.09405178,0.12023207,0.52588624,0.2814056,0.88278204,0.98685336,0.8964725,0.58918464,0.98272413,0.9759694,0.98410887,0.9531443,0.50097656,0.9551521,0.3607142,0.11392417,0.16674323,0.44275695,0.63443005
C:\Users\leejy\Desktop\test_experiment\dataset\test\case1_original\real\original\00139.mp4,case1_original,original,real,0,0.44188374,0.52064866,0.46386924,0.40127715,0.54058284,0.62323356,0.5626571,0.32525262,0.5991737,0.0067058485,0.13922074,0.0008199321,0.14640997,0.06424133,0.026230346,0.65110534,0.70750576,0.4968262,0.3681217,0.62334824,0.90553135,0.64447683,0.6225167,0.3728334,0.69118476,0.55228317,0.17917122,0.11581064,0.39062113,0.8077641
C:\Users\leejy\Desktop\test_experiment\dataset\test\case1_original\real\original\00143.mp4,case1_original,original,real,0,0.32761455,0.61404693,0.46834987,0.46563047,0.42196864,0.46251857,0.38544694,0.020004287,0.46386924,0.0049533066,0.013821961,6.278188e-05,0.016075421,0.03317983,0.015708882,0.9521755,0.9451974,0.87174803,0.74816835,0.97339284,0.95938325,0.93868846,0.9517737,0.52692854,0.8849373,0.30751395,0.3150507,0.29571274,0.3925115,0.5128451
C:\Users\leejy\Desktop\test_experiment\dataset\test\case1_original\real\original\00151.mp4,case1_original,original,real,0,0.45530644,0.534436,0.49909976,0.45810625,0.46444613,0.5351288,0.5629275,0.2614522,0.75712156,0.012784187,0.92762595,0.9846789,0.8620326,0.85458153,0.88156396,0.6186652,0.020705251,0.5613351,0.45423004,0.022607611,0.7170366,0.40212795,0.6212537,0.42327926,0.41917238,0.6118459,0.61213577,0.5776275,0.7151754,0.5646687
C:\Users\leejy\Desktop\test_experiment\dataset\test\case1_original\real\original\00153.mp4,case1_original,original,real,0,0.41816223,0.5342708,0.46521285,0.5098159,0.54505116,0.6207653,0.5176928,0.07531231,0.6300236,0.008356142,0.9894601,0.22312306,0.63468486,0.7586,0.9658352,0.9774785,0.99773055,0.9846347,0.8416305,0.99759394,0.9913726,0.9952448,0.9945095,0.65615064,0.98707956,0.98264104,0.97737074,0.9922294,0.99596137,0.98531383
C:\Users\leejy\Desktop\test_experiment\dataset\test\case1_original\real\original\00156.mp4,case1_original,original,real,0,0.42868176,0.5630927,0.52072674,0.49647525,0.46545583,0.5821347,0.5210028,0.032528225,0.48279485,0.00021824206,0.0074173803,6.514938e-06,0.032867983,0.04782452,0.02961943,0.6121648,0.4248892,0.4781633,0.7282654,0.40136513,0.6111463,0.35192332,0.76020586,0.58418226,0.7652975,0.6775207,0.79787195,0.9051128,0.92338526,0.89715594
C:\Users\leejy\Desktop\test_experiment\dataset\test\case1_original\real\original\00162.mp4,case1_original,original,real,0,0.39919665,0.59678566,0.45261157,0.4647801,0.56743485,0.4388453,0.7207984,0.02297737,0.3508661,0.007639917,0.03821415,0.016403032,0.16277891,0.024145423,0.15616924,0.57506603,0.718545,0.57415605,0.3617282,0.53901356,0.53157413,0.3426815,0.5071101,0.27732617,0.47037166,0.5898566,0.8221891,0.85427785,0.41661865,0.78311896
C:\Users\leejy\Desktop\test_experiment\dataset\test\case1_original\real\original\00163.mp4,case1_original,original,real,0,0.4625489,0.5510151,0.50998557,0.4517271,0.4061846,0.47703645,0.83393407,0.02961943,0.4423956,0.0008263576,0.007331598,0.0009946651,0.0151307285,0.086980425,0.014281934,0.2839737,0.069921836,0.47925997,0.37989587,0.028034119,0.4394842,0.15856484,0.37397584,0.46672407,0.1509652,0.4080003,0.20236436,0.07835981,0.23278943,0.15342228
C:\Users\leejy\Desktop\test_experiment\dataset\test\case1_original\fake\pika\original\fake_pika_000.mp4,case1_original,original,pika,1,0.37413305,0.48434964,0.47577277,0.6023832,0.504547,0.5074381,0.70357805,0.101991236,0.8293538,0.012053779,0.5266471,0.05981148,0.21675669,0.78945696,0.6061197,0.7181746,0.32815924,0.68951476,0.6553119,0.7159704,0.5546514,0.6793383,0.77261645,0.48971704,0.8337988,0.94068086,0.96560895,0.9474783,0.9627432,0.9621787
C:\Users\leejy\Desktop\test_experiment\dataset\test\case1_original\fake\pika\original\fake_pika_001.mp4,case1_original,original,pika,1,0.52554387,0.59222454,0.38818306,0.5054319,0.5024414,0.55327433,0.47369,0.22333471,0.70581037,0.4153138,0.91259205,0.5891255,0.40403706,0.68188566,0.6313671,0.86177105,0.8665848,0.8588518,0.74316794,0.95154905,0.75797355,0.72316283,0.8307315,0.5393169,0.83148545,0.98410887,0.97752154,0.97754294,0.9869292,0.98844737
C:\Users\leejy\Desktop\test_experiment\dataset\test\case1_original\fake\pika\original\fake_pika_002.mp4,case1_original,original,pika,1,0.3840166,0.53607005,0.4867432,0.47168142,0.5434691,0.5416816,0.56385833,0.22832853,0.6501897,0.014453068,0.46440816,0.80837,0.48288634,0.5804561,0.13634944,0.98376936,0.97458035,0.96297026,0.9255671,0.99565166,0.9024378,0.8742383,0.9056566,0.6131859,0.8360867,0.9314625,0.937783,0.90448195,0.95388025,0.91767234
C:\Users\leejy\Desktop\test_experiment\dataset\test\case1_original\fake\pika\original\fake_pika_003.mp4,case1_original,original,pika,1,0.49246272,0.558944,0.48575214,0.43662205,0.45314083,0.7400805,0.85385185,0.98736286,0.682891,0.9976949,0.8504065,0.8849373,0.66817695,0.93674946,0.9303634,0.9674411,0.96795994,0.9672714,0.8221177,0.99256825,0.9552357,0.9869795,0.9758085,0.6325098,0.9692078,0.9957437,0.9977083,0.9929061,0.9935494,0.9937709
C:\Users\leejy\Desktop\test_experiment\dataset\test\case1_original\fake\pika\original\fake_pika_004.mp4,case1_original,original,pika,1,0.5229331,0.56025267,0.49508682,0.5794153,0.49566662,0.5816001,0.7007413,0.8785489,0.7419195,0.996108,0.7719295,0.9737447,0.89129174,0.8058614,0.9161846,0.90371984,0.8955684,0.8938666,0.7314904,0.9530133,0.80746067,0.94639885,0.93195957,0.5787607,0.93891287,0.772788,0.6792319,0.9468921,0.9185533,0.90706563
C:\Users\leejy\Desktop\test_experiment\dataset\test\case1_original\fake\pika\original\fake_pika_005.mp4,case1_original,original,pika,1,0.46119875,0.53144497,0.5287729,0.5100542,0.53294927,0.57164705,0.7578839,0.113309495,0.33285233,0.01964376,0.34281904,0.20016651,0.2796809,0.7769087,0.43542132,0.9675945,0.9933589,0.9698426,0.89081776,0.9990434,0.94844174,0.9193171,0.94600123,0.6323325,0.9327296,0.9122018,0.8802834,0.924347,0.9425068,0.9492005
C:\Users\leejy\Desktop\test_experiment\dataset\test\case1_original\fake\pika\original\fake_pika_006.mp4,case1_original,original,pika,1,0.45828807,0.606848,0.48845112,0.5905579,0.55376923,0.30746198,0.8305598,0.078607015,0.73753643,0.3261641,0.31747916,0.70372766,0.41798404,0.2793122,0.4107563,0.9291196,0.9795506,0.96408546,0.85494524,0.9905874,0.98623115,0.96995664,0.94815457,0.60112536,0.93749756,0.9802808,0.98102194,0.9927672,0.99349916,0.98054343
C:\Users\leejy\Desktop\test_experiment\dataset\test\case1_original\fake\pika\original\fake_pika_007.mp4,case1_original,original,pika,1,0.48595798,0.56568116,0.47852883,0.45736393,0.48355693,0.8202536,0.7602949,0.74160236,0.7268136,0.9977743,0.9141759,0.8473214,0.7725307,0.75078124,0.88782,0.91700584,0.9861514,0.9586734,0.8418256,0.99700147,0.9170801,0.885582,0.8962514,0.5076288,0.92341983,0.8920464,0.85213745,0.8468312,0.9674411,0.7393283
C:\Users\leejy\Desktop\test_experiment\dataset\test\case1_original\fake\pika\original\fake_pika_008.mp4,case1_original,original,pika,1,0.58403397,0.52523947,0.5020752,0.42462075,0.49942017,0.9208253,0.92590266,0.9993988,0.9159218,0.9998926,0.98548245,0.99992573,0.9894192,0.9747251,0.9993148,0.9600627,0.99440175,0.9514138,0.80486643,0.9974342,0.94122344,0.9338242,0.9539661,0.48706344,0.96805066,0.92905515,0.9382939,0.84110916,0.9376119,0.760784
C:\Users\leejy\Desktop\test_experiment\dataset\test\case1_original\fake\pika\original\fake_pika_009.mp4,case1_original,original,pika,1,0.55877846,0.5393775,0.46225303,0.53954434,0.48678896,0.601535,0.8427984,0.57140785,0.6708172,0.79971623,0.9722044,0.9667888,0.8123469,0.9609151,0.86359304,0.9952448,0.99960643,0.9921462,0.9312127,0.9996493,0.96232057,0.9857729,0.98522884,0.5528415,0.994292,0.96912026,0.97331697,0.9815067,0.97578543,0.9825575
C:\Users\leejy\Desktop\test_experiment\dataset\test\case1_original\fake\pika\original\fake_pika_010.mp4,case1_original,original,pika,1,0.49836734,0.47844127,0.5104965,0.48340642,0.48783353,0.46944425,0.71408004,0.13175863,0.843702,0.14891149,0.70725304,0.48456302,0.675925,0.6173973,0.44540894,0.9674411,0.99291986,0.9652012,0.9045662,0.9899087,0.86826926,0.9670388,0.9717254,0.58847535,0.94355595,0.96182173,0.9456007,0.98401695,0.9402983,0.96612406
C:\Users\leejy\Desktop\test_experiment\dataset\test\case1_original\fake\pika\original\fake_pika_011.mp4,case1_original,original,pika,1,0.5399385,0.5464054,0.5189119,0.5791475,0.5204354,0.5736187,0.8632764,0.86060363,0.98046875,0.9554855,0.94544977,0.98685336,0.9362413,0.9280836,0.89058006,0.9754836,0.99896777,0.9780622,0.9437636,0.9962999,0.9467446,0.98707956,0.97850823,0.6587743,0.97828114,0.9670699,0.992725,0.9824568,0.9928231,0.96124375
C:\Users\leejy\Desktop\test_experiment\dataset\test\case1_original\fake\pika\original\fake_pika_012.mp4,case1_original,original,pika,1,0.3443332,0.66483957,0.47196853,0.4965554,0.5367075,0.63547695,0.69881785,0.9390248,0.7918613,0.9707502,0.74576885,0.13747455,0.10664407,0.9220272,0.95947826,0.90632194,0.9576754,0.74890363,0.6543151,0.9252299,0.5549831,0.70069003,0.8216889,0.59705,0.7581079,0.9885804,0.9731898,0.9946774,0.98394,0.9786107
C:\Users\leejy\Desktop\test_experiment\dataset\test\case1_original\fake\pika\original\fake_pika_013.mp4,case1_original,original,pika,1,0.54733175,0.63635314,0.548989,0.6056533,0.35240373,0.48562256,0.89478946,0.9939261,0.828731,0.9987503,0.9894907,0.9997029,0.9914141,0.9968945,0.99800056,0.9869544,0.9975274,0.98777056,0.906777,0.9984603,0.97389406,0.9890765,0.98545444,0.5962862,0.99227446,0.98628414,0.9789353,0.9891816,0.9861113,0.9736447
C:\Users\leejy\Desktop\test_experiment\dataset\test\case1_original\fake\pika\original\fake_pika_014.mp4,case1_original,original,pika,1,0.5554051,0.5319465,0.53394425,0.51836336,0.5099169,0.72618294,0.88871056,0.98548245,0.73205346,0.99428093,0.9946878,0.9984114,0.99379504,0.97826034,0.9914556,0.992961,0.9993449,0.99485034,0.93564117,0.9997131,0.962462,0.9914887,0.98240626,0.64363736,0.9743861,0.9764681,0.9872405,0.9839708,0.9914887,0.9766024
C:\Users\leejy\Desktop\test_experiment\dataset\test\case1_original\fake\pika\original\fake_pika_015.mp4,case1_original,original,pika,1,0.43130723,0.5428633,0.516443,0.57613957,0.5026245,0.6154491,0.6623761,0.35770774,0.74440676,0.043854564,0.8834122,0.030792164,0.86153823,0.580248,0.8934954,0.97682446,0.99863297,0.9666631,0.84479356,0.99624926,0.8046363,0.9673795,0.93077356,0.6357173,0.9417078,0.99403125,0.9974491,0.99780875,0.9981178,0.98720354
C:\Users\leejy\Desktop\test_experiment\dataset\test\case1_original\fake\pika\original\fake_pika_016.mp4,case1_original,original,pika,1,0.4864078,0.5666331,0.5317679,0.46383888,0.5881797,0.8810532,0.9414122,0.887814,0.950411,0.9657707,0.93663365,0.9826909,0.9065083,0.90994704,0.908699,0.9920312,0.99933076,0.9943691,0.9383503,0.9993525,0.9735945,0.99688846,0.9882676,0.6159924,0.9781146,0.9308365,0.8603105,0.91789335,0.9452985,0.9723097
C:\Users\leejy\Desktop\test_experiment\dataset\test\case1_original\fake\pika\original\fake_pika_017.mp4,case1_original,original,pika,1,0.49397308,0.5122961,0.505615,0.45350388,0.5302669,0.71102977,0.81323844,0.9989329,0.7715962,0.96395,0.9971661,0.9999635,0.99175644,0.94798625,0.9853843,0.9908744,0.9947187,0.9851147,0.8945133,0.9982658,0.9819447,0.98749614,0.97865146,0.6595696,0.95626813,0.93546456,0.9720191,0.9872773,0.98638946,0.9788344
C:\Users\leejy\Desktop\test_experiment\dataset\test\case1_original\fake\pika\original\fake_pika_018.mp4,case1_original,original,pika,1,0.47843745,0.5746932,0.4849575,0.5340278,0.48206335,0.6178586,0.80271024,0.74567634,0.592195,0.4899611,0.44209448,0.24122117,0.5398324,0.7732485,0.7223067,0.98498523,0.9986142,0.98880965,0.92064714,0.99885976,0.967256,0.9891187,0.953665,0.5463751,0.93891287,0.9570777,0.9565531,0.9701835,0.9766692,0.9404078
C:\Users\leejy\Desktop\test_experiment\dataset\test\case1_original\fake\pika\original\fake_pika_019.mp4,case1_original,original,pika,1,0.547086,0.5729375,0.50001526,0.5356905,0.5327594,0.60629445,0.8845887,0.42036164,0.78170586,0.54337823,0.7641884,0.9981614,0.7871142,0.8523219,0.95447797,0.9629877,0.9973786,0.9693822,0.8348113,0.99800056,0.95589906,0.98575926,0.9635062,0.5251862,0.9459013,0.7677334,0.7354992,0.67437226,0.7391401,0.52472955
C:\Users\leejy\Desktop\test_experiment\dataset\test\case1_original\fake\pika\original\fake_pika_020.mp4,case1_original,original,pika,1,0.4715122,0.6760855,0.44127044,0.5279516,0.48858842,0.7526154,0.7540105,0.9622852,0.78064156,0.994292,0.94433105,0.9989392,0.9925249,0.98445636,0.989066,0.96900314,0.9964204,0.9763105,0.89858866,0.99851626,0.9735945,0.9927532,0.9885583,0.6278371,0.98552436,0.96573836,0.9380673,0.96995664,0.97943294,0.9513234
C:\Users\leejy\Desktop\test_experiment\dataset\test\case1_original\fake\pika\original\fake_pika_021.mp4,case1_original,original,pika,1,0.37705314,0.4775237,0.39989218,0.4353163,0.4806082,0.49902153,0.8736197,0.33693075,0.19102567,0.00362874,0.26350465,0.8850863,0.59912604,0.43994287,0.35881633,0.9822708,0.996597,0.9841851,0.82204634,0.99849296,0.9694401,0.9503189,0.9555271,0.59625685,0.9282464,0.8957508,0.8605451,0.93220687,0.94877505,0.9064049
C:\Users\leejy\Desktop\test_experiment\dataset\test\case1_original\fake\pika\original\fake_pika_022.mp4,case1_original,original,pika,1,0.5967269,0.48022538,0.42184952,0.4880699,0.5516039,0.4149285,0.92107415,0.52670795,0.19667187,0.07117044,0.47971696,0.7868276,0.6672425,0.8058997,0.5402569,0.6802417,0.97644573,0.8924146,0.51507115,0.9212515,0.772788,0.753376,0.8358188,0.48053965,0.78456676,0.71616894,0.78041154,0.8040215,0.72754014,0.7114184
C:\Users\leejy\Desktop\test_experiment\dataset\test\case1_original\fake\pika\original\fake_pika_023.mp4,case1_original,original,pika,1,0.4763208,0.59478664,0.5512416,0.45633408,0.54670787,0.67217034,0.8882267,0.9921157,0.80041915,0.99790895,0.9890343,0.9774571,0.7749881,0.9167081,0.9778412,0.8491599,0.969814,0.9019207,0.5466928,0.98201376,0.7563126,0.81938803,0.89307654,0.5479479,0.90039855,0.8715296,0.9239019,0.93686515,0.94192183,0.92100316
C:\Users\leejy\Desktop\test_experiment\dataset\test\case1_original\fake\pika\original\fake_pika_024.mp4,case1_original,original,pika,1,0.51432407,0.61320764,0.5643986,0.5240293,0.53692,0.76020586,0.79814744,0.9761292,0.63532144,0.9810946,0.883588,0.96405166,0.8741309,0.7964113,0.7864589,0.98387814,0.9763105,0.96443886,0.88089955,0.9978719,0.99268264,0.9851576,0.9818926,0.67152774,0.9871044,0.8557306,0.72074926,0.9432954,0.9310248,0.84679955
C:\Users\leejy\Desktop\test_experiment\dataset\test\case1_original\fake\pika\original\fake_pika_025.mp4,case1_original,original,pika,1,0.43177885,0.6162721,0.5141106,0.53269106,0.4914559,0.756942,0.81677204,0.9908832,0.72813255,0.9736196,0.9771756,0.99939764,0.98959166,0.9820655,0.99373454,0.97344345,0.9693532,0.9640008,0.8481565,0.99631435,0.9705485,0.9799382,0.9603612,0.6268097,0.97254544,0.9240733,0.83894384,0.96185756,0.9589241,0.93115014
C:\Users\leejy\Desktop\test_experiment\dataset\test\case1_original\fake\pika\original\fake_pika_026.mp4,case1_original,original,pika,1,0.58191204,0.49378237,0.48747516,0.5401356,0.4597734,0.7724824,0.9315248,0.90282935,0.8309374,0.96820134,0.967256,0.9993773,0.9674411,0.9896718,0.99701905,0.9860443,0.9906781,0.9794133,0.90540594,0.9976814,0.947186,0.99271095,0.9816304,0.6331834,0.96609205,0.96249723,0.9265035,0.9626381,0.966347,0.95945925
C:\Users\leejy\Desktop\test_experiment\dataset\test\case1_original\fake\pika\original\fake_pika_027.mp4,case1_original,original,pika,1,0.4991665,0.5491722,0.5624619,0.5033874,0.47840697,0.59538966,0.85213745,0.38557708,0.89043725,0.9645559,0.9534488,0.9064877,0.801994,0.8253435,0.76506716,0.9594972,0.9920773,0.97151,0.9282464,0.98913974,0.9091839,0.9758085,0.9226916,0.59197384,0.8508408,0.99517965,0.99752253,0.9988949,0.9966756,0.9955662
C:\Users\leejy\Desktop\test_experiment\dataset\test\case1_original\fake\pika\original\fake_pika_028.mp4,case1_original,original,pika,1,0.4947483,0.68883485,0.48447156,0.58040595,0.51680887,0.85848147,0.94750255,0.9480585,0.93686515,0.9997677,0.99491996,0.999529,0.9951514,0.98934746,0.99675864,0.9882108,0.9997546,0.9928231,0.971537,0.9998093,0.98427594,0.99564314,0.9622497,0.60394645,0.95719784,0.9828562,0.98242307,0.9893885,0.9863369,0.98387814
C:\Users\leejy\Desktop\test_experiment\dataset\test\case1_original\fake\pika\original\fake_pika_029.mp4,case1_original,original,pika,1,0.43447632,0.41298878,0.4516288,0.5258254,0.5622892,0.7844842,0.6717398,0.52561134,0.37920597,0.8645393,0.55380696,0.43653196,0.4985151,0.3926279,0.4957124,0.84619683,0.9759694,0.9320215,0.6913915,0.9836442,0.86545163,0.91543174,0.84273374,0.5113506,0.8766872,0.9893063,0.9820826,0.98588216,0.9893885,0.98007214
C:\Users\leejy\Desktop\test_experiment\dataset\test\case1_original\fake\runway\original\fake_runway_000.mp4,case1_original,original,runway,1,0.45696256,0.70796025,0.55531466,0.5550961,0.47031087,0.64220816,0.8460061,0.68925333,0.5565201,0.9980732,0.7719295,0.98387814,0.8478733,0.9615699,0.87950945,0.9861514,0.9998832,0.99820733,0.9567152,0.9998148,0.9985191,0.99995184,0.99864095,0.69063735,0.99915075,0.99420255,0.9881309,0.99760795,0.9843514,0.9925538
C:\Users\leejy\Desktop\test_experiment\dataset\test\case1_original\fake\runway\original\fake_runway_001.mp4,case1_original,original,runway,1,0.4980545,0.5605684,0.5026703,0.56444365,0.504547,0.7893555,0.86436766,0.996503,0.92905515,0.9999809,0.98226225,0.99992776,0.99338466,0.9776072,0.9976426,0.99187535,0.99984944,0.99892455,0.9567556,0.9999132,0.99820733,0.99964297,0.9965904,0.7043826,0.9963924,0.9064049,0.67319167,0.964822,0.9273633,0.9173397
C:\Users\leejy\Desktop\test_experiment\dataset\test\case1_original\fake\runway\original\fake_runway_002.mp4,case1_original,original,runway,1,0.473992,0.65362453,0.42795694,0.48510417,0.45816687,0.6508557,0.8925157,0.6829439,0.8276149,0.9985923,0.95565146,0.9995035,0.9863105,0.9774571,0.99855906,0.99743915,0.9999379,0.9993575,0.9766024,0.9999845,0.99941623,0.99995804,0.9979966,0.72145814,0.9984633,0.9908744,0.9915052,0.9950563,0.99457306,0.98438144
C:\Users\leejy\Desktop\test_experiment\dataset\test\case1_original\fake\runway\original\fake_runway_003.mp4,case1_original,original,runway,1,0.4774628,0.4986267,0.38789323,0.5769219,0.49740607,0.83712125,0.77696157,0.99637836,0.8272391,0.9995216,0.92251724,0.9973061,0.98672616,0.9563905,0.98833525,0.9946568,0.9998863,0.997615,0.9668514,0.9999168,0.99808455,0.99972516,0.9972584,0.7558405,0.9959771,0.9760608,0.89991575,0.97527254,0.98007214,0.9735694
C:\Users\leejy\Desktop\test_experiment\dataset\test\case1_original\fake\runway\original\fake_runway_004.mp4,case1_original,original,runway,1,0.58859354,0.5543725,0.44296402,0.58593065,0.5431662,0.7363058,0.8683252,0.97636694,0.8911497,0.99982506,0.9800913,0.9990188,0.936285,0.9956937,0.9867899,0.9981969,0.9999324,0.9991474,0.96560895,0.99998915,0.99876726,0.99986446,0.99813974,0.6708779,0.99927205,0.9904959,0.95735765,0.990732,0.98646784,0.9604726
C:\Users\leejy\Desktop\test_experiment\dataset\test\case1_original\fake\runway\original\fake_runway_005.mp4,case1_original,original,runway,1,0.5280543,0.5819343,0.49423242,0.4576669,0.5562188,0.8804891,0.8895768,0.91006696,0.8931464,0.9992592,0.9885583,0.9993538,0.9817182,0.992725,0.9915216,0.99881446,0.9999479,0.9996437,0.98270744,0.9999889,0.99966,0.99998677,0.999159,0.72601295,0.9996244,0.9890554,0.9853843,0.9935494,0.98293835,0.9863631
C:\Users\leejy\Desktop\test_experiment\dataset\test\case1_original\fake\runway\original\fake_runway_006.mp4,case1_original,original,runway,1,0.4262171,0.60553664,0.5131348,0.45722762,0.4306636,0.71125543,0.8617128,0.8443448,0.8875462,0.50768983,0.7763263,0.7544178,0.85494524,0.88778967,0.85615206,0.9980506,0.9997813,0.9994105,0.9825575,0.99998474,0.9995054,0.99988675,0.9956262,0.65839005,0.9982212,0.96192914,0.957794,0.99253935,0.9858549,0.96628344
C:\Users\leejy\Desktop\test_experiment\dataset\test\case1_original\fake\runway\original\fake_runway_007.mp4,case1_original,original,runway,1,0.43623173,0.6016521,0.50141716,0.5178605,0.4773562,0.81859183,0.93587595,0.99760795,0.9142142,0.9996147,0.93980294,0.9927532,0.95859593,0.9907051,0.98955137,0.99476975,0.9999094,0.99827254,0.9628132,0.9999851,0.9986142,0.99973255,0.99723166,0.7019877,0.99792516,0.91655886,0.943608,0.9923638,0.98123896,0.9629877
C:\Users\leejy\Desktop\test_experiment\dataset\test\case1_original\fake\runway\original\fake_runway_008.mp4,case1_original,original,runway,1,0.48532525,0.6217419,0.41651475,0.44601205,0.46645066,0.8496596,0.88207287,0.9702681,0.8103946,0.99394965,0.97856975,0.9989956,0.9770007,0.9765801,0.968441,0.98971164,0.999688,0.99830914,0.9158089,0.99984217,0.9983386,0.99940467,0.9945201,0.67815626,0.99653685,0.99176437,0.973519,0.9948902,0.9756698,0.988062
C:\Users\leejy\Desktop\test_experiment\dataset\test\case1_original\fake\runway\original\fake_runway_009.mp4,case1_original,original,runway,1,0.40616897,0.6284359,0.45567924,0.4666766,0.40891466,0.7111301,0.82432055,0.78782916,0.8993426,0.9997373,0.9870046,0.9999374,0.9882449,0.9919302,0.9970161,0.99225944,0.99972194,0.9986749,0.9471371,0.9999629,0.99680245,0.9994611,0.9936365,0.6592201,0.99835473,0.98270744,0.97331697,0.9707155,0.9730877,0.9756001
C:\Users\leejy\Desktop\test_experiment\dataset\test\case1_original\fake\runway\original\fake_runway_010.mp4,case1_original,original,runway,1,0.53877467,0.75730115,0.5931675,0.4570004,0.47140577,0.7345958,0.82959557,0.88612515,0.7493166,0.9990564,0.9313065,0.9983612,0.97436166,0.9924521,0.9906871,0.98365986,0.9987232,0.99338466,0.96312666,0.99960726,0.9914391,0.9962999,0.9913139,0.63032943,0.9932681,0.9948303,0.9959693,0.994292,0.9921537,0.9886901
C:\Users\leejy\Desktop\test_experiment\dataset\test\case1_original\fake\runway\original\fake_runway_011.mp4,case1_original,original,runway,1,0.6198453,0.67071617,0.55354303,0.4320634,0.48041776,0.72903776,0.86712015,0.99056,0.8550965,0.9996125,0.9882222,0.9994418,0.99248135,0.9913223,0.99504673,0.9862046,0.9987478,0.9965771,0.96826136,0.99983394,0.9955142,0.999134,0.9916358,0.6791787,0.9953635,0.9911355,0.9888419,0.99398476,0.9896918,0.99195355
C:\Users\leejy\Desktop\test_experiment\dataset\test\case1_original\fake\runway\original\fake_runway_012.mp4,case1_original,original,runway,1,0.43901816,0.6825208,0.46959627,0.47262266,0.52713394,0.66533583,0.8999598,0.92788786,0.8005751,0.9781146,0.91767234,0.97381955,0.98774695,0.950457,0.9361392,0.9984812,0.9998585,0.9992649,0.95961094,0.99999356,0.9986033,0.99958354,0.9966949,0.63725656,0.9982351,0.99372226,0.98168314,0.99458355,0.991891,0.97840524
C:\Users\leejy\Desktop\test_experiment\dataset\test\case1_original\fake\runway\original\fake_runway_013.mp4,case1_original,original,runway,1,0.45045003,0.5249122,0.5194451,0.53705657,0.6255168,0.73306984,0.8784186,0.8393393,0.84185815,0.97369474,0.45730335,0.91573364,0.93913656,0.8579467,0.6825208,0.98672616,0.9982993,0.99749583,0.9091436,0.9999428,0.9953725,0.9995253,0.9938548,0.6764813,0.995008,0.98657167,0.96333414,0.9769787,0.983327,0.93863225
C:\Users\leejy\Desktop\test_experiment\dataset\test\case1_original\fake\runway\original\fake_runway_014.mp4,case1_original,original,runway,1,0.5415073,0.63358027,0.47569665,0.44992128,0.4281736,0.7629102,0.82147413,0.6917577,0.8101787,0.9962782,0.751557,0.98522884,0.7916601,0.9798227,0.8222477,0.9751545,0.9970879,0.9953994,0.9183339,0.99960726,0.99572706,0.9996499,0.99495924,0.7124011,0.99374664,0.9901972,0.97423947,0.99225944,0.98662347,0.9831176
C:\Users\leejy\Desktop\test_experiment\dataset\test\case1_original\fake\runway\original\fake_runway_015.mp4,case1_original,original,runway,1,0.36088312,0.5972556,0.53259605,0.5113887,0.55546534,0.67848676,0.42485934,0.6941472,0.7146778,0.5739172,0.06635712,0.28534707,0.42202812,0.25991955,0.15310547,0.906156,0.82104415,0.9369517,0.6096694,0.989368,0.4968262,0.6863963,0.7479843,0.50332636,0.8472108,0.9744348,0.921145,0.9830688,0.9791955,0.9724148
C:\Users\leejy\Desktop\test_experiment\dataset\test\case1_original\fake\runway\original\fake_runway_016.mp4,case1_original,original,runway,1,0.4946291,0.50064087,0.4925714,0.49618536,0.47395396,0.67449284,0.8288696,0.91125864,0.63099766,0.7776799,0.3867345,0.37414733,0.6426007,0.69097626,0.49444604,0.92976,0.9929472,0.9368796,0.54078746,0.9953635,0.5412421,0.7790278,0.84581506,0.52930903,0.8333246,0.890151,0.8061669,0.92788786,0.83615357,0.9301416
C:\Users\leejy\Desktop\test_experiment\dataset\test\case1_original\fake\runway\original\fake_runway_017.mp4,case1_original,original,runway,1,0.45932624,0.5637814,0.47423548,0.43896556,0.49356115,0.83761996,0.9256007,0.9083743,0.79270506,0.985335,0.64226425,0.9380673,0.9384068,0.8621197,0.9092645,0.8548847,0.9860443,0.96497095,0.69191384,0.9761746,0.69035035,0.88207287,0.8990328,0.53831583,0.86436766,0.8637942,0.5725734,0.896614,0.9026955,0.94853723
C:\Users\leejy\Desktop\test_experiment\dataset\test\case1_original\fake\runway\original\fake_runway_018.mp4,case1_original,original,runway,1,0.450722,0.5577399,0.43521124,0.54856765,0.50729316,0.76330733,0.97254544,0.9727014,0.64467263,0.9985814,0.6238353,0.9871293,0.8749346,0.88268095,0.87010133,0.93463427,0.9815067,0.9790758,0.7401744,0.996123,0.9783433,0.9928509,0.96628344,0.503826,0.96076804,0.8263618,0.7287483,0.9301416,0.947186,0.9280184
C:\Users\leejy\Desktop\test_experiment\dataset\test\case1_original\fake\runway\original\fake_runway_019.mp4,case1_original,original,runway,1,0.39840645,0.5631659,0.48367125,0.53584236,0.44052944,0.8224032,0.7380323,0.78353333,0.86691254,0.7953404,0.29124537,0.55853766,0.72912216,0.8959786,0.3295535,0.87174803,0.9226916,0.9298555,0.55511874,0.9748452,0.8562122,0.9005735,0.8100285,0.52911514,0.91607213,0.9892959,0.9931629,0.99600047,0.9948803,0.95036495
C:\Users\leejy\Desktop\test_experiment\dataset\test\case1_original\fake\runway\original\fake_runway_020.mp4,case1_original,original,runway,1,0.4811453,0.5571226,0.50527936,0.5167688,0.54719186,0.6616906,0.80073094,0.5228113,0.46760526,0.23974963,0.65581834,0.6819651,0.74576885,0.909907,0.5917232,0.8090686,0.9182606,0.7109796,0.61474097,0.9799574,0.73411953,0.6225167,0.7270559,0.50149536,0.63928574,0.9859634,0.97272736,0.9966365,0.995037,0.9680808
C:\Users\leejy\Desktop\test_experiment\dataset\test\case1_original\fake\runway\original\fake_runway_021.mp4,case1_original,original,runway,1,0.44623828,0.4804863,0.4464872,0.47901624,0.35259178,0.5065304,0.5269057,0.1904651,0.43290234,0.35514563,0.22414035,0.1979091,0.72389543,0.1153614,0.3952509,0.8708721,0.97986126,0.9191359,0.55843234,0.995793,0.648522,0.48535576,0.49511737,0.44077012,0.31568322,0.96641046,0.97730595,0.99014014,0.9839708,0.971779
C:\Users\leejy\Desktop\test_experiment\dataset\test\case1_original\fake\runway\original\fake_runway_022.mp4,case1_original,original,runway,1,0.482772,0.5212427,0.4255157,0.51580286,0.33996457,0.5230892,0.63238925,0.4204806,0.33134958,0.5486735,0.18213442,0.1897462,0.7367322,0.09089675,0.427815,0.4299828,0.6480488,0.7708531,0.33160657,0.7666432,0.62024784,0.3838145,0.496399,0.5033569,0.39691526,0.9563905,0.9742639,0.9764232,0.98586845,0.9743129
C:\Users\leejy\Desktop\test_experiment\dataset\test\case1_original\fake\runway\original\fake_runway_023.mp4,case1_original,original,runway,1,0.41380283,0.60533255,0.43761694,0.5136761,0.43359172,0.6226027,0.82161736,0.7940658,0.5890074,0.6988628,0.19613242,0.4415526,0.6284929,0.8127931,0.5471163,0.9650533,0.99083894,0.98803884,0.7188412,0.992474,0.7874412,0.7404091,0.8834373,0.5520568,0.8306971,0.97943294,0.9592689,0.99373454,0.9916842,0.9747971
C:\Users\leejy\Desktop\test_experiment\dataset\test\case1_original\fake\runway\original\fake_runway_024.mp4,case1_original,original,runway,1,0.57388735,0.60299706,0.5727975,0.5643611,0.5042113,0.8620616,0.8804891,0.95589906,0.943608,0.9964064,0.98741156,0.96826136,0.9601001,0.9628482,0.9351691,0.9832949,0.99780875,0.9904082,0.9407353,0.9957104,0.9750835,0.99420255,0.96381396,0.58323306,0.9475512,0.9397477,0.97933435,0.9928231,0.9947595,0.94891727
C:\Users\leejy\Desktop\test_experiment\dataset\test\case1_original\fake\runway\original\fake_runway_025.mp4,case1_original,original,runway,1,0.42996782,0.58300865,0.47809097,0.5549981,0.39035964,0.7916601,0.7305542,0.61661845,0.7186438,0.04292234,0.36350563,0.112064525,0.6478261,0.8047898,0.25539008,0.9560224,0.99300176,0.9720191,0.8517063,0.997459,0.9674411,0.96405166,0.8794577,0.59908205,0.9022657,0.9603239,0.96295285,0.9807473,0.99083894,0.973519
C:\Users\leejy\Desktop\test_experiment\dataset\test\case1_original\fake\runway\original\fake_runway_026.mp4,case1_original,original,runway,1,0.6137865,0.6633419,0.4293247,0.46885142,0.45531967,0.8079157,0.7800073,0.95292586,0.7610394,0.9690618,0.5119606,0.6699203,0.9427444,0.95961094,0.8558512,0.68389463,0.8884688,0.94192183,0.5599067,0.9506406,0.6705004,0.7562676,0.47551396,0.63176465,0.61566573,0.9516839,0.94649786,0.9792947,0.98625773,0.9665054
C:\Users\leejy\Desktop\test_experiment\dataset\test\case1_original\fake\runway\original\fake_runway_027.mp4,case1_original,original,runway,1,0.6095387,0.6306565,0.48213956,0.4841057,0.43140453,0.71497643,0.9031661,0.9080487,0.71582144,0.8096525,0.62837887,0.66399586,0.90657043,0.9619649,0.65200603,0.6177721,0.87514824,0.9396923,0.54664737,0.9790558,0.7993641,0.84019345,0.7338812,0.6095532,0.76140547,0.9036774,0.77244484,0.89302987,0.9189906,0.87434566
C:\Users\leejy\Desktop\test_experiment\dataset\test\case1_original\fake\runway\original\fake_runway_028.mp4,case1_original,original,runway,1,0.6423203,0.63649434,0.5279859,0.4935764,0.53582716,0.7527403,0.6058136,0.8829335,0.86535215,0.9030701,0.7728737,0.73062634,0.9282464,0.93149364,0.56190604,0.7866638,0.8687154,0.868353,0.6473107,0.91247517,0.8821743,0.49169996,0.5840932,0.57051826,0.59399205,0.99324185,0.97962874,0.99361163,0.99342304,0.9914556
C:\Users\leejy\Desktop\test_experiment\dataset\test\case1_original\fake\runway\original\fake_runway_029.mp4,case1_original,original,runway,1,0.44072497,0.55018824,0.5089102,0.5125782,0.5006714,0.7279754,0.71611935,0.66979885,0.5496406,0.45193115,0.41176116,0.7440524,0.67179364,0.5610194,0.49499527,0.6838419,0.7815808,0.7337858,0.47396156,0.8350132,0.72090894,0.5937565,0.6016228,0.5621465,0.5350377,0.9750598,0.7934263,0.9904406,0.97313875,0.9275276
C:\Users\leejy\Desktop\test_experiment\dataset\test\case1_original\fake\svd\original\fake_svd_002.mp4,case1_original,original,svd,1,0.5053022,0.55502826,0.5117624,0.4926305,0.503601,0.7348218,0.7824132,0.98571813,0.8977234,0.9880734,0.958654,0.9950659,0.7905505,0.70077324,0.8851856,0.9953904,0.99933714,0.99582565,0.89469755,0.9997131,0.999423,0.9997981,0.9918595,0.70085007,0.9980957,0.99913067,0.9995159,0.9996977,0.9993749,0.996271
C:\Users\leejy\Desktop\test_experiment\dataset\test\case1_original\fake\svd\original\fake_svd_007.mp4,case1_original,original,svd,1,0.50667346,0.5526906,0.46411023,0.50403965,0.48263487,0.58644885,0.56427854,0.015633563,0.49670413,0.0025237254,0.26218015,0.0052710837,0.2199652,0.053551625,0.074030295,0.015380124,0.001976184,0.02479816,0.25256836,0.00705271,0.013454154,0.0073458264,0.062046263,0.35253605,0.08192282,0.12619172,0.12090511,0.26759952,0.25371075,0.0883079
C:\Users\leejy\Desktop\test_experiment\dataset\test\case1_original\fake\svd\original\fake_svd_008.mp4,case1_original,original,svd,1,0.5124486,0.51483667,0.46655318,0.4095307,0.50659144,0.70466846,0.5802926,0.818229,0.6172819,0.1561049,0.98739934,0.9999943,0.9867517,0.9090225,0.89005554,0.80685264,0.9001793,0.9109423,0.33155248,0.8855325,0.7475238,0.7797414,0.7414401,0.41851866,0.5660185,0.91367656,0.91436726,0.93784,0.81859183,0.8934954
C:\Users\leejy\Desktop\test_experiment\dataset\test\case1_original\fake\svd\original\fake_svd_009.mp4,case1_original,original,svd,1,0.45573598,0.64122576,0.5203745,0.40239212,0.5757557,0.40892574,0.5870852,0.2512571,0.3127372,0.45320135,0.68236214,0.9849274,0.6980722,0.7662499,0.5087119,0.83155376,0.9615699,0.7520467,0.844409,0.9888958,0.8611883,0.83038795,0.78170586,0.26702574,0.95679593,0.8509028,0.83148545,0.7198762,0.8456877,0.8755211
C:\Users\leejy\Desktop\test_experiment\dataset\test\case1_original\fake\svd\original\fake_svd_023.mp4,case1_original,original,svd,1,0.42105332,0.52842695,0.4898886,0.44394696,0.52610314,0.5759756,0.5637983,0.9901496,0.7201961,0.99981517,0.99693066,0.9999782,0.9877823,0.9498557,0.9961941,0.7488118,0.55932015,0.50659144,0.52238494,0.82608134,0.8110782,0.8988553,0.95814794,0.29250687,0.8579467,0.79286546,0.6631784,0.87396973,0.91696864,0.83335847
C:\Users\leejy\Desktop\test_experiment\dataset\test\case1_original\fake\svd\original\fake_svd_024.mp4,case1_original,original,svd,1,0.44012332,0.54182553,0.44845647,0.5335949,0.48352647,0.6509667,0.541227,0.992725,0.8418622,0.9995345,0.9589241,0.99947053,0.9083743,0.95626813,0.9098069,0.9347534,0.9687676,0.8849373,0.60481477,0.9913892,0.9495292,0.9923786,0.95253,0.5401963,0.9438154,0.8217605,0.71738327,0.8284536,0.93891287,0.49700928
C:\Users\leejy\Desktop\test_experiment\dataset\test\case1_original\fake\svd\original\fake_svd_027.mp4,case1_original,original,svd,1,0.5552694,0.60991627,0.5075716,0.4862953,0.5173271,0.6797902,0.75219464,0.9931826,0.81148934,0.9999707,0.9978636,0.99986815,0.98337495,0.9471371,0.9943909,0.6917577,0.9659317,0.84237754,0.58680403,0.95589906,0.8875462,0.9781563,0.97662467,0.570092,0.9526182,0.6618136,0.6713763,0.48060057,0.5541538,0.4279196
C:\Users\leejy\Desktop\test_experiment\dataset\test\case1_original\fake\svd\original\fake_svd_029.mp4,case1_original,original,svd,1,0.41457292,0.55772483,0.44908682,0.46350497,0.4217081,0.6419749,0.8903419,0.9598375,0.64968973,0.9979771,0.88676405,0.99682426,0.6123314,0.7853909,0.89488137,0.5142326,0.81397885,0.3656832,0.60539085,0.41718245,0.53488207,0.49722293,0.617628,0.44697747,0.29614508,0.46386924,0.13788036,0.10141133,0.29905403,0.6579404
C:\Users\leejy\Desktop\test_experiment\dataset\test\case1_original\fake\svd\original\fake_svd_036.mp4,case1_original,original,svd,1,0.50213623,0.54565644,0.47720394,0.48329782,0.49224916,0.72267383,0.70555687,0.994615,0.7066967,0.9970765,0.9274291,0.9118885,0.93105614,0.6126863,0.8898164,0.5325068,0.5909157,0.63813084,0.6289203,0.9396923,0.47993022,0.14276887,0.40240312,0.4370575,0.4923102,0.5196127,0.27439997,0.73335636,0.5125096,0.23070303
C:\Users\leejy\Desktop\test_experiment\dataset\test\case1_original\fake\svd\original\fake_svd_041.mp4,case1_original,original,svd,1,0.4525057,0.5476077,0.38580844,0.46981102,0.47094953,0.6516009,0.78473175,0.9075583,0.7296876,0.9932025,0.935317,0.99649614,0.593786,0.80325097,0.7122322,0.18417986,0.47757226,0.33682168,0.19740576,0.54461974,0.5038857,0.6691506,0.6016082,0.38559878,0.47481382,0.9146726,0.78249633,0.9679902,0.78340906,0.88308483
C:\Users\leejy\Desktop\test_experiment\dataset\test\case1_original\fake\svd\original\fake_svd_051.mp4,case1_original,original,svd,1,0.43402645,0.5186376,0.52147114,0.5499881,0.4141582,0.6977055,0.6987793,0.9692078,0.63798994,0.99857855,0.9877823,0.9994319,0.8600462,0.92338526,0.95329684,0.973519,0.9822366,0.9050919,0.8288003,0.99227446,0.9932025,0.9953635,0.9933201,0.641661,0.9923934,0.9864157,0.9807473,0.9917163,0.98765194,0.98024315
C:\Users\leejy\Desktop\test_experiment\dataset\test\case1_original\fake\svd\original\fake_svd_056.mp4,case1_original,original,svd,1,0.43927372,0.53610796,0.39517793,0.39910886,0.46569884,0.53260744,0.6791255,0.88696,0.5051268,0.9213223,0.87359273,0.9925538,0.8597815,0.29997602,0.50027466,0.8977402,0.9948403,0.9691057,0.4746312,0.989066,0.9287327,0.985663,0.9346938,0.50970334,0.9230392,0.72574586,0.66011757,0.8127931,0.91957027,0.8244619
C:\Users\leejy\Desktop\test_experiment\dataset\test\case1_original\fake\svd\original\fake_svd_057.mp4,case1_original,original,svd,1,0.5420907,0.546914,0.5099169,0.5300332,0.45974308,0.725065,0.53608525,0.96995664,0.86675406,0.9993881,0.997917,0.99943966,0.9555893,0.98646784,0.99195355,0.9202539,0.9332485,0.87530154,0.79454446,0.97513086,0.9322685,0.9163345,0.92683524,0.6241495,0.930553,0.9941801,0.9639839,0.9883128,0.9956176,0.99476975
C:\Users\leejy\Desktop\test_experiment\dataset\test\case1_original\fake\svd\original\fake_svd_058.mp4,case1_original,original,svd,1,0.4085127,0.53468466,0.47788918,0.5191557,0.4874904,0.79905057,0.71946985,0.98780584,0.86546594,0.99958426,0.9987257,0.9999912,0.9656736,0.9741658,0.995142,0.79998976,0.7237978,0.85239875,0.71844625,0.9053223,0.982591,0.97467697,0.89501905,0.58087224,0.9275932,0.9811126,0.9653158,0.90320885,0.974701,0.96644217
C:\Users\leejy\Desktop\test_experiment\dataset\test\case1_original\fake\svd\original\fake_svd_060.mp4,case1_original,original,svd,1,0.5298412,0.5381111,0.48145384,0.5550132,0.3999581,0.5848381,0.46772113,0.75258696,0.6073721,0.98779404,0.964822,0.8923751,0.3270232,0.7866228,0.56001204,0.6779006,0.8729443,0.54140884,0.6283504,0.8116014,0.8540954,0.8607792,0.8299059,0.50875765,0.56994987,0.9871169,0.9410612,0.93698055,0.94776917,0.9560224
C:\Users\leejy\Desktop\test_experiment\dataset\test\case1_original\fake\svd\original\fake_svd_063.mp4,case1_original,original,svd,1,0.48362553,0.62016165,0.48413238,0.51877475,0.41649997,0.70513827,0.49173048,0.35426548,0.6584175,0.08192282,0.9201462,0.81582016,0.35958898,0.3974998,0.5882832,0.78091323,0.8086723,0.7555468,0.7291101,0.8305941,0.54116637,0.75868946,0.7692103,0.5093983,0.66817695,0.8548847,0.7589575,0.8041754,0.9157713,0.749179
C:\Users\leejy\Desktop\test_experiment\dataset\test\case1_original\fake\svd\original\fake_svd_071.mp4,case1_original,original,svd,1,0.5786416,0.5432192,0.6040779,0.4100769,0.58962035,0.7751796,0.8590145,0.99804294,0.81286734,0.9998989,0.98421544,0.9998568,0.9765354,0.9905691,0.99765414,0.8344743,0.95869267,0.95869267,0.66128063,0.9759235,0.95447797,0.9825575,0.82866174,0.5518152,0.95430803,0.9956346,0.9807842,0.99344844,0.9869544,0.9930559
C:\Users\leejy\Desktop\test_experiment\dataset\test\case1_original\fake\svd\original\fake_svd_072.mp4,case1_original,original,svd,1,0.47849834,0.5898345,0.47916853,0.5008316,0.50363153,0.6472131,0.69634557,0.9890976,0.5772571,0.98470104,0.91398406,0.99344844,0.75953764,0.702479,0.82824534,0.5283661,0.9314625,0.7580184,0.36678818,0.9186994,0.7725307,0.8698252,0.83887786,0.49090675,0.77076685,0.8607792,0.8895289,0.9408984,0.9749169,0.67109346
C:\Users\leejy\Desktop\test_experiment\dataset\test\case1_original\fake\svd\original\fake_svd_088.mp4,case1_original,original,svd,1,0.41213083,0.58479,0.44337445,0.46308002,0.5695534,0.6383846,0.69958806,0.64187145,0.71012604,0.7504156,0.9273633,0.9258357,0.16082539,0.274935,0.63996106,0.19965887,0.06250249,0.044535205,0.13184245,0.07661468,0.29348043,0.19314738,0.20955054,0.4018345,0.31369567,0.5092763,0.6889918,0.35902697,0.21572226,0.43086562
C:\Users\leejy\Desktop\test_experiment\dataset\test\case1_original\fake\svd\original\fake_svd_108.mp4,case1_original,original,svd,1,0.39386576,0.47775024,0.46132013,0.4862248,0.504074,0.576732,0.7570767,0.9744105,0.7858021,0.9992022,0.9635748,0.98977125,0.4287117,0.891811,0.9771756,0.6774207,0.80147004,0.4987793,0.49006784,0.93919235,0.7689935,0.9465473,0.92944044,0.5218367,0.81047887,0.7507356,0.35192332,0.23157077,0.67105305,0.65390086
C:\Users\leejy\Desktop\test_experiment\dataset\test\case1_original\fake\svd\original\fake_svd_109.mp4,case1_original,original,svd,1,0.5196889,0.55162656,0.46435502,0.48507372,0.51061857,0.5619361,0.78021276,0.91398406,0.7870873,0.8056322,0.6956612,0.99622726,0.37952211,0.8248149,0.75561446,0.47991118,0.5499277,0.3031126,0.54474086,0.52409023,0.6527673,0.5255058,0.63710135,0.5829066,0.4735355,0.49960327,0.49554455,0.45305768,0.3286439,0.7914989
C:\Users\leejy\Desktop\test_experiment\dataset\test\case1_original\fake\svd\original\fake_svd_115.mp4,case1_original,original,svd,1,0.52348125,0.5749244,0.51714414,0.56304765,0.4686728,0.52690196,0.7216942,0.8382168,0.7267151,0.76838577,0.6284074,0.003383191,0.6827853,0.19486527,0.028925719,0.958654,0.9739189,0.9118689,0.7037531,0.98403233,0.97947216,0.98283976,0.91321325,0.5802034,0.90882045,0.8969304,0.33101162,0.7985798,0.8890481,0.751876
C:\Users\leejy\Desktop\test_experiment\dataset\test\case1_original\fake\svd\original\fake_svd_130.mp4,case1_original,original,svd,1,0.5424846,0.5277653,0.47614196,0.46766984,0.46665382,0.55886877,0.5053165,0.98803884,0.52622104,0.9841393,0.9721515,0.999949,0.7422816,0.9348725,0.96586746,0.8433798,0.94994867,0.86596256,0.7391401,0.97903574,0.958654,0.9012708,0.93409514,0.5355843,0.9508236,0.99486035,0.967256,0.995488,0.9920466,0.9900058
C:\Users\leejy\Desktop\test_experiment\dataset\test\case1_original\fake\svd\original\fake_svd_140.mp4,case1_original,original,svd,1,0.5244708,0.51095694,0.490289,0.48842067,0.5384675,0.7248703,0.9309621,0.9548583,0.8774768,0.97702265,0.9940544,0.9998568,0.99003476,0.99177235,0.99324185,0.94644845,0.9302684,0.92910343,0.6370026,0.98427594,0.9701269,0.9781772,0.9046505,0.45032918,0.9360809,0.96411926,0.9581087,0.9730109,0.9723622,0.96544635
C:\Users\leejy\Desktop\test_experiment\dataset\test\case1_original\fake\svd\original\fake_svd_144.mp4,case1_original,original,svd,1,0.45109978,0.64592993,0.472075,0.52348125,0.5359486,0.7615385,0.6182908,0.88308483,0.6135839,0.9982003,0.99899167,0.99980706,0.97234917,0.9935868,0.88247854,0.9743861,0.9794133,0.9267358,0.6679316,0.9953181,0.9744591,0.9719126,0.9664738,0.5759756,0.9246196,0.8578277,0.89729095,0.9254324,0.93349147,0.93587595
C:\Users\leejy\Desktop\test_experiment\dataset\test\case1_original\fake\svd\original\fake_svd_152.mp4,case1_original,original,svd,1,0.48549297,0.56799656,0.53241944,0.513333,0.4827339,0.6666324,0.61520344,0.9944613,0.77696157,0.9998802,0.9990054,0.9999987,0.99407744,0.99665606,0.9980696,0.62906283,0.0751764,0.5747528,0.4671798,0.4640514,0.43902567,0.13951358,0.34911656,0.47791964,0.42435235,0.9714559,0.97510713,0.9872158,0.98819935,0.97786224
C:\Users\leejy\Desktop\test_experiment\dataset\test\case1_original\fake\svd\original\fake_svd_154.mp4,case1_original,original,svd,1,0.46264753,0.5503657,0.49620447,0.52760553,0.5227732,0.73335636,0.6660625,0.984063,0.79680675,0.99820733,0.9948102,0.99668854,0.8821743,0.9625677,0.9941347,0.9296961,0.972178,0.9206828,0.68138236,0.97467697,0.9502727,0.9811849,0.9765354,0.6380675,0.9582651,0.9799382,0.93991333,0.978733,0.9789755,0.9706043
C:\Users\leejy\Desktop\test_experiment\dataset\test\case1_original\fake\svd\original\fake_svd_157.mp4,case1_original,original,svd,1,0.4626798,0.54179525,0.47898576,0.4728432,0.44184235,0.6278371,0.6327297,0.93930376,0.6607199,0.83969295,0.74581516,0.9963642,0.87716144,0.88033485,0.89309984,0.70831347,0.61196184,0.60964036,0.76629364,0.8475266,0.5613651,0.18520921,0.6972998,0.5848937,0.68299675,0.8975158,0.85567033,0.964822,0.92821383,0.9036349
C:\Users\leejy\Desktop\test_experiment\dataset\test\case1_original\fake\svd\original\fake_svd_163.mp4,case1_original,original,svd,1,0.44528076,0.5958013,0.5355197,0.53309363,0.56553864,0.60673153,0.93263763,0.6517983,0.47706687,0.9658513,0.972178,0.9935681,0.98427594,0.7390459,0.9760608,0.37672344,0.82983696,0.57284224,0.2216875,0.84508145,0.56789917,0.4822653,0.5067745,0.27134824,0.47548354,0.46572158,0.71943295,0.7178038,0.45223352,0.43336686
C:\Users\leejy\Desktop\test_experiment\dataset\test\case1_original\fake\svd\original\fake_svd_164.mp4,case1_original,original,svd,1,0.52627426,0.5433555,0.49395782,0.48437625,0.38307136,0.6623871,0.8943289,0.9647556,0.796787,0.9996699,0.58717394,0.9995566,0.42317495,0.9407353,0.7829116,0.8171371,0.8269914,0.9494823,0.66614395,0.97821885,0.84940994,0.699556,0.83250916,0.5455279,0.61504453,0.93108755,0.8056322,0.7783125,0.86731696,0.8786791
C:\Users\leejy\Desktop\test_experiment\dataset\test\case1_original\real\instagram\00001.mp4,case1_original,instagram,real,0,0.4902509,0.5105728,0.50741524,0.49070275,0.5739843,0.6863175,0.7770039,0.2193375,0.74853617,0.0065769986,0.03152919,0.0023051251,0.025565213,0.13064548,0.118742295,0.67425156,0.60225165,0.48810038,0.45892456,0.8362874,0.8983214,0.8347439,0.86647177,0.572185,0.808559,0.9422947,0.9452985,0.9837382,0.88902396,0.82949203
C:\Users\leejy\Desktop\test_experiment\dataset\test\case1_original\real\instagram\00006.mp4,case1_original,instagram,real,0,0.5202726,0.561891,0.4480942,0.50742286,0.49734497,0.5781058,0.59819484,0.039121643,0.5129366,0.0026965393,0.1698185,0.003228764,0.11260009,0.15348572,0.07369627,0.82893884,0.8572311,0.8044443,0.83999664,0.8636218,0.9926684,0.99155444,0.98260766,0.5961393,0.9813107,0.87310666,0.75797355,0.9349913,0.92529744,0.63047874
C:\Users\leejy\Desktop\test_experiment\dataset\test\case1_original\real\instagram\00007.mp4,case1_original,instagram,real,0,0.48058912,0.50965,0.45990983,0.4067147,0.472075,0.6139022,0.5550132,0.5725883,0.54927796,0.0054639652,0.24186972,0.82297295,0.3545448,0.18242551,0.10870828,0.91413754,0.96606,0.95751673,0.48675847,0.9268683,0.9664738,0.95190793,0.9158089,0.515437,0.82165307,0.88700897,0.9152803,0.9384068,0.93851966,0.89561397
C:\Users\leejy\Desktop\test_experiment\dataset\test\case1_original\real\instagram\00008.mp4,case1_original,instagram,real,0,0.4600008,0.61413366,0.4948408,0.41182032,0.592895,0.31443197,0.6013302,0.04185213,0.25418484,0.0020467502,0.06816438,0.024774553,0.22194034,0.24639733,0.13632068,0.8617128,0.98041254,0.77786463,0.82233185,0.9856215,0.9382373,0.9681712,0.9141759,0.3266338,0.9736447,0.38131315,0.4112882,0.39234045,0.4190535,0.40777552
C:\Users\leejy\Desktop\test_experiment\dataset\test\case1_original\real\instagram\00022.mp4,case1_original,instagram,real,0,0.41211602,0.50791293,0.47750276,0.45394257,0.48841304,0.47002196,0.39402607,0.1399244,0.48023492,0.0015517841,0.04099903,0.00023597176,0.05572029,0.023621807,0.08144666,0.7891525,0.39890027,0.26114246,0.50668293,0.532729,0.9416005,0.9766915,0.958654,0.34444344,0.94522274,0.56787676,0.16599831,0.6857653,0.6736749,0.63136524
C:\Users\leejy\Desktop\test_experiment\dataset\test\case1_original\real\instagram\00023.mp4,case1_original,instagram,real,0,0.42296636,0.4989319,0.46898824,0.51055753,0.43953684,0.6123676,0.4668456,0.037856843,0.5978427,0.084322944,0.15272598,0.0906147,0.46950603,0.1520952,0.13767734,0.96835136,0.9832628,0.9197147,0.7483983,0.9911698,0.9901592,0.99727964,0.9724409,0.55664057,0.9629877,0.32753387,0.12018042,0.16178322,0.33794054,0.26288915
C:\Users\leejy\Desktop\test_experiment\dataset\test\case1_original\real\instagram\00026.mp4,case1_original,instagram,real,0,0.5217453,0.57397693,0.431165,0.4055223,0.45445704,0.6175703,0.69259,0.95136863,0.6288634,0.99849594,0.9342153,0.787768,0.75935924,0.41440907,0.89629674,0.91102153,0.99434716,0.95600194,0.74927074,0.9892855,0.9693242,0.9891187,0.9754135,0.5980775,0.9275932,0.8113773,0.7013744,0.4127077,0.6836307,0.6476032
C:\Users\leejy\Desktop\test_experiment\dataset\test\case1_original\real\instagram\00028.mp4,case1_original,instagram,real,0,0.42092687,0.551385,0.5156847,0.46958107,0.47782826,0.5215625,0.5919591,0.06656919,0.40768707,0.012989152,0.17589168,0.00016931271,0.042245496,0.1869842,0.03882902,0.9748691,0.9978594,0.9727014,0.8379518,0.9956006,0.9744105,0.98300374,0.9785903,0.5804115,0.9502266,0.6520337,0.30595648,0.27977931,0.34004676,0.74365115
C:\Users\leejy\Desktop\test_experiment\dataset\test\case1_original\real\instagram\00035.mp4,case1_original,instagram,real,0,0.4964486,0.55999696,0.47957987,0.49916077,0.46835747,0.69412124,0.7023259,0.9024378,0.6947688,0.3273457,0.9507321,0.37080014,0.6281794,0.50219727,0.80018497,0.98825616,0.99613816,0.9915707,0.8760524,0.9996222,0.9959849,0.9967524,0.99111825,0.63648194,0.99174845,0.9590394,0.8736466,0.9889705,0.9848838,0.90205014
C:\Users\leejy\Desktop\test_experiment\dataset\test\case1_original\real\instagram\00040.mp4,case1_original,instagram,real,0,0.47260362,0.47233358,0.46988514,0.3923659,0.503826,0.66911846,0.84740037,0.61204886,0.63990486,0.08907749,0.051415116,0.34912348,0.11167642,0.06319269,0.089057684,0.6815414,0.67752737,0.55910945,0.39150044,0.71399283,0.43342683,0.2725567,0.5722747,0.40394154,0.49115083,0.84195566,0.754463,0.9257015,0.6509112,0.817283
C:\Users\leejy\Desktop\test_experiment\dataset\test\case1_original\real\instagram\00050.mp4,case1_original,instagram,real,0,0.46648672,0.5261906,0.49070847,0.5020447,0.40724498,0.59508085,0.62409306,0.055463932,0.43626174,0.0066282395,0.38393,0.3062417,0.2944178,0.4650382,0.35081744,0.96160597,0.97573924,0.8854799,0.77990913,0.9801103,0.9859364,0.983518,0.98735064,0.61929864,0.974701,0.744842,0.7190878,0.5906906,0.9226916,0.8753081
C:\Users\leejy\Desktop\test_experiment\dataset\test\case1_original\real\instagram\00055.mp4,case1_original,instagram,real,0,0.44470796,0.5382779,0.40930933,0.3934833,0.45491102,0.48835203,0.63230413,0.22686929,0.35678276,0.42274293,0.039527465,0.0022343625,0.115311585,0.0460339,0.032867983,0.78927433,0.9932156,0.9002533,0.41996852,0.98410887,0.9678385,0.9893885,0.9517288,0.49432397,0.8475266,0.4271055,0.39685678,0.60097903,0.74456346,0.4478225
C:\Users\leejy\Desktop\test_experiment\dataset\test\case1_original\real\instagram\00056.mp4,case1_original,instagram,real,0,0.5280771,0.529788,0.5049056,0.4803111,0.46866903,0.51729655,0.38557708,0.027663978,0.64015794,0.0035761609,0.022414219,0.0002976958,0.19125332,0.03243615,0.046248805,0.9337335,0.94287604,0.8282106,0.77072376,0.962462,0.8733229,0.8969756,0.8101787,0.5841229,0.7478347,0.32699633,0.04360953,0.13649325,0.4330821,0.23886076
C:\Users\leejy\Desktop\test_experiment\dataset\test\case1_original\real\instagram\00057.mp4,case1_original,instagram,real,0,0.47429445,0.5075068,0.48485267,0.5099169,0.44746596,0.73359495,0.6095968,0.86188734,0.81471705,0.94578874,0.8587778,0.73244834,0.6930057,0.59166056,0.6401298,0.99502736,0.9980392,0.98707956,0.84581506,0.9995523,0.9990207,0.9994081,0.99485034,0.5723344,0.9966949,0.9764232,0.93645954,0.9551939,0.98975134,0.91192764
C:\Users\leejy\Desktop\test_experiment\dataset\test\case1_original\real\instagram\00059.mp4,case1_original,instagram,real,0,0.4743953,0.5459061,0.5031089,0.4688248,0.50951654,0.67068917,0.5415528,0.3713076,0.5100084,0.35309356,0.9300146,0.26557085,0.40274444,0.41341794,0.3797521,0.87987113,0.9516839,0.80555576,0.78336763,0.86425316,0.9151287,0.9790157,0.9382939,0.4816519,0.771198,0.13892843,0.024916517,0.08359067,0.045394883,0.1715464
C:\Users\leejy\Desktop\test_experiment\dataset\test\case1_original\real\instagram\00062.mp4,case1_original,instagram,real,0,0.4555619,0.5700172,0.44046926,0.50268555,0.4032951,0.6803413,0.55987287,0.04099903,0.69755745,0.030894337,0.036254164,0.00014510751,0.022201229,0.08299415,0.02878888,0.92478967,0.96189344,0.9212692,0.8543993,0.9458513,0.97339284,0.98046875,0.9834387,0.595272,0.9860443,0.9638481,0.9600252,0.96171397,0.9898107,0.9467446
C:\Users\leejy\Desktop\test_experiment\dataset\test\case1_original\real\instagram\00070.mp4,case1_original,instagram,real,0,0.52930325,0.61277324,0.53518957,0.48314545,0.43524128,0.8084455,0.47944275,0.40979642,0.75470036,0.4757271,0.059047263,0.96757925,0.24144468,0.23083305,0.15746048,0.4871244,0.7049733,0.7879312,0.5708323,0.7582422,0.75192153,0.89152807,0.6110049,0.47475293,0.7735159,0.56283736,0.22151907,0.061932698,0.6734602,0.8035595
C:\Users\leejy\Desktop\test_experiment\dataset\test\case1_original\real\instagram\00071.mp4,case1_original,instagram,real,0,0.4849441,0.6333252,0.49099064,0.48768866,0.51055753,0.6427409,0.54722214,0.89572805,0.6502452,0.08917659,0.30187634,0.85699195,0.4433594,0.78598696,0.4119386,0.984063,0.9969246,0.9741658,0.84453726,0.9991474,0.9792749,0.9900828,0.98184055,0.60147655,0.9462003,0.9839245,0.9845011,0.9923786,0.9911698,0.9638821
C:\Users\leejy\Desktop\test_experiment\dataset\test\case1_original\real\instagram\00087.mp4,case1_original,instagram,real,0,0.41242662,0.5880318,0.48340452,0.5136532,0.5508566,0.5485828,0.6005984,0.03637377,0.46854746,0.011386588,0.38371348,0.31991765,0.046616334,0.022521457,0.25669223,0.85615206,0.60279256,0.629376,0.5005493,0.68780696,0.93891287,0.94781744,0.85512674,0.51903373,0.8476212,0.9856076,0.9847378,0.9899087,0.97917557,0.9916923
C:\Users\leejy\Desktop\test_experiment\dataset\test\case1_original\real\instagram\00107.mp4,case1_original,instagram,real,0,0.34972703,0.49479696,0.5214217,0.4719837,0.5402759,0.56276983,0.7245293,0.48999158,0.77093935,0.93496895,0.70084363,0.061452195,0.22678362,0.515608,0.61503005,0.8292847,0.8268516,0.5391045,0.5357133,0.88548297,0.9627783,0.98475236,0.97107434,0.61207783,0.9208965,0.49475497,0.22983758,0.124213,0.50964236,0.47653398
C:\Users\leejy\Desktop\test_experiment\dataset\test\case1_original\real\instagram\00108.mp4,case1_original,instagram,real,0,0.53278977,0.56339294,0.46872982,0.4806615,0.562214,0.54534626,0.77598697,0.49240172,0.6533481,0.015108915,0.16704874,0.19333771,0.10092292,0.093885496,0.18068422,0.6751759,0.7962132,0.55096984,0.44552955,0.5861084,0.93306583,0.89274967,0.8623516,0.55947053,0.7582534,0.88523525,0.9408442,0.904903,0.71885663,0.937783
C:\Users\leejy\Desktop\test_experiment\dataset\test\case1_original\real\instagram\00114.mp4,case1_original,instagram,real,0,0.51840144,0.5577098,0.50830764,0.5271948,0.4657026,0.4858436,0.5588725,0.24151175,0.6533481,0.10475174,0.04352814,2.780245e-06,0.12215622,0.019624962,0.0022783307,0.746139,0.6414224,0.6974029,0.64203984,0.58943576,0.8945133,0.9343353,0.8490348,0.6208227,0.75853294,0.72335833,0.20418318,0.36938614,0.85213745,0.49673468
C:\Users\leejy\Desktop\test_experiment\dataset\test\case1_original\real\instagram\00129.mp4,case1_original,instagram,real,0,0.4802273,0.52239066,0.54081774,0.4311519,0.50772035,0.41211602,0.47676235,0.96242666,0.4291901,0.63827175,0.38499883,0.42190903,0.18526448,0.63467073,0.43896556,0.9018775,0.9890976,0.9069523,0.5850715,0.9882108,0.9740426,0.98173577,0.94815457,0.48822236,0.95163894,0.60138875,0.28017303,0.38263154,0.6704245,0.7482603
C:\Users\leejy\Desktop\test_experiment\dataset\test\case1_original\real\instagram\00139.mp4,case1_original,instagram,real,0,0.44052944,0.5397338,0.4783918,0.41072673,0.5430829,0.68270594,0.57719743,0.7464626,0.68365717,0.06799399,0.5623868,0.004857966,0.4979248,0.2747586,0.066206016,0.7489495,0.80821866,0.6575384,0.3908391,0.8121234,0.95699733,0.7777222,0.7669488,0.39112976,0.73978686,0.6019098,0.22088815,0.14116298,0.4658013,0.8273404
C:\Users\leejy\Desktop\test_experiment\dataset\test\case1_original\real\instagram\00143.mp4,case1_original,instagram,real,0,0.33982763,0.61508787,0.48642302,0.45962182,0.42678443,0.4583184,0.41489145,0.02967562,0.49822995,0.017661398,0.028436035,6.761843e-05,0.023870835,0.045268092,0.023712069,0.9642206,0.968441,0.8903419,0.74595404,0.9858549,0.96485513,0.9323918,0.9509604,0.5115336,0.84273374,0.41709343,0.28876963,0.34246156,0.51436985,0.6486959
C:\Users\leejy\Desktop\test_experiment\dataset\test\case1_original\real\instagram\00151.mp4,case1_original,instagram,real,0,0.43357673,0.53059375,0.4920966,0.45306525,0.46511415,0.5268753,0.5551941,0.303248,0.75927,0.031173313,0.9355235,0.98482555,0.89731354,0.8484707,0.90934503,0.5538673,0.028274601,0.5125706,0.40518153,0.032466818,0.75178486,0.4325146,0.6596519,0.4415526,0.4281736,0.70765734,0.6846858,0.6195576,0.7605617,0.6355052
C:\Users\leejy\Desktop\test_experiment\dataset\test\case1_original\real\instagram\00153.mp4,case1_original,instagram,real,0,0.39840645,0.51311004,0.4704021,0.49277166,0.53567535,0.65351397,0.5752301,0.27133298,0.690246,0.08752484,0.9948403,0.86573577,0.82183194,0.9365757,0.98387814,0.98735064,0.99871576,0.99001545,0.8694931,0.9992606,0.9945095,0.9969957,0.99644804,0.65589416,0.99190676,0.983327,0.97708833,0.99457306,0.99620515,0.9796482
C:\Users\leejy\Desktop\test_experiment\dataset\test\case1_original\real\instagram\00156.mp4,case1_original,instagram,real,0,0.43876263,0.561861,0.51544076,0.49842834,0.46198753,0.6042238,0.5213303,0.122996464,0.47402242,0.0005759092,0.016497836,1.2656287e-05,0.091625646,0.055617616,0.06797852,0.61074376,0.5084402,0.55278116,0.70426184,0.5000801,0.61273336,0.36299744,0.7676898,0.5827285,0.78376096,0.6492868,0.76149416,0.8795612,0.928668,0.8879841
C:\Users\leejy\Desktop\test_experiment\dataset\test\case1_original\real\instagram\00162.mp4,case1_original,instagram,real,0,0.3967107,0.60056907,0.4558145,0.46050116,0.5662284,0.4325427,0.72754014,0.03821415,0.3494217,0.0143854115,0.051272422,0.06011423,0.26654816,0.025760561,0.1640472,0.6267527,0.76401234,0.5932558,0.37481928,0.64049,0.53713244,0.3777415,0.48802415,0.29563648,0.48907644,0.6242649,0.79645085,0.86060363,0.37503386,0.82254577
C:\Users\leejy\Desktop\test_experiment\dataset\test\case1_original\real\instagram\00163.mp4,case1_original,instagram,real,0,0.46576715,0.55330914,0.495474,0.45817444,0.4095307,0.5075068,0.8117506,0.06602513,0.4449265,0.002214854,0.008315779,0.0010222099,0.01498589,0.09687654,0.016753288,0.2747647,0.08280853,0.45883366,0.37195253,0.028816197,0.37533435,0.109658085,0.33304211,0.47925997,0.13028543,0.37284768,0.17967446,0.08108211,0.21149823,0.15424858
C:\Users\leejy\Desktop\test_experiment\dataset\test\case1_original\fake\pika\instagram\fake_pika_000.mp4,case1_original,instagram,pika,1,0.3863293,0.4762295,0.48071483,0.59331477,0.49755862,0.54713136,0.64718527,0.31699002,0.85003346,0.03484803,0.6709857,0.121008955,0.258326,0.8541866,0.648021,0.8013923,0.53855854,0.765418,0.71159375,0.8090497,0.50598115,0.5897385,0.7421883,0.51327205,0.80704284,0.9352874,0.95972437,0.9418149,0.95911604,0.9563089
C:\Users\leejy\Desktop\test_experiment\dataset\test\case1_original\fake\pika\instagram\fake_pika_001.mp4,case1_original,instagram,pika,1,0.50154305,0.58014387,0.39776295,0.5043143,0.495453,0.51377517,0.5685356,0.3083041,0.77001655,0.60369825,0.9063635,0.62667763,0.49084574,0.71432924,0.5790433,0.8984105,0.9291838,0.9129808,0.7891525,0.9730365,0.76087284,0.74316794,0.8451134,0.53114855,0.84266907,0.98638946,0.97520185,0.97903574,0.9872773,0.9890554
C:\Users\leejy\Desktop\test_experiment\dataset\test\case1_original\fake\pika\instagram\fake_pika_002.mp4,case1_original,instagram,pika,1,0.41172424,0.54886997,0.46606332,0.4532921,0.5283509,0.6003934,0.56706774,0.67308426,0.7468321,0.28876963,0.5678467,0.7974779,0.60361785,0.7074552,0.16825819,0.9864287,0.97943294,0.9738444,0.9352874,0.99719363,0.9027811,0.8881781,0.9257686,0.63424957,0.86124665,0.94154674,0.9355235,0.9075583,0.96415305,0.94068086
C:\Users\leejy\Desktop\test_experiment\dataset\test\case1_original\fake\pika\instagram\fake_pika_003.mp4,case1_original,instagram,pika,1,0.49368322,0.54210585,0.48788688,0.42675453,0.46863863,0.74460995,0.9155828,0.9925103,0.74816835,0.9995932,0.91436726,0.96405166,0.73895174,0.9727014,0.9598375,0.97838473,0.98235554,0.9838627,0.8431217,0.9956346,0.96580297,0.990329,0.98486924,0.63636017,0.9784671,0.99530905,0.99724233,0.9941233,0.9942363,0.9942363
C:\Users\leejy\Desktop\test_experiment\dataset\test\case1_original\fake\pika\instagram\fake_pika_004.mp4,case1_original,instagram,pika,1,0.51676315,0.5604331,0.4974976,0.5654188,0.49182203,0.59258556,0.6629601,0.89358836,0.743657,0.9968945,0.78082967,0.97788346,0.8800259,0.8242498,0.92472166,0.9337335,0.92495924,0.92879725,0.7415337,0.9683812,0.7904494,0.9273633,0.9300146,0.5317413,0.92146367,0.81219786,0.6426568,0.9498557,0.9185533,0.90853673
C:\Users\leejy\Desktop\test_experiment\dataset\test\case1_original\fake\pika\instagram\fake_pika_005.mp4,case1_original,instagram,pika,1,0.46155906,0.5286627,0.5281684,0.5152312,0.53689533,0.5806493,0.82775855,0.18828668,0.37088025,0.054853205,0.33761287,0.2752271,0.3181673,0.8329343,0.4702196,0.967225,0.994146,0.9684709,0.8843892,0.9990471,0.95253,0.9091839,0.9417078,0.62752336,0.93211424,0.87716144,0.86112994,0.90000373,0.9354055,0.96171397
C:\Users\leejy\Desktop\test_experiment\dataset\test\case1_original\fake\pika\instagram\fake_pika_006.mp4,case1_original,instagram,pika,1,0.45992503,0.59487486,0.47610772,0.5780239,0.5369807,0.3598139,0.87256473,0.16890836,0.7376309,0.6097565,0.4798693,0.72676516,0.52914554,0.46553934,0.5151321,0.9420286,0.9851003,0.97232294,0.87010133,0.9913223,0.9842306,0.97093683,0.95292586,0.6206791,0.95257413,0.9765577,0.97684664,0.99182796,0.99396133,0.98293835
C:\Users\leejy\Desktop\test_experiment\dataset\test\case1_original\fake\pika\instagram\fake_pika_007.mp4,case1_original,instagram,pika,1,0.5209152,0.604107,0.5009155,0.47423548,0.4755444,0.8268866,0.75482464,0.68650144,0.73573655,0.99680245,0.9207184,0.8785229,0.7533306,0.8693268,0.9108234,0.9429286,0.9920773,0.9725584,0.85989916,0.99825555,0.92683524,0.8862236,0.9129808,0.5007324,0.92944044,0.8829335,0.85470283,0.8578872,0.9712385,0.7376545
C:\Users\leejy\Desktop\test_experiment\dataset\test\case1_original\fake\pika\instagram\fake_pika_008.mp4,case1_original,instagram,pika,1,0.58939147,0.546222,0.5074801,0.40130648,0.48526427,0.91383046,0.9259697,0.9995073,0.91413754,0.99991286,0.9916681,0.9999604,0.9889492,0.9842609,0.999213,0.9654789,0.99549675,0.9578532,0.81115294,0.9978258,0.943608,0.92756045,0.9603612,0.5101915,0.9709644,0.93033177,0.9418149,0.8864204,0.9471371,0.798344
C:\Users\leejy\Desktop\test_experiment\dataset\test\case1_original\fake\pika\instagram\fake_pika_009.mp4,case1_original,instagram,pika,1,0.56035787,0.5109807,0.47886392,0.56334794,0.50811696,0.66946125,0.8288696,0.8424828,0.6654513,0.9595731,0.98314995,0.9909622,0.9244834,0.9627432,0.9267028,0.99650973,0.9996941,0.9944666,0.9393595,0.99980515,0.9697281,0.9911868,0.9890765,0.5748722,0.9953544,0.97583157,0.98192734,0.98786455,0.98327893,0.9878762
C:\Users\leejy\Desktop\test_experiment\dataset\test\case1_original\fake\pika\instagram\fake_pika_010.mp4,case1_original,instagram,pika,1,0.48189193,0.4732236,0.52634275,0.47953033,0.48969033,0.5462541,0.7871142,0.1690112,0.7749242,0.16947459,0.7557722,0.64949524,0.72247803,0.74558365,0.5332038,0.9790758,0.995906,0.97272736,0.9203613,0.99499834,0.9109423,0.9771538,0.97800976,0.6094079,0.9531007,0.9639839,0.94767237,0.9868407,0.94905907,0.9634031
C:\Users\leejy\Desktop\test_experiment\dataset\test\case1_original\fake\pika\instagram\fake_pika_011.mp4,case1_original,instagram,pika,1,0.5202221,0.53265303,0.5341873,0.57251364,0.56279796,0.5426209,0.85342485,0.9408713,0.9894499,0.97302365,0.94825053,0.995142,0.9549004,0.914939,0.9054896,0.9791955,0.9992489,0.98045945,0.9459013,0.99731654,0.9552357,0.99304235,0.9822708,0.6861992,0.9818231,0.96835136,0.99317604,0.9844862,0.9933072,0.9645559
C:\Users\leejy\Desktop\test_experiment\dataset\test\case1_original\fake\pika\instagram\fake_pika_012.mp4,case1_original,instagram,pika,1,0.3562227,0.6606378,0.4783004,0.49477407,0.52661663,0.6730305,0.8153795,0.9791357,0.8842893,0.9996493,0.97555363,0.9610615,0.54183316,0.9948102,0.9918121,0.9259697,0.97023994,0.7930458,0.6694208,0.946051,0.7160201,0.8224032,0.8980982,0.6406684,0.85262895,0.98667485,0.9748452,0.9935494,0.9859228,0.9777564
C:\Users\leejy\Desktop\test_experiment\dataset\test\case1_original\fake\pika\instagram\fake_pika_013.mp4,case1_original,instagram,pika,1,0.5395216,0.6397079,0.5474641,0.5497917,0.3729119,0.588224,0.9116528,0.99609274,0.82587075,0.9991991,0.9859093,0.9995827,0.992725,0.9971495,0.9974039,0.99111825,0.99812144,0.99066,0.92000264,0.9991689,0.97986126,0.9901972,0.9875923,0.59945583,0.9935743,0.983518,0.97583157,0.98873377,0.9849274,0.97546023
C:\Users\leejy\Desktop\test_experiment\dataset\test\case1_original\fake\pika\instagram\fake_pika_014.mp4,case1_original,instagram,pika,1,0.54767007,0.5305405,0.5283813,0.5032653,0.489412,0.728362,0.91030645,0.99456775,0.7744554,0.9971771,0.99723166,0.9993449,0.9954261,0.9812749,0.99389654,0.993346,0.9995728,0.9965166,0.9474297,0.9998104,0.9798227,0.9942251,0.98919195,0.6474082,0.98432124,0.97852874,0.9867517,0.9849563,0.9914391,0.97539
C:\Users\leejy\Desktop\test_experiment\dataset\test\case1_original\fake\pika\instagram\fake_pika_015.mp4,case1_original,instagram,pika,1,0.4066852,0.5290657,0.49874878,0.5607789,0.50823903,0.6319777,0.7011635,0.93177354,0.7994326,0.24735057,0.9543293,0.35563502,0.94664603,0.79916817,0.95331854,0.98327893,0.99920374,0.98050606,0.8684367,0.9979888,0.89176387,0.983327,0.9576358,0.6329992,0.95934516,0.99293363,0.9972531,0.9974191,0.997851,0.98799264
C:\Users\leejy\Desktop\test_experiment\dataset\test\case1_original\fake\pika\instagram\fake_pika_016.mp4,case1_original,instagram,pika,1,0.456141,0.56041807,0.48631626,0.46268544,0.5780909,0.8591327,0.94853723,0.95530874,0.9328214,0.98920244,0.9697854,0.99227446,0.9500415,0.89488137,0.9441254,0.9930153,0.99933845,0.9950707,0.9534054,0.9995016,0.98197925,0.9976859,0.9904406,0.61836284,0.9803562,0.95995015,0.93463427,0.953188,0.96882665,0.98331094
C:\Users\leejy\Desktop\test_experiment\dataset\test\case1_original\fake\pika\instagram\fake_pika_017.mp4,case1_original,instagram,pika,1,0.51160985,0.50698805,0.5089712,0.4516288,0.53456694,0.67181045,0.8320321,0.99944824,0.8019649,0.9931096,0.99871314,0.9999745,0.9960622,0.9773924,0.9950128,0.9923341,0.9946255,0.98735064,0.9046505,0.99869555,0.9874479,0.98947024,0.98518616,0.6643498,0.9669453,0.9466954,0.97957015,0.99029154,0.9892441,0.982117
C:\Users\leejy\Desktop\test_experiment\dataset\test\case1_original\fake\pika\instagram\fake_pika_018.mp4,case1_original,instagram,pika,1,0.49086103,0.5814089,0.49558648,0.54220814,0.5051573,0.6547016,0.8342044,0.9212869,0.64569265,0.87888706,0.6829175,0.8543993,0.71711093,0.90567744,0.8615673,0.98524296,0.9986462,0.990329,0.9134452,0.9993845,0.9746045,0.99227446,0.9600252,0.50689656,0.9516839,0.9589625,0.9572378,0.97074324,0.9810401,0.9535353
C:\Users\leejy\Desktop\test_experiment\dataset\test\case1_original\fake\pika\instagram\fake_pika_019.mp4,case1_original,instagram,pika,1,0.5353717,0.5763557,0.4803111,0.5484468,0.52472955,0.66467637,0.90821165,0.77848095,0.79653,0.9105851,0.8080672,0.9997029,0.8528436,0.93397486,0.97061825,0.97074324,0.9979888,0.9719659,0.8621777,0.99839586,0.96858984,0.9861514,0.96858984,0.5530829,0.9576754,0.75233114,0.73654276,0.6427689,0.7170614,0.5227504
C:\Users\leejy\Desktop\test_experiment\dataset\test\case1_original\fake\pika\instagram\fake_pika_020.mp4,case1_original,instagram,pika,1,0.53127015,0.67281556,0.43487749,0.5226438,0.4846545,0.72413933,0.8127931,0.9693822,0.8344406,0.99477994,0.95208645,0.99928755,0.99060565,0.9814889,0.98777056,0.97923523,0.9972262,0.98056203,0.9186264,0.9987281,0.9858549,0.99648935,0.9916681,0.64846635,0.9911868,0.9721515,0.9534488,0.9747491,0.98102194,0.9555686
C:\Users\leejy\Desktop\test_experiment\dataset\test\case1_original\fake\pika\instagram\fake_pika_021.mp4,case1_original,instagram,pika,1,0.3681785,0.47104076,0.3894014,0.438139,0.47949606,0.49474376,0.8677098,0.38598204,0.19905488,0.006283801,0.25539008,0.7693403,0.5921213,0.44441408,0.27430278,0.9804314,0.99603146,0.9842911,0.8072328,0.9983354,0.9742639,0.9602495,0.96323055,0.6040486,0.9280836,0.86165464,0.80407923,0.913368,0.92944044,0.8945594
C:\Users\leejy\Desktop\test_experiment\dataset\test\case1_original\fake\pika\instagram\fake_pika_022.mp4,case1_original,instagram,pika,1,0.59443355,0.47868496,0.4091876,0.502594,0.5483561,0.4398902,0.92563426,0.7111614,0.23466961,0.27193996,0.58787054,0.8587778,0.71253234,0.8361202,0.5930939,0.7356416,0.9840936,0.928352,0.51561993,0.9507321,0.8226882,0.80746067,0.8611883,0.515315,0.8293538,0.7505528,0.7947835,0.77424216,0.770076,0.7050748
C:\Users\leejy\Desktop\test_experiment\dataset\test\case1_original\fake\pika\instagram\fake_pika_023.mp4,case1_original,instagram,pika,1,0.5127383,0.6098437,0.50921524,0.47432682,0.5574463,0.6714167,0.90000373,0.99751294,0.790894,0.9996711,0.9975799,0.9983158,0.9171358,0.954393,0.9911953,0.88764364,0.97520185,0.9351691,0.6087976,0.9850573,0.7855554,0.82893884,0.88899994,0.55202657,0.8911024,0.86787784,0.9284088,0.95683634,0.9545204,0.94261247
C:\Users\leejy\Desktop\test_experiment\dataset\test\case1_original\fake\pika\instagram\fake_pika_024.mp4,case1_original,instagram,pika,1,0.52178335,0.60690624,0.5556161,0.51744896,0.54997295,0.7729326,0.8247797,0.9943963,0.70842695,0.9979849,0.95699733,0.9914887,0.94468933,0.8882751,0.8171736,0.98691666,0.9784671,0.9733675,0.8996516,0.99803144,0.99442345,0.9890343,0.9870046,0.7224291,0.9907678,0.86476797,0.7534893,0.94458723,0.9403531,0.8504375
C:\Users\leejy\Desktop\test_experiment\dataset\test\case1_original\fake\pika\instagram\fake_pika_025.mp4,case1_original,instagram,pika,1,0.43905574,0.6253809,0.5054624,0.5275219,0.4929738,0.7248718,0.8397997,0.9986749,0.7776378,0.9987031,0.9947901,0.99994004,0.99649614,0.9958216,0.99587005,0.9836442,0.9791357,0.9766024,0.86596256,0.9972262,0.98244,0.9846789,0.97121114,0.6376233,0.9847963,0.9054896,0.81219786,0.9561454,0.9492946,0.92455155
C:\Users\leejy\Desktop\test_experiment\dataset\test\case1_original\fake\pika\instagram\fake_pika_026.mp4,case1_original,instagram,pika,1,0.5919591,0.49646765,0.4955064,0.5426133,0.48390755,0.759058,0.93602234,0.9493534,0.86652833,0.9926399,0.9708817,0.99939406,0.9710193,0.98977125,0.9967963,0.9872158,0.9920466,0.9820483,0.91321325,0.9983059,0.9759006,0.99719363,0.9906419,0.67834026,0.9814534,0.967225,0.9308365,0.9722835,0.9729081,0.96210754
C:\Users\leejy\Desktop\test_experiment\dataset\test\case1_original\fake\pika\instagram\fake_pika_027.mp4,case1_original,instagram,pika,1,0.49522227,0.5473809,0.5673374,0.50410455,0.4843191,0.6012571,0.8342719,0.5157114,0.8636218,0.9780727,0.96050966,0.93171144,0.86180013,0.87109154,0.83196384,0.96295285,0.99351174,0.97668034,0.9379537,0.99227446,0.94957596,0.9812928,0.9433476,0.61476994,0.8607792,0.9958093,0.99779165,0.9987453,0.9964064,0.9949397
C:\Users\leejy\Desktop\test_experiment\dataset\test\case1_original\fake\pika\instagram\fake_pika_028.mp4,case1_original,instagram,pika,1,0.48598278,0.67299026,0.47167954,0.5724464,0.52883756,0.8617128,0.94407386,0.97455615,0.9392481,0.99995613,0.99649614,0.99965405,0.9959259,0.99482024,0.99762183,0.9920312,0.99983907,0.99477994,0.9778412,0.9998634,0.9914225,0.9965837,0.9773924,0.6339274,0.970771,0.9841393,0.98342276,0.99213856,0.9886464,0.9893885
C:\Users\leejy\Desktop\test_experiment\dataset\test\case1_original\fake\pika\instagram\fake_pika_029.mp4,case1_original,instagram,pika,1,0.4359766,0.41789496,0.45616752,0.52482086,0.55718285,0.7789858,0.65962446,0.52938646,0.3624331,0.8274799,0.55760443,0.42545602,0.50021935,0.3751054,0.49217287,0.94509614,0.99213856,0.9719126,0.7790278,0.99637836,0.9417078,0.966156,0.90808946,0.5250035,0.94825053,0.98871195,0.9817182,0.9862179,0.99025387,0.9830688
C:\Users\leejy\Desktop\test_experiment\dataset\test\case1_original\fake\runway\instagram\fake_runway_000.mp4,case1_original,instagram,runway,1,0.52217937,0.70161086,0.5671576,0.5490513,0.4674533,0.66061044,0.88059187,0.75059843,0.5642185,0.99911696,0.80115914,0.98932695,0.8647108,0.9740673,0.89185816,0.9909972,0.9999424,0.9988927,0.96792966,0.9999107,0.9985923,0.9999703,0.99898773,0.6975317,0.9993175,0.9947901,0.9887988,0.9974491,0.9864938,0.9931496
C:\Users\leejy\Desktop\test_experiment\dataset\test\case1_original\fake\runway\instagram\fake_runway_001.mp4,case1_original,instagram,runway,1,0.461176,0.58939147,0.4860266,0.5510604,0.5054624,0.75640255,0.85176796,0.99386686,0.9222025,0.99997056,0.971712,0.99995244,0.9939143,0.98613805,0.9981756,0.9947187,0.99989235,0.9991441,0.9666317,0.9999591,0.99876726,0.99968565,0.9970765,0.7052651,0.997358,0.91884506,0.7692537,0.97032446,0.94143915,0.94197524
C:\Users\leejy\Desktop\test_experiment\dataset\test\case1_original\fake\runway\instagram\fake_runway_002.mp4,case1_original,instagram,runway,1,0.45353413,0.60754675,0.41703403,0.48076054,0.46229097,0.668718,0.8795612,0.8246915,0.8378523,0.99943405,0.94407386,0.9997154,0.98522884,0.9814,0.99779165,0.9974885,0.99995494,0.9994493,0.97984195,0.9999857,0.9996345,0.999956,0.997981,0.7143448,0.9984573,0.98677725,0.98866826,0.99273914,0.99403125,0.98324674
C:\Users\leejy\Desktop\test_experiment\dataset\test\case1_original\fake\runway\instagram\fake_runway_003.mp4,case1_original,instagram,runway,1,0.45826536,0.47665578,0.3994602,0.5774954,0.48139286,0.83090305,0.76916695,0.99495924,0.8046938,0.99960107,0.9164094,0.9985104,0.98551035,0.97386926,0.9890976,0.9962346,0.99994326,0.9985104,0.9724148,0.99995804,0.9989718,0.99984336,0.99767226,0.7520837,0.99724233,0.97794676,0.90523857,0.976513,0.9797065,0.97298527
C:\Users\leejy\Desktop\test_experiment\dataset\test\case1_original\fake\runway\instagram\fake_runway_004.mp4,case1_original,instagram,runway,1,0.559636,0.53723866,0.44733205,0.59622747,0.54458946,0.72966427,0.8749346,0.97601515,0.90863824,0.99967873,0.9774785,0.99894744,0.94287604,0.9951041,0.9879695,0.99871826,0.9999633,0.9994568,0.97288233,0.99999404,0.9990996,0.9999237,0.99851626,0.6917967,0.9992931,0.9915707,0.96864927,0.99262565,0.986904,0.97107434
C:\Users\leejy\Desktop\test_experiment\dataset\test\case1_original\fake\runway\instagram\fake_runway_005.mp4,case1_original,instagram,runway,1,0.5018616,0.5873811,0.497612,0.42155182,0.5663184,0.88393915,0.877739,0.9455002,0.8683252,0.9993255,0.9841241,0.99806577,0.9842002,0.9892441,0.98080254,0.998912,0.9999387,0.9996673,0.98588216,0.99998736,0.9997241,0.9999778,0.9988508,0.69819444,0.9994622,0.9912717,0.9896918,0.9946359,0.9821684,0.9867517
C:\Users\leejy\Desktop\test_experiment\dataset\test\case1_original\fake\runway\instagram\fake_runway_006.mp4,case1_original,instagram,runway,1,0.4549451,0.5901593,0.4852414,0.4501932,0.42565745,0.7061145,0.82608134,0.8436457,0.87472075,0.9556928,0.8887587,0.9123581,0.88278204,0.8731607,0.89152807,0.9985191,0.99987113,0.99966395,0.98482555,0.999992,0.99953175,0.999892,0.995523,0.64507794,0.99693656,0.9488225,0.9551939,0.9907678,0.9814534,0.9720986
C:\Users\leejy\Desktop\test_experiment\dataset\test\case1_original\fake\runway\instagram\fake_runway_007.mp4,case1_original,instagram,runway,1,0.44753575,0.5719758,0.5076517,0.5034942,0.48597702,0.8446014,0.9455002,0.99736315,0.92366123,0.99983037,0.9609883,0.9981933,0.95869267,0.99384296,0.990357,0.99629277,0.9999509,0.9988167,0.97254544,0.9999926,0.9984176,0.99971646,0.99666256,0.6823588,0.9973425,0.8984105,0.9425596,0.99106663,0.9791158,0.9627082
C:\Users\leejy\Desktop\test_experiment\dataset\test\case1_original\fake\runway\instagram\fake_runway_008.mp4,case1_original,instagram,runway,1,0.49636847,0.5921066,0.42447162,0.42729217,0.44399214,0.8438308,0.89706576,0.98067343,0.8311431,0.99722075,0.97724086,0.99940467,0.98096734,0.9818926,0.97601515,0.9921233,0.99979013,0.99883956,0.9316493,0.99986815,0.99857855,0.9995141,0.994292,0.6679604,0.99690056,0.99097973,0.9787127,0.9941004,0.97863114,0.98803884
C:\Users\leejy\Desktop\test_experiment\dataset\test\case1_original\fake\runway\instagram\fake_runway_009.mp4,case1_original,instagram,runway,1,0.3997238,0.6415066,0.4506238,0.50182915,0.4476942,0.71943295,0.8146434,0.9471371,0.8761318,0.99987364,0.9920002,0.999961,0.99262565,0.99642736,0.9981523,0.995037,0.9998222,0.99903595,0.9565531,0.9999776,0.997981,0.9997148,0.99582565,0.66777086,0.9987257,0.97953105,0.972178,0.966156,0.97711015,0.9769568
C:\Users\leejy\Desktop\test_experiment\dataset\test\case1_original\fake\runway\instagram\fake_runway_010.mp4,case1_original,instagram,runway,1,0.5596454,0.7615385,0.60748124,0.47897816,0.49054068,0.7200239,0.8321685,0.8943289,0.7642764,0.9995963,0.93358237,0.99829596,0.973519,0.99261135,0.98970175,0.98892784,0.9992022,0.9960277,0.9700703,0.99973255,0.98961186,0.9957188,0.9893783,0.61771446,0.9928924,0.99502736,0.9963924,0.99346113,0.9931629,0.9903476
C:\Users\leejy\Desktop\test_experiment\dataset\test\case1_original\fake\runway\instagram\fake_runway_011.mp4,case1_original,instagram,runway,1,0.60343534,0.65698844,0.5507886,0.44525817,0.51071,0.7977145,0.8547331,0.9960776,0.86824137,0.9998691,0.98482555,0.9993893,0.9962126,0.9953181,0.9940601,0.99097973,0.99921906,0.99779165,0.9728308,0.99990046,0.995858,0.99952066,0.9930962,0.6931745,0.9958741,0.9914391,0.98942953,0.99454135,0.9909622,0.9915707
C:\Users\leejy\Desktop\test_experiment\dataset\test\case1_original\fake\runway\instagram\fake_runway_012.mp4,case1_original,instagram,runway,1,0.4407551,0.6764596,0.4670431,0.46208617,0.49127284,0.6770404,0.88418937,0.9337335,0.8127745,0.98220253,0.9513234,0.9887554,0.99178034,0.96560895,0.9545204,0.9987031,0.9999031,0.9994105,0.9638821,0.9999956,0.9987056,0.9996947,0.99720997,0.6509528,0.99849,0.9927532,0.97889495,0.994615,0.99165195,0.97991896
C:\Users\leejy\Desktop\test_experiment\dataset\test\case1_original\fake\runway\instagram\fake_runway_013.mp4,case1_original,instagram,runway,1,0.4301324,0.53196925,0.5190071,0.5378721,0.6244188,0.6761924,0.8769245,0.8240729,0.8319648,0.96138906,0.55922985,0.9489646,0.9600627,0.7889086,0.83359575,0.98942953,0.99860066,0.99771947,0.9189906,0.99993396,0.99724233,0.99964654,0.99504673,0.7027468,0.99609274,0.98237246,0.9763557,0.9792947,0.98617804,0.9537082
C:\Users\leejy\Desktop\test_experiment\dataset\test\case1_original\fake\runway\instagram\fake_runway_014.mp4,case1_original,instagram,runway,1,0.52734506,0.6331834,0.43839446,0.38835704,0.38488325,0.80294216,0.7330937,0.77817553,0.77835464,0.99572706,0.76629364,0.9758546,0.8213309,0.975249,0.7907728,0.98228765,0.9980544,0.99622726,0.9380106,0.9997613,0.997399,0.99968183,0.9957848,0.70170027,0.9943691,0.9901592,0.97068775,0.9908744,0.98780584,0.9846051
C:\Users\leejy\Desktop\test_experiment\dataset\test\case1_original\fake\runway\instagram\fake_runway_015.mp4,case1_original,instagram,runway,1,0.36846253,0.597285,0.5324973,0.51845,0.54024935,0.6980722,0.47390068,0.7360687,0.72579443,0.6783269,0.06539562,0.40162912,0.5613351,0.1662012,0.17085357,0.9272316,0.83635414,0.9432431,0.59371233,0.99256825,0.58875614,0.79414564,0.8101787,0.5090627,0.86584914,0.9736196,0.91796696,0.98340684,0.97891515,0.9712385
C:\Users\leejy\Desktop\test_experiment\dataset\test\case1_original\fake\runway\instagram\fake_runway_016.mp4,case1_original,instagram,runway,1,0.49295092,0.49827003,0.47728768,0.4913949,0.47880298,0.66675454,0.8552477,0.9004642,0.6577308,0.7773421,0.37666613,0.30514055,0.6307702,0.729327,0.46383888,0.94844174,0.99458355,0.9532315,0.5705108,0.9970305,0.607896,0.82118756,0.8577085,0.5570623,0.8498466,0.91018677,0.8537909,0.9401336,0.86960393,0.94127744
C:\Users\leejy\Desktop\test_experiment\dataset\test\case1_original\fake\runway\instagram\fake_runway_017.mp4,case1_original,instagram,runway,1,0.46224546,0.5601305,0.48447156,0.43109015,0.5127536,0.80821866,0.9280836,0.9258357,0.7878496,0.98844737,0.7258916,0.9468429,0.96069443,0.88207287,0.936285,0.8623516,0.98552436,0.9678537,0.6971452,0.9783019,0.6950794,0.880129,0.90690076,0.5220613,0.85557985,0.8718026,0.5701518,0.9119669,0.9088609,0.9499951
C:\Users\leejy\Desktop\test_experiment\dataset\test\case1_original\fake\runway\instagram\fake_runway_018.mp4,case1_original,instagram,runway,1,0.46888182,0.5563694,0.4084832,0.53134614,0.49768066,0.76100606,0.9511876,0.9740426,0.6904547,0.99879575,0.6262671,0.97673583,0.8927964,0.884489,0.8734309,0.9187722,0.97419035,0.97462875,0.74012744,0.99499834,0.9692078,0.98498523,0.94772077,0.512502,0.9379537,0.8527516,0.74372685,0.9378969,0.9509148,0.9444849
C:\Users\leejy\Desktop\test_experiment\dataset\test\case1_original\fake\runway\instagram\fake_runway_019.mp4,case1_original,instagram,runway,1,0.3667598,0.56980586,0.47745517,0.52721006,0.4291303,0.8429763,0.7520581,0.7000112,0.8747609,0.76401234,0.24660137,0.4947512,0.71905696,0.9218515,0.2754707,0.8844391,0.9390248,0.9345446,0.5842786,0.98175323,0.8707622,0.90632194,0.8446014,0.5301263,0.9195342,0.9926399,0.99559206,0.996503,0.99608517,0.9666631
C:\Users\leejy\Desktop\test_experiment\dataset\test\case1_original\fake\runway\instagram\fake_runway_020.mp4,case1_original,instagram,runway,1,0.47938943,0.55438,0.5162868,0.5205268,0.5382855,0.6565206,0.79549927,0.5670977,0.4595839,0.2739142,0.6380463,0.72749174,0.7679075,0.8838389,0.62911975,0.8415328,0.9257015,0.75835407,0.6327297,0.98387814,0.8103289,0.73184985,0.77257353,0.5267536,0.7772999,0.9890131,0.97803074,0.9973218,0.9957021,0.9750122
C:\Users\leejy\Desktop\test_experiment\dataset\test\case1_original\fake\runway\instagram\fake_runway_021.mp4,case1_original,instagram,runway,1,0.44390175,0.47845268,0.4394015,0.46825868,0.35476828,0.5025634,0.6355308,0.28098616,0.47840697,0.57564765,0.18572558,0.34015632,0.7787335,0.15367614,0.5085441,0.85919183,0.97782,0.9198948,0.5565352,0.9960622,0.6807725,0.55380696,0.5509094,0.44912082,0.34951887,0.9632651,0.97334224,0.98947024,0.9812928,0.9666002
C:\Users\leejy\Desktop\test_experiment\dataset\test\case1_original\fake\runway\instagram\fake_runway_022.mp4,case1_original,instagram,runway,1,0.48785448,0.5314507,0.4238157,0.5195823,0.3516728,0.5361042,0.5911185,0.5855752,0.32080802,0.5448014,0.22755514,0.289874,0.74567634,0.11511248,0.45992503,0.44981554,0.66241443,0.7737725,0.34667954,0.7932662,0.6203916,0.40775707,0.51586384,0.4929814,0.39714903,0.9542227,0.9755304,0.9782396,0.9858957,0.9765801
C:\Users\leejy\Desktop\test_experiment\dataset\test\case1_original\fake\runway\instagram\fake_runway_023.mp4,case1_original,instagram,runway,1,0.417791,0.60094243,0.42552692,0.5235288,0.4343413,0.6304574,0.82125926,0.7832433,0.5681762,0.5965507,0.17217186,0.43104523,0.6575384,0.787972,0.5537994,0.96458924,0.9905691,0.9877351,0.7253083,0.99195355,0.81545305,0.7996771,0.90681833,0.5549529,0.86182916,0.9795506,0.9612802,0.9940544,0.99111825,0.9770445
C:\Users\leejy\Desktop\test_experiment\dataset\test\case1_original\fake\runway\instagram\fake_runway_024.mp4,case1_original,instagram,runway,1,0.61303383,0.5637383,0.58495295,0.5421816,0.49499527,0.876423,0.9079263,0.97023994,0.94901186,0.99862766,0.9896818,0.98283976,0.97578543,0.9650863,0.95379424,0.9866877,0.9985979,0.9930962,0.95136863,0.99743915,0.9789755,0.9953544,0.9739189,0.5921803,0.95270634,0.95257413,0.9757161,0.9930153,0.99425864,0.9535353
C:\Users\leejy\Desktop\test_experiment\dataset\test\case1_original\fake\runway\instagram\fake_runway_025.mp4,case1_original,instagram,runway,1,0.49612436,0.60638916,0.46394324,0.55368626,0.39233685,0.7752647,0.82460326,0.70866644,0.6819386,0.13011953,0.32969517,0.09747628,0.68287784,0.75123775,0.20545557,0.95803016,0.9926542,0.9737945,0.8617128,0.99750805,0.967256,0.9655115,0.89358836,0.58795786,0.90013546,0.9605466,0.96347195,0.98279023,0.99036634,0.9737447
C:\Users\leejy\Desktop\test_experiment\dataset\test\case1_original\fake\runway\instagram\fake_runway_026.mp4,case1_original,instagram,runway,1,0.6002469,0.68167377,0.4190832,0.47685373,0.46696714,0.8118252,0.7995206,0.9645726,0.791378,0.96891505,0.5435296,0.7237246,0.94261247,0.974018,0.8632764,0.6872628,0.89395916,0.9520196,0.5687751,0.95972437,0.70831347,0.81779283,0.53814894,0.6547844,0.6551568,0.95791227,0.9472348,0.9757161,0.9864157,0.9639839
C:\Users\leejy\Desktop\test_experiment\dataset\test\case1_original\fake\runway\instagram\fake_runway_027.mp4,case1_original,instagram,runway,1,0.6171954,0.6288064,0.4787497,0.4829168,0.43113506,0.7050748,0.89472055,0.90772206,0.7510096,0.7947038,0.6257812,0.71760595,0.91259205,0.9643886,0.7147027,0.6148566,0.8547634,0.9411424,0.55275095,0.97706646,0.76629364,0.79716235,0.65568054,0.59458625,0.6928498,0.9133293,0.7944647,0.8978745,0.9223426,0.8850863
C:\Users\leejy\Desktop\test_experiment\dataset\test\case1_original\fake\runway\instagram\fake_runway_028.mp4,case1_original,instagram,runway,1,0.6512995,0.64573455,0.5395595,0.48259297,0.53892255,0.7649355,0.6699338,0.8512122,0.87173444,0.68320817,0.73177797,0.69406945,0.93698055,0.93177354,0.53972626,0.7884203,0.86396646,0.8690214,0.6619092,0.90934503,0.85403454,0.47965983,0.57508105,0.56536996,0.56166565,0.9951041,0.9863369,0.9947901,0.99495924,0.99293363
C:\Users\leejy\Desktop\test_experiment\dataset\test\case1_original\fake\runway\instagram\fake_runway_029.mp4,case1_original,instagram,runway,1,0.43197355,0.5265101,0.5075678,0.49570858,0.49609384,0.74054986,0.7051256,0.7635719,0.567667,0.57975733,0.43074587,0.72122806,0.7184216,0.5024872,0.4460724,0.69357675,0.792183,0.7743329,0.47852883,0.8722386,0.7786914,0.6369178,0.6376233,0.5573936,0.5359486,0.97675806,0.80162543,0.99196917,0.9737447,0.9404078
C:\Users\leejy\Desktop\test_experiment\dataset\test\case1_original\fake\svd\instagram\fake_svd_002.mp4,case1_original,instagram,svd,1,0.5189576,0.53588027,0.48776108,0.4788487,0.5015259,0.7303259,0.7978326,0.9860443,0.88324857,0.9910493,0.9500415,0.9793738,0.78108025,0.50695753,0.924347,0.9963642,0.9995363,0.9970073,0.90994704,0.99983907,0.9995016,0.9998771,0.9945095,0.69786793,0.99866724,0.9989225,0.99949765,0.99968624,0.9992387,0.99605453
C:\Users\leejy\Desktop\test_experiment\dataset\test\case1_original\fake\svd\instagram\fake_svd_007.mp4,case1_original,instagram,svd,1,0.51368755,0.55159634,0.46588865,0.5027122,0.4815681,0.59457886,0.5562338,0.023419945,0.49499527,0.0037837748,0.3081382,0.014913984,0.25256836,0.1576549,0.07793769,0.0085278,0.0013121626,0.014337031,0.20713452,0.0031912678,0.009812301,0.006500872,0.050237365,0.3488669,0.062674366,0.10913479,0.1107113,0.2705284,0.2630252,0.06717857
C:\Users\leejy\Desktop\test_experiment\dataset\test\case1_original\fake\svd\instagram\fake_svd_008.mp4,case1_original,instagram,svd,1,0.52654344,0.5163211,0.4657197,0.40130648,0.51022196,0.7033458,0.6008912,0.7993641,0.6145097,0.22996724,0.98147124,0.9999968,0.9875444,0.88764364,0.8940055,0.78141403,0.88089955,0.90523857,0.325735,0.88038635,0.79613405,0.79350626,0.7215961,0.4112882,0.59337366,0.87439936,0.88856554,0.9237301,0.8318272,0.89469755
C:\Users\leejy\Desktop\test_experiment\dataset\test\case1_original\fake\svd\instagram\fake_svd_009.mp4,case1_original,instagram,svd,1,0.4577881,0.6442811,0.5209047,0.4007494,0.5760017,0.4392662,0.60763407,0.32498476,0.31901532,0.5935504,0.63267297,0.9665054,0.65351397,0.7286759,0.4680991,0.82997495,0.96669465,0.75483596,0.8496596,0.98959166,0.89209336,0.88353777,0.83031917,0.28350857,0.96606,0.85752964,0.84097856,0.7366375,0.85158294,0.8733229
C:\Users\leejy\Desktop\test_experiment\dataset\test\case1_original\fake\svd\instagram\fake_svd_023.mp4,case1_original,instagram,svd,1,0.39568868,0.50781184,0.4829549,0.43297723,0.52546775,0.5991334,0.6073139,0.990357,0.70122737,0.999818,0.99586606,0.9999337,0.9800149,0.93593454,0.9931826,0.8301815,0.62852144,0.6126573,0.5295219,0.90878,0.88986427,0.9522199,0.97110176,0.31539983,0.8695069,0.7848967,0.62780863,0.86493915,0.9236267,0.7993248
C:\Users\leejy\Desktop\test_experiment\dataset\test\case1_original\fake\svd\instagram\fake_svd_024.mp4,case1_original,instagram,svd,1,0.42935458,0.5279478,0.45241496,0.5272709,0.47889438,0.6730305,0.547585,0.9884139,0.832292,0.9992563,0.9251961,0.99791294,0.9009228,0.9470882,0.81819266,0.9342753,0.9665054,0.8740101,0.58776563,0.9899087,0.96185756,0.993807,0.94980925,0.5654787,0.9448422,0.8136089,0.66521347,0.8060142,0.9371533,0.5448922
C:\Users\leejy\Desktop\test_experiment\dataset\test\case1_original\fake\svd\instagram\fake_svd_027.mp4,case1_original,instagram,svd,1,0.54679865,0.61967266,0.5047224,0.501194,0.5147357,0.7053571,0.7674067,0.99603146,0.8416305,0.9999845,0.9976859,0.9998752,0.98342276,0.90747637,0.99361163,0.6994084,0.971779,0.8527516,0.5902977,0.96765566,0.92709976,0.9865976,0.97869223,0.6183484,0.9416005,0.64648813,0.5463146,0.39782146,0.51647735,0.44432366
C:\Users\leejy\Desktop\test_experiment\dataset\test\case1_original\fake\svd\instagram\fake_svd_029.mp4,case1_original,instagram,svd,1,0.4210459,0.55953074,0.4688248,0.46191168,0.42717266,0.6765664,0.89991575,0.96131647,0.635279,0.999015,0.88550776,0.9905874,0.6064402,0.77424216,0.8485334,0.57925165,0.8441522,0.4012185,0.62415034,0.4884485,0.6324744,0.6502452,0.70471925,0.43545133,0.3512763,0.5253688,0.16391331,0.13089524,0.41691536,0.708868
C:\Users\leejy\Desktop\test_experiment\dataset\test\case1_original\fake\svd\instagram\fake_svd_036.mp4,case1_original,instagram,svd,1,0.5069728,0.5500334,0.48207858,0.4819281,0.50061035,0.70919544,0.7434475,0.9935868,0.77407146,0.99845123,0.92043275,0.9603612,0.89724606,0.7769404,0.87679267,0.23039988,0.18967114,0.35193723,0.41401014,0.7244319,0.21255875,0.052037824,0.23917161,0.44586128,0.23932713,0.38283163,0.23048648,0.63722837,0.42089713,0.20200992
C:\Users\leejy\Desktop\test_experiment\dataset\test\case1_original\fake\svd\instagram\fake_svd_041.mp4,case1_original,instagram,svd,1,0.47970167,0.5348574,0.4012918,0.4704667,0.46408933,0.66689306,0.77566856,0.930553,0.71056557,0.99029154,0.96544635,0.99784267,0.60632366,0.84479356,0.8244619,0.36832052,0.7102265,0.51305854,0.26999876,0.7875638,0.7018664,0.8195325,0.7599387,0.42941442,0.63142383,0.9240733,0.83514774,0.9754135,0.82682544,0.90590656
C:\Users\leejy\Desktop\test_experiment\dataset\test\case1_original\fake\svd\instagram\fake_svd_051.mp4,case1_original,instagram,svd,1,0.43134463,0.52180624,0.51898044,0.55926746,0.4071566,0.6654106,0.7078891,0.9443824,0.6411416,0.99778724,0.9832949,0.9993175,0.8397832,0.92703366,0.93211424,0.98662347,0.9899671,0.9412639,0.86048645,0.9958901,0.99530905,0.99656373,0.9946672,0.63590103,0.9936365,0.98677725,0.98007214,0.99111825,0.988085,0.9805248
C:\Users\leejy\Desktop\test_experiment\dataset\test\case1_original\fake\svd\instagram\fake_svd_056.mp4,case1_original,instagram,svd,1,0.42515767,0.52230877,0.40381664,0.39487165,0.47076702,0.5374663,0.6724393,0.915356,0.48925945,0.9447403,0.8624676,0.9848984,0.8134608,0.23022676,0.5151016,0.9108234,0.99486035,0.97415346,0.4863925,0.99253935,0.95731777,0.99031025,0.9522199,0.5136685,0.9291196,0.7106283,0.68410575,0.8415002,0.9124362,0.83148545
C:\Users\leejy\Desktop\test_experiment\dataset\test\case1_original\fake\svd\instagram\fake_svd_057.mp4,case1_original,instagram,svd,1,0.53040373,0.5305862,0.5040054,0.5234146,0.4632432,0.7213507,0.6019574,0.9847231,0.8728902,0.99933714,0.9968149,0.99950445,0.9709644,0.98913974,0.9932354,0.93891287,0.9486801,0.9041227,0.8038676,0.9840783,0.9427181,0.924347,0.9349319,0.6223589,0.94552535,0.9942697,0.9604354,0.9884919,0.9950563,0.9943909
C:\Users\leejy\Desktop\test_experiment\dataset\test\case1_original\fake\svd\instagram\fake_svd_058.mp4,case1_original,instagram,svd,1,0.4019812,0.53371644,0.47432682,0.51815,0.4935001,0.8050198,0.724779,0.9776072,0.88042486,0.9988305,0.99802387,0.99991846,0.94463825,0.94829834,0.99213856,0.86522406,0.8221177,0.9022657,0.7604728,0.9462501,0.988425,0.9859634,0.93885684,0.578344,0.9431908,0.96879715,0.91789335,0.8773718,0.9551939,0.950503
C:\Users\leejy\Desktop\test_experiment\dataset\test\case1_original\fake\svd\instagram\fake_svd_060.mp4,case1_original,instagram,svd,1,0.5216806,0.53648746,0.47671857,0.54826534,0.39843568,0.59073126,0.4417934,0.86712015,0.6229756,0.9921157,0.95659363,0.9172285,0.2888198,0.8251675,0.6362684,0.74298155,0.908699,0.60708094,0.6712551,0.86431044,0.8736466,0.8928432,0.87450653,0.52046585,0.63563246,0.98383164,0.9250947,0.93564117,0.9269014,0.950457
C:\Users\leejy\Desktop\test_experiment\dataset\test\case1_original\fake\svd\instagram\fake_svd_063.mp4,case1_original,instagram,svd,1,0.48489076,0.6247801,0.48519188,0.51597047,0.41623297,0.7192912,0.50708723,0.3988161,0.6685017,0.20156263,0.91398406,0.6310971,0.2902259,0.36579645,0.58154076,0.80026305,0.88161486,0.81195575,0.72396857,0.8896727,0.57422507,0.72521096,0.7442848,0.48175862,0.6209377,0.89395916,0.853669,0.8540954,0.94224155,0.8039445
C:\Users\leejy\Desktop\test_experiment\dataset\test\case1_original\fake\svd\instagram\fake_svd_071.mp4,case1_original,instagram,svd,1,0.54234827,0.528579,0.60460323,0.42380825,0.5744321,0.7791538,0.83808434,0.9974291,0.7901258,0.9998957,0.9850573,0.99987996,0.98287266,0.9893063,0.9987081,0.8746672,0.97644573,0.9683214,0.6771272,0.98522884,0.96021223,0.98998636,0.88909626,0.56283736,0.96329963,0.99631435,0.98840266,0.9932156,0.9912039,0.99227446
C:\Users\leejy\Desktop\test_experiment\dataset\test\case1_original\fake\svd\instagram\fake_svd_072.mp4,case1_original,instagram,svd,1,0.48633343,0.5879136,0.48270342,0.500824,0.5097415,0.64910614,0.71425444,0.99300176,0.60871035,0.9947238,0.9409528,0.9972904,0.80178255,0.7562676,0.8684367,0.4797779,0.9203613,0.7112805,0.3517563,0.8927964,0.6894102,0.7576599,0.76977324,0.49536145,0.6611029,0.8578277,0.8722386,0.93749756,0.9737197,0.65285033
C:\Users\leejy\Desktop\test_experiment\dataset\test\case1_original\fake\svd\instagram\fake_svd_088.mp4,case1_original,instagram,svd,1,0.40522805,0.5917675,0.45553166,0.46793956,0.57367843,0.6618136,0.7018408,0.83169055,0.7300013,0.9548583,0.9590394,0.97702265,0.29941237,0.3209809,0.7477196,0.24662407,0.08130067,0.0452892,0.14869504,0.10456872,0.26978225,0.17231107,0.1873928,0.41087446,0.2998671,0.4670583,0.6358162,0.30054024,0.19147882,0.40480152
C:\Users\leejy\Desktop\test_experiment\dataset\test\case1_original\fake\svd\instagram\fake_svd_108.mp4,case1_original,instagram,svd,1,0.38590246,0.47723153,0.46138078,0.47715825,0.50581336,0.6235345,0.79466397,0.9893166,0.8021297,0.99976546,0.97779876,0.991339,0.40568417,0.9147487,0.9823216,0.7128323,0.86499614,0.5024414,0.49644476,0.9567152,0.8030966,0.97223073,0.95585793,0.53193885,0.8234704,0.7239442,0.26062462,0.27612898,0.6099308,0.6378207
C:\Users\leejy\Desktop\test_experiment\dataset\test\case1_original\fake\svd\instagram\fake_svd_109.mp4,case1_original,instagram,svd,1,0.51557416,0.5566858,0.46224546,0.47453222,0.5121741,0.59281397,0.8005946,0.91231906,0.82994044,0.87987113,0.7712841,0.99843305,0.3967107,0.8553384,0.8092759,0.424248,0.44933224,0.25390726,0.52476,0.45618263,0.5365861,0.4298556,0.57542306,0.566798,0.3939386,0.4892137,0.54747164,0.43217576,0.3198247,0.80889887
C:\Users\leejy\Desktop\test_experiment\dataset\test\case1_original\fake\svd\instagram\fake_svd_115.mp4,case1_original,instagram,svd,1,0.5251253,0.5800101,0.5187976,0.5628524,0.46849802,0.57259583,0.7926248,0.9323302,0.7457052,0.9407625,0.96253246,0.3143662,0.94875133,0.6537558,0.16572808,0.95531917,0.9741166,0.9175984,0.69904906,0.982971,0.9876401,0.9897315,0.9336126,0.5853382,0.90894175,0.90397453,0.39941627,0.81119037,0.93136895,0.7878496
C:\Users\leejy\Desktop\test_experiment\dataset\test\case1_original\fake\svd\instagram\fake_svd_130.mp4,case1_original,instagram,svd,1,0.5425755,0.53029734,0.47329777,0.47153124,0.46438915,0.56637836,0.5639934,0.9905509,0.5544705,0.98555213,0.98501414,0.9999237,0.7315863,0.93930376,0.97376966,0.8900078,0.95418006,0.897381,0.7689935,0.9845457,0.9598375,0.9054478,0.9520419,0.5251253,0.9537512,0.99550545,0.97792566,0.995523,0.99318933,0.99228936
C:\Users\leejy\Desktop\test_experiment\dataset\test\case1_original\fake\svd\instagram\fake_svd_140.mp4,case1_original,instagram,svd,1,0.51680124,0.50083923,0.47447896,0.4916256,0.5317603,0.74562997,0.9328214,0.9375548,0.8959786,0.971564,0.9925103,0.9998596,0.9877587,0.98935777,0.9931363,0.9681712,0.9570777,0.9461506,0.6740773,0.99178034,0.97887486,0.98715407,0.9302684,0.48502037,0.95275027,0.962462,0.9518184,0.96995664,0.96900314,0.96835136
C:\Users\leejy\Desktop\test_experiment\dataset\test\case1_original\fake\svd\instagram\fake_svd_144.mp4,case1_original,instagram,svd,1,0.44532603,0.6381027,0.49133387,0.5265253,0.53151333,0.75967145,0.63493955,0.8118625,0.56745726,0.99396133,0.9969663,0.996858,0.94876313,0.9903476,0.7993641,0.98220253,0.9882222,0.946051,0.7109796,0.9976949,0.96823144,0.96050966,0.9602495,0.5409087,0.8641959,0.86396646,0.82544905,0.87396973,0.94266534,0.9276915
C:\Users\leejy\Desktop\test_experiment\dataset\test\case1_original\fake\svd\instagram\fake_svd_152.mp4,case1_original,instagram,svd,1,0.48037964,0.561305,0.5122275,0.51324916,0.4879479,0.6635463,0.6426007,0.9951325,0.81545305,0.9998951,0.9990908,0.9999982,0.9922144,0.99630713,0.99688244,0.6478539,0.10083435,0.6271523,0.45386693,0.4965821,0.45986438,0.19057333,0.4046692,0.4742964,0.4554105,0.97923523,0.97885466,0.9899087,0.9914225,0.98080254
C:\Users\leejy\Desktop\test_experiment\dataset\test\case1_original\fake\svd\instagram\fake_svd_154.mp4,case1_original,instagram,svd,1,0.4452506,0.53915006,0.48373988,0.5071101,0.5212636,0.6863175,0.6502452,0.9666317,0.8044059,0.99736315,0.9971301,0.9993345,0.92241246,0.9750598,0.9953815,0.9448422,0.97151,0.92818123,0.7026321,0.97903574,0.95846003,0.9800913,0.97419035,0.62525934,0.9561454,0.9704086,0.93674946,0.9789353,0.9720986,0.9687381
C:\Users\leejy\Desktop\test_experiment\dataset\test\case1_original\fake\svd\instagram\fake_svd_157.mp4,case1_original,instagram,svd,1,0.47908476,0.54897577,0.46942142,0.45034808,0.45158345,0.6427689,0.6122082,0.92590266,0.67758065,0.7527403,0.60096437,0.9875803,0.85269034,0.8395367,0.8436054,0.75305825,0.67787397,0.71143085,0.78091323,0.89081776,0.5806196,0.22084615,0.6865277,0.57928145,0.6677979,0.8610131,0.83801806,0.94417685,0.8956597,0.8978297
C:\Users\leejy\Desktop\test_experiment\dataset\test\case1_original\fake\svd\instagram\fake_svd_163.mp4,case1_original,instagram,svd,1,0.42830065,0.59073865,0.53400505,0.5256732,0.57684,0.61051154,0.9300146,0.65613514,0.49511737,0.9670932,0.968441,0.99279517,0.9842306,0.72710437,0.9734938,0.43115374,0.8358188,0.6408606,0.22405547,0.86298794,0.57796067,0.4958192,0.508178,0.29088014,0.50024414,0.39076644,0.6734602,0.6295398,0.45144743,0.36721352
C:\Users\leejy\Desktop\test_experiment\dataset\test\case1_original\fake\svd\instagram\fake_svd_164.mp4,case1_original,instagram,svd,1,0.52424055,0.548152,0.491393,0.47230318,0.393223,0.66982585,0.89688534,0.9834863,0.8131457,0.99979776,0.5674273,0.9993175,0.37414378,0.93891287,0.6987921,0.8624096,0.85776806,0.96122557,0.68326104,0.9862046,0.886322,0.77513707,0.8784186,0.54037815,0.6763327,0.9190633,0.72990495,0.74853617,0.83066285,0.8439594
C:\Users\leejy\Desktop\test_experiment\dataset\test\case1_original\real\kakao_normal\00001.mp4,case1_original,kakao_normal,real,0,0.48229197,0.5162906,0.5058286,0.5021591,0.5747454,0.64567864,0.79645085,0.09081609,0.7407843,0.002828336,0.022868007,0.00077633,0.012527933,0.058560826,0.08445498,0.6554325,0.5192928,0.4501781,0.473992,0.735024,0.89302987,0.83318895,0.8610131,0.5706305,0.79290557,0.9306476,0.9366916,0.9815067,0.87010133,0.83134854
C:\Users\leejy\Desktop\test_experiment\dataset\test\case1_original\real\kakao_normal\00006.mp4,case1_original,kakao_normal,real,0,0.5204716,0.5555709,0.44724903,0.50567603,0.49841312,0.58871186,0.59809947,0.021927303,0.48450205,0.0022606407,0.11920292,0.0024534282,0.05670464,0.17113045,0.044639207,0.7510096,0.7693836,0.7303861,0.80278754,0.70309097,0.9882902,0.98522884,0.9718859,0.6058573,0.96232057,0.9150149,0.787523,0.9347534,0.937669,0.66243833
C:\Users\leejy\Desktop\test_experiment\dataset\test\case1_original\real\kakao_normal\00007.mp4,case1_original,kakao_normal,real,0,0.48085195,0.5110722,0.46122912,0.4069798,0.47878015,0.62540954,0.54909664,0.5103821,0.58308464,0.004987113,0.21391039,0.6408466,0.26990253,0.10388492,0.0763388,0.9181873,0.96521765,0.9560224,0.5114726,0.9381523,0.9590394,0.9480585,0.9118885,0.4968262,0.78543204,0.91259205,0.93985814,0.95305705,0.9472348,0.90000373
C:\Users\leejy\Desktop\test_experiment\dataset\test\case1_original\real\kakao_normal\00008.mp4,case1_original,kakao_normal,real,0,0.461669,0.608972,0.49232924,0.41991553,0.58701867,0.307436,0.5983122,0.029844804,0.25870037,0.0014437558,0.06518704,0.01948454,0.15443975,0.24901326,0.1424107,0.86066216,0.97796774,0.7642406,0.81412673,0.98497075,0.9060729,0.9366916,0.88986427,0.32885942,0.967132,0.41022825,0.43017727,0.41308498,0.4274266,0.43700492
C:\Users\leejy\Desktop\test_experiment\dataset\test\case1_original\real\kakao_normal\00022.mp4,case1_original,kakao_normal,real,0,0.39864054,0.50960994,0.47317222,0.44563508,0.48063293,0.47604677,0.4007494,0.1079066,0.49487323,0.0009271924,0.031321116,0.00015967863,0.038375996,0.014971481,0.068975195,0.7660312,0.34203562,0.20450072,0.49081528,0.39195243,0.92206234,0.9746528,0.9589241,0.34429187,0.94468933,0.5093373,0.177027,0.62127304,0.6266384,0.61661845
C:\Users\leejy\Desktop\test_experiment\dataset\test\case1_original\real\kakao_normal\00023.mp4,case1_original,kakao_normal,real,0,0.4213435,0.4971619,0.459258,0.49975586,0.44206437,0.6005984,0.44930202,0.024145423,0.6033477,0.049814597,0.11802883,0.079210326,0.37828678,0.13623448,0.10840114,0.96468914,0.97949183,0.9022764,0.7360687,0.9876401,0.98986953,0.9971717,0.9740426,0.5676969,0.96560895,0.3708482,0.12378869,0.1665398,0.40220132,0.2604365
C:\Users\leejy\Desktop\test_experiment\dataset\test\case1_original\real\kakao_normal\00026.mp4,case1_original,kakao_normal,real,0,0.5207515,0.60092044,0.43062615,0.42024267,0.45856842,0.5982829,0.6295469,0.88418937,0.5865228,0.9280184,0.89029425,0.6742717,0.65869194,0.34356195,0.86293024,0.90523857,0.9919848,0.94732016,0.74312145,0.9844114,0.9550264,0.9814889,0.9644221,0.5779123,0.9078038,0.84169555,0.7832641,0.45217305,0.66860986,0.7019685
C:\Users\leejy\Desktop\test_experiment\dataset\test\case1_original\real\kakao_normal\00028.mp4,case1_original,kakao_normal,real,0,0.4244418,0.5570529,0.51070243,0.47231838,0.47231838,0.5008545,0.59410244,0.033557817,0.39047584,0.005353647,0.23159249,0.00036329866,0.052086018,0.25450897,0.060031522,0.9730621,0.99765414,0.967256,0.83346015,0.99518895,0.9736447,0.98250717,0.9744348,0.57045096,0.9495292,0.75314903,0.2987982,0.30569732,0.3534003,0.71606976
C:\Users\leejy\Desktop\test_experiment\dataset\test\case1_original\real\kakao_normal\00035.mp4,case1_original,kakao_normal,real,0,0.5044955,0.54756236,0.48919082,0.4983978,0.45903823,0.6724393,0.66946125,0.8636218,0.65885663,0.15172562,0.8813853,0.15152934,0.480113,0.4310752,0.69269395,0.9885914,0.9959693,0.99054176,0.87370056,0.99952257,0.9954261,0.99723166,0.99225944,0.6604436,0.99390244,0.9588471,0.8731607,0.99010193,0.9865458,0.8929832
C:\Users\leejy\Desktop\test_experiment\dataset\test\case1_original\real\kakao_normal\00040.mp4,case1_original,kakao_normal,real,0,0.4768575,0.48063105,0.4705494,0.40054417,0.5027885,0.6660846,0.80406,0.3094931,0.624637,0.068195395,0.035078675,0.100701615,0.069510154,0.042166542,0.07551658,0.6573185,0.5918117,0.50964236,0.39490807,0.627395,0.51982987,0.35832497,0.5990161,0.39423013,0.5211056,0.8077641,0.69040257,0.9034647,0.6013595,0.83038795
C:\Users\leejy\Desktop\test_experiment\dataset\test\case1_original\real\kakao_normal\00050.mp4,case1_original,kakao_normal,real,0,0.46234974,0.52180624,0.48971704,0.51586384,0.41066766,0.5904693,0.5926961,0.036390893,0.44818473,0.0037000459,0.28138092,0.2193375,0.23300752,0.3869951,0.30524412,0.9546897,0.9756467,0.8878367,0.78116375,0.9770445,0.9870546,0.9824905,0.9889492,0.62309736,0.97836393,0.7364954,0.6997163,0.6436653,0.92886186,0.8917168
C:\Users\leejy\Desktop\test_experiment\dataset\test\case1_original\real\kakao_normal\00055.mp4,case1_original,kakao_normal,real,0,0.43762445,0.5401603,0.41529897,0.39702848,0.4510696,0.4700619,0.6175847,0.14572217,0.3368762,0.124266125,0.01903266,0.00087276706,0.05981148,0.03750274,0.022264916,0.74172074,0.99031025,0.8826635,0.37959397,0.9758546,0.9603612,0.98735064,0.94018847,0.47639698,0.81844676,0.3446364,0.30167055,0.50286865,0.70344764,0.38439205
C:\Users\leejy\Desktop\test_experiment\dataset\test\case1_original\real\kakao_normal\00056.mp4,case1_original,kakao_normal,real,0,0.52816075,0.53403354,0.50749916,0.5015869,0.4574397,0.5047301,0.33906123,0.025662709,0.62096643,0.0031974867,0.016403032,0.00030415886,0.15624969,0.026130756,0.022715755,0.92482364,0.9404078,0.8134978,0.76559335,0.9470882,0.87418467,0.906156,0.8479048,0.5979014,0.74762744,0.2812822,0.045991033,0.12210386,0.41164294,0.22253114
C:\Users\leejy\Desktop\test_experiment\dataset\test\case1_original\real\kakao_normal\00057.mp4,case1_original,kakao_normal,real,0,0.4565309,0.5141258,0.4912576,0.50811696,0.44241253,0.68684286,0.5826914,0.4759707,0.7949327,0.423458,0.64310515,0.1828264,0.37504816,0.43382406,0.40652326,0.99318933,0.99765414,0.9849128,0.84325075,0.99944824,0.99871063,0.9992834,0.99403125,0.5657786,0.99678373,0.9640178,0.9456509,0.958654,0.9897315,0.90200704
C:\Users\leejy\Desktop\test_experiment\dataset\test\case1_original\real\kakao_normal\00059.mp4,case1_original,kakao_normal,real,0,0.48245576,0.54319644,0.5129423,0.46918964,0.50453174,0.67702043,0.5265634,0.2991564,0.4864535,0.37834424,0.8878869,0.074264936,0.29350573,0.3116494,0.29660332,0.8438308,0.9413314,0.74553734,0.7557272,0.80271024,0.9503189,0.987375,0.9614977,0.5622328,0.8483136,0.17391866,0.040275678,0.08104575,0.05170164,0.1357182
C:\Users\leejy\Desktop\test_experiment\dataset\test\case1_original\real\kakao_normal\00062.mp4,case1_original,kakao_normal,real,0,0.4499968,0.5604331,0.43071598,0.4958192,0.40209863,0.64761025,0.57449925,0.036908068,0.6976604,0.02470387,0.026733862,9.13445e-05,0.01821182,0.12194692,0.014172365,0.9139073,0.9442283,0.904924,0.8535469,0.91711724,0.9713201,0.97394365,0.9811488,0.60179836,0.984063,0.943919,0.9289907,0.9456509,0.9828068,0.91192764
C:\Users\leejy\Desktop\test_experiment\dataset\test\case1_original\real\kakao_normal\00070.mp4,case1_original,kakao_normal,real,0,0.51706797,0.60948783,0.52661663,0.4861943,0.44390175,0.7982654,0.4444442,0.22789866,0.75534385,0.24499467,0.020784603,0.6572635,0.12226098,0.109705776,0.086554825,0.47862023,0.6652747,0.76949185,0.5571527,0.73306984,0.648021,0.85385185,0.5923424,0.45877302,0.75815266,0.56079394,0.20473911,0.06136777,0.6509389,0.80509645
C:\Users\leejy\Desktop\test_experiment\dataset\test\case1_original\real\kakao_normal\00071.mp4,case1_original,kakao_normal,real,0,0.47696033,0.647018,0.4968148,0.4799759,0.50573707,0.6426848,0.5546966,0.87987113,0.66432256,0.060307633,0.3122127,0.8085212,0.454109,0.8249737,0.41250056,0.9792947,0.995858,0.9620006,0.82544905,0.99852496,0.9783226,0.9899282,0.9810401,0.60276324,0.9468921,0.982117,0.9807842,0.9904591,0.9906419,0.9588471
C:\Users\leejy\Desktop\test_experiment\dataset\test\case1_original\real\kakao_normal\00087.mp4,case1_original,kakao_normal,real,0,0.4031703,0.58622676,0.48386183,0.51382095,0.54284817,0.529233,0.58859354,0.022222439,0.43758312,0.0060445275,0.20805822,0.0532062,0.029507361,0.019069158,0.12069768,0.84758973,0.57066035,0.5724838,0.4839533,0.64683676,0.93183565,0.94240075,0.85818464,0.5225067,0.8474951,0.9887988,0.9871416,0.99176437,0.98225373,0.99248135
C:\Users\leejy\Desktop\test_experiment\dataset\test\case1_original\real\kakao_normal\00107.mp4,case1_original,kakao_normal,real,0,0.34549162,0.4832064,0.5128394,0.48142335,0.52172244,0.5313918,0.70466846,0.4924322,0.7480303,0.9106646,0.6158173,0.0140500935,0.1381999,0.33344895,0.48657548,0.8031738,0.7892337,0.53108776,0.5108816,0.8636218,0.9631959,0.979784,0.96879715,0.61687815,0.9308365,0.5032119,0.27874738,0.15668468,0.49798584,0.4893815
C:\Users\leejy\Desktop\test_experiment\dataset\test\case1_original\real\kakao_normal\00108.mp4,case1_original,kakao_normal,real,0,0.533162,0.5593954,0.46926942,0.48427334,0.5669853,0.55802596,0.76997733,0.50836104,0.6242935,0.016955558,0.14360756,0.14010078,0.090052985,0.07352978,0.17909941,0.68071944,0.82893884,0.5780909,0.4531106,0.5684907,0.93622667,0.88861394,0.867092,0.57719743,0.78141403,0.8129416,0.8709269,0.83339244,0.6238353,0.91781974
C:\Users\leejy\Desktop\test_experiment\dataset\test\case1_original\real\kakao_normal\00114.mp4,case1_original,kakao_normal,real,0,0.5154141,0.5578904,0.5196508,0.5255667,0.46313316,0.5033874,0.5147967,0.07906799,0.6184924,0.021414887,0.011675984,2.0823088e-06,0.032589745,0.008172065,0.0010754024,0.66459477,0.50468427,0.6393984,0.6385254,0.40003136,0.8042522,0.86083776,0.76977324,0.621462,0.6349678,0.72090894,0.16552566,0.359185,0.8264319,0.5048521
C:\Users\leejy\Desktop\test_experiment\dataset\test\case1_original\real\kakao_normal\00129.mp4,case1_original,kakao_normal,real,0,0.4777293,0.51881856,0.547585,0.4297584,0.50219727,0.39764598,0.4393564,0.8777652,0.42101613,0.16834363,0.25959092,0.2590751,0.12495856,0.46935302,0.31565684,0.88237715,0.98860246,0.89100754,0.56640834,0.98138225,0.9810946,0.98638946,0.95806944,0.50219727,0.9642878,0.42560524,0.091625646,0.19110115,0.4423354,0.64119774
C:\Users\leejy\Desktop\test_experiment\dataset\test\case1_original\real\kakao_normal\00139.mp4,case1_original,kakao_normal,real,0,0.44552955,0.5295067,0.4775009,0.3974121,0.538642,0.65899384,0.5733799,0.5330329,0.6514935,0.021064695,0.2631731,0.0015517841,0.23552573,0.14229149,0.04236419,0.6623734,0.6801886,0.5389832,0.35566953,0.6562728,0.9390807,0.7144787,0.72894126,0.3865608,0.7403856,0.5690296,0.19985402,0.12787028,0.42624697,0.8274799
C:\Users\leejy\Desktop\test_experiment\dataset\test\case1_original\real\kakao_normal\00143.mp4,case1_original,kakao_normal,real,0,0.3207149,0.6200179,0.48375508,0.47657967,0.42476988,0.4579472,0.40812376,0.023087243,0.4863925,0.014842418,0.018107349,9.3145936e-05,0.016215032,0.051177494,0.01515986,0.95945925,0.9431908,0.8597962,0.7324962,0.9724148,0.96232057,0.93645954,0.96468914,0.54715407,0.8682135,0.32998523,0.34380975,0.30817723,0.46713424,0.5197651
C:\Users\leejy\Desktop\test_experiment\dataset\test\case1_original\real\kakao_normal\00151.mp4,case1_original,kakao_normal,real,0,0.44711325,0.5224535,0.51243335,0.4552894,0.46672407,0.53692,0.5240293,0.29134303,0.7711118,0.039342504,0.89129174,0.9802808,0.8349291,0.90540594,0.8613634,0.53640395,0.015513791,0.4929204,0.4035742,0.017610643,0.66107553,0.36653307,0.56579363,0.41093358,0.36418992,0.64573455,0.6216845,0.59614664,0.7285069,0.5677869
C:\Users\leejy\Desktop\test_experiment\dataset\test\case1_original\real\kakao_normal\00153.mp4,case1_original,kakao_normal,real,0,0.41202733,0.51623726,0.47189248,0.50507146,0.54293907,0.63601404,0.57284224,0.14617863,0.6644723,0.056940157,0.99486035,0.6997933,0.8212413,0.8983214,0.9783019,0.9765801,0.9977083,0.98571813,0.84695786,0.99808455,0.9935494,0.99693066,0.9959771,0.6541546,0.9909272,0.98250717,0.97850823,0.992961,0.9958901,0.9860174
C:\Users\leejy\Desktop\test_experiment\dataset\test\case1_original\real\kakao_normal\00156.mp4,case1_original,kakao_normal,real,0,0.42883128,0.55731833,0.52541256,0.49739075,0.4583108,0.5672176,0.49294516,0.06566473,0.48999158,0.00042554308,0.011642225,7.706509e-06,0.04751418,0.03937943,0.043629892,0.6025148,0.46737736,0.5134245,0.7108792,0.39787993,0.6413311,0.41926152,0.8352149,0.62301856,0.84408796,0.5837077,0.7326396,0.87716144,0.90690076,0.85096467
C:\Users\leejy\Desktop\test_experiment\dataset\test\case1_original\real\kakao_normal\00162.mp4,case1_original,kakao_normal,real,0,0.39166766,0.60961133,0.45881847,0.45247543,0.5594405,0.4351813,0.7286638,0.032009803,0.37765542,0.01140309,0.04308309,0.05342802,0.21052276,0.020665688,0.19049804,0.5901372,0.7256,0.580471,0.3553833,0.5675172,0.4989624,0.34015632,0.48486793,0.29153523,0.45816687,0.60493875,0.8482822,0.85806566,0.39530924,0.8174288
C:\Users\leejy\Desktop\test_experiment\dataset\test\case1_original\real\kakao_normal\00163.mp4,case1_original,kakao_normal,real,0,0.4583184,0.55217755,0.5123761,0.44629863,0.40031704,0.47396156,0.81375694,0.035277545,0.4452883,0.0010987311,0.006253385,0.00085423206,0.011687257,0.09463586,0.012920474,0.26070696,0.06512755,0.4238157,0.34990752,0.021656675,0.42080784,0.12268078,0.3963602,0.4859046,0.14414886,0.40398744,0.17476211,0.09041373,0.23607567,0.15456733
C:\Users\leejy\Desktop\test_experiment\dataset\test\case1_original\fake\pika\kakao_normal\fake_pika_000.mp4,case1_original,kakao_normal,pika,1,0.37705314,0.472577,0.4783918,0.589096,0.49755862,0.49951175,0.68397385,0.13335878,0.8543386,0.024987794,0.5998368,0.067546695,0.22716917,0.84695786,0.65946,0.72877246,0.42978832,0.7288448,0.6813343,0.69528633,0.48267296,0.732544,0.76646847,0.48724642,0.82172465,0.9433476,0.9657707,0.9603239,0.9668201,0.96903247
C:\Users\leejy\Desktop\test_experiment\dataset\test\case1_original\fake\pika\kakao_normal\fake_pika_001.mp4,case1_original,kakao_normal,pika,1,0.51795757,0.58508635,0.40491918,0.5007019,0.49758914,0.5859454,0.47274435,0.30236858,0.75841,0.6727081,0.91204524,0.70063245,0.42051035,0.68794453,0.6126573,0.8659059,0.9008356,0.89129174,0.7696001,0.9622143,0.7799929,0.72937524,0.8498466,0.5404085,0.8345418,0.98342276,0.97678024,0.9787127,0.98707956,0.98801583
C:\Users\leejy\Desktop\test_experiment\dataset\test\case1_original\fake\pika\kakao_normal\fake_pika_002.mp4,case1_original,kakao_normal,pika,1,0.3821703,0.5411967,0.47557488,0.45016298,0.5476757,0.56910443,0.5521171,0.5292026,0.7318738,0.13869494,0.65536356,0.97298527,0.7407843,0.8336634,0.27439997,0.9829547,0.9730877,0.968441,0.9272316,0.9961755,0.90523857,0.8804891,0.9222025,0.6235918,0.86048645,0.94664603,0.94728357,0.9239362,0.96472245,0.93439513
C:\Users\leejy\Desktop\test_experiment\dataset\test\case1_original\fake\pika\kakao_normal\fake_pika_003.mp4,case1_original,kakao_normal,pika,1,0.50112915,0.55096984,0.4948427,0.4112882,0.455683,0.725843,0.87800074,0.98546845,0.70608914,0.9986142,0.92495924,0.9870046,0.79438496,0.97142875,0.9609333,0.9746528,0.977132,0.97754294,0.8386137,0.9944126,0.9582651,0.9899476,0.9809125,0.6371931,0.9769568,0.9947901,0.9971495,0.99173236,0.99368566,0.99342304
C:\Users\leejy\Desktop\test_experiment\dataset\test\case1_original\fake\pika\kakao_normal\fake_pika_004.mp4,case1_original,kakao_normal,pika,1,0.5152693,0.55367875,0.49273735,0.5743351,0.49307296,0.58069205,0.6699068,0.88338697,0.74968326,0.9964412,0.7839885,0.9628482,0.85741025,0.8114146,0.92054003,0.921145,0.9166335,0.91619396,0.7544178,0.96124375,0.79426533,0.94402224,0.9400786,0.55273587,0.9306476,0.7998335,0.63493955,0.95305705,0.91964257,0.9090225
C:\Users\leejy\Desktop\test_experiment\dataset\test\case1_original\fake\pika\kakao_normal\fake_pika_005.mp4,case1_original,kakao_normal,pika,1,0.450722,0.5305557,0.53353417,0.5147967,0.53533757,0.57511085,0.7953404,0.1415482,0.33780402,0.029256709,0.35681078,0.2987726,0.29241845,0.8109847,0.4678788,0.9677472,0.9946672,0.97103304,0.89218736,0.9992889,0.9491062,0.90239483,0.9457512,0.62900585,0.9313065,0.9032942,0.8865187,0.92944044,0.947381,0.9613528
C:\Users\leejy\Desktop\test_experiment\dataset\test\case1_original\fake\pika\kakao_normal\fake_pika_006.mp4,case1_original,kakao_normal,pika,1,0.4502083,0.60147655,0.4823834,0.5930791,0.5529131,0.33928013,0.8700462,0.1612542,0.7157718,0.5881797,0.43494123,0.80193585,0.48281392,0.4099883,0.49279833,0.93023676,0.97966766,0.9701269,0.8669795,0.9906238,0.98262435,0.9645224,0.94781744,0.6096985,0.9368073,0.9759235,0.9797453,0.9918595,0.99394965,0.9830851
C:\Users\leejy\Desktop\test_experiment\dataset\test\case1_original\fake\pika\kakao_normal\fake_pika_007.mp4,case1_original,kakao_normal,pika,1,0.50937545,0.5758713,0.47517914,0.44946814,0.50924575,0.8459106,0.7442848,0.7900447,0.7345006,0.99893504,0.8915753,0.88856554,0.7735587,0.8558512,0.88953936,0.93564117,0.98998636,0.96686715,0.858244,0.99788433,0.9217811,0.8845887,0.920218,0.50488263,0.9296961,0.88871056,0.86001676,0.85591143,0.9729081,0.7435872
C:\Users\leejy\Desktop\test_experiment\dataset\test\case1_original\fake\pika\kakao_normal\fake_pika_008.mp4,case1_original,kakao_normal,pika,1,0.5939037,0.5198717,0.5089407,0.42826328,0.47880298,0.9223776,0.92300445,0.9995819,0.9234544,0.99995947,0.9894907,0.99994373,0.9933072,0.9825408,0.99945146,0.96323055,0.99434716,0.95577544,0.8134608,0.9976769,0.9491062,0.9431384,0.96544635,0.52080095,0.9745319,0.9505489,0.9513234,0.88592786,0.9550264,0.83148545
C:\Users\leejy\Desktop\test_experiment\dataset\test\case1_original\fake\pika\kakao_normal\fake_pika_009.mp4,case1_original,kakao_normal,pika,1,0.55184543,0.5264949,0.4812862,0.56008726,0.5011673,0.6650503,0.85542893,0.7361873,0.66217464,0.97986126,0.97786224,0.9704086,0.8985442,0.9434519,0.87380826,0.9949886,0.9996451,0.9936055,0.93397486,0.99973875,0.9680808,0.98844737,0.9884919,0.5641585,0.99527246,0.9717254,0.9761973,0.9856353,0.97984195,0.98445636
C:\Users\leejy\Desktop\test_experiment\dataset\test\case1_original\fake\pika\kakao_normal\fake_pika_010.mp4,case1_original,kakao_normal,pika,1,0.48372462,0.48680422,0.5180281,0.49312633,0.4882834,0.48907644,0.75403315,0.19528697,0.80631936,0.48474595,0.7102516,0.76454014,0.6962682,0.75123775,0.5319009,0.97381955,0.9952448,0.96989965,0.9078038,0.9924374,0.88463855,0.97093683,0.9735945,0.5955514,0.94544977,0.9665054,0.94772077,0.98735064,0.94610083,0.9687676
C:\Users\leejy\Desktop\test_experiment\dataset\test\case1_original\fake\pika\kakao_normal\fake_pika_011.mp4,case1_original,kakao_normal,pika,1,0.5291265,0.5474641,0.5138514,0.56148535,0.49359167,0.61808914,0.86448216,0.9080487,0.984063,0.9691349,0.9491062,0.9935743,0.94496936,0.92988735,0.88338697,0.9759694,0.99897385,0.9778516,0.9429286,0.99664307,0.9552774,0.9923934,0.98375374,0.6956515,0.98168314,0.96697646,0.9931363,0.98247355,0.9932811,0.9622497
C:\Users\leejy\Desktop\test_experiment\dataset\test\case1_original\fake\pika\kakao_normal\fake_pika_012.mp4,case1_original,kakao_normal,pika,1,0.3426815,0.66774374,0.48145384,0.49799347,0.5221108,0.66852874,0.7794897,0.9737197,0.8564525,0.99925333,0.95302427,0.9325147,0.39143503,0.9769787,0.98880965,0.9144437,0.9615338,0.76825535,0.6702846,0.93463427,0.6191547,0.742048,0.86025184,0.6113385,0.8285923,0.9878996,0.9747491,0.99372226,0.9881309,0.98228765
C:\Users\leejy\Desktop\test_experiment\dataset\test\case1_original\fake\pika\kakao_normal\fake_pika_013.mp4,case1_original,kakao_normal,pika,1,0.5929023,0.6295184,0.55594385,0.56949353,0.37395442,0.52092284,0.9279858,0.9955662,0.8163332,0.999666,0.98871195,0.99979657,0.9926684,0.9967775,0.9973218,0.98835784,0.9980506,0.98954135,0.9172285,0.9989637,0.9771538,0.9896318,0.98651993,0.62782997,0.99378294,0.9879462,0.98159516,0.9904221,0.98552436,0.9764681
C:\Users\leejy\Desktop\test_experiment\dataset\test\case1_original\fake\pika\kakao_normal\fake_pika_014.mp4,case1_original,kakao_normal,pika,1,0.55814636,0.52752566,0.5338228,0.51415634,0.4950258,0.70069003,0.8978297,0.98876625,0.7419049,0.9945201,0.9965233,0.9997075,0.9953815,0.97903574,0.99359304,0.9922144,0.9992848,0.995008,0.9348725,0.99972993,0.9759923,0.99308276,0.9872158,0.6413662,0.9814889,0.9807473,0.9882222,0.9890976,0.9925103,0.98138225
C:\Users\leejy\Desktop\test_experiment\dataset\test\case1_original\fake\pika\kakao_normal\fake_pika_015.mp4,case1_original,kakao_normal,pika,1,0.41604018,0.54713136,0.5059201,0.5765345,0.50698805,0.61112094,0.6631852,0.66104823,0.7831083,0.06847517,0.91004705,0.12978828,0.90118396,0.76087284,0.9180772,0.97752154,0.9991048,0.9763105,0.85201436,0.99752253,0.8186644,0.9726495,0.93863225,0.6299596,0.93941504,0.9938309,0.9976769,0.9977787,0.99813604,0.9889492
C:\Users\leejy\Desktop\test_experiment\dataset\test\case1_original\fake\pika\kakao_normal\fake_pika_016.mp4,case1_original,kakao_normal,pika,1,0.45176485,0.55676866,0.50999314,0.45114514,0.5825207,0.8700462,0.946051,0.9484299,0.9506406,0.98833525,0.9534054,0.9905509,0.9467938,0.9151287,0.9260366,0.9924521,0.99928063,0.9944126,0.9420286,0.9993411,0.9723622,0.9968149,0.98893857,0.6151962,0.97850823,0.9302051,0.87482774,0.9370381,0.95731777,0.9766915
C:\Users\leejy\Desktop\test_experiment\dataset\test\case1_original\fake\pika\kakao_normal\fake_pika_017.mp4,case1_original,kakao_normal,pika,1,0.5238238,0.51552844,0.50146484,0.4443538,0.5348099,0.7198516,0.8371545,0.9990908,0.7985798,0.9951041,0.99796116,0.9999808,0.9927532,0.98192734,0.9891711,0.99101454,0.99457306,0.9860845,0.8964329,0.99858415,0.98680264,0.9879695,0.98313373,0.66459477,0.9692369,0.92827886,0.9712657,0.9877351,0.98555213,0.97877365
C:\Users\leejy\Desktop\test_experiment\dataset\test\case1_original\fake\pika\kakao_normal\fake_pika_018.mp4,case1_original,kakao_normal,pika,1,0.48122525,0.5723344,0.4871168,0.5309605,0.4948427,0.6317239,0.81316423,0.8626991,0.60551476,0.8153795,0.61042446,0.560621,0.580471,0.8488156,0.79997027,0.98324674,0.9984269,0.9882449,0.9186994,0.99896574,0.97414124,0.98947024,0.95506835,0.51677835,0.9475269,0.9589625,0.95715785,0.9704926,0.97769254,0.9458012
C:\Users\leejy\Desktop\test_experiment\dataset\test\case1_original\fake\pika\kakao_normal\fake_pika_019.mp4,case1_original,kakao_normal,pika,1,0.5429163,0.56230605,0.49375948,0.53901356,0.53506804,0.6094661,0.9128255,0.6537627,0.78858316,0.7909343,0.7559974,0.9988883,0.8004971,0.8532415,0.93919235,0.96612406,0.9974191,0.96891505,0.83907574,0.99780875,0.95275027,0.98444134,0.9643886,0.5218367,0.9500415,0.8060142,0.787523,0.73871624,0.75087255,0.5593954
C:\Users\leejy\Desktop\test_experiment\dataset\test\case1_original\fake\pika\kakao_normal\fake_pika_020.mp4,case1_original,kakao_normal,pika,1,0.46005386,0.6555014,0.4509487,0.5189081,0.4639907,0.7706024,0.8098782,0.98466414,0.80985934,0.9987551,0.96210754,0.9995956,0.99378294,0.9910925,0.9928786,0.96989965,0.9968702,0.97947216,0.90397453,0.99865675,0.98173577,0.9950563,0.991339,0.63358027,0.99003476,0.9709644,0.94427973,0.9695268,0.9802808,0.95494246
C:\Users\leejy\Desktop\test_experiment\dataset\test\case1_original\fake\pika\kakao_normal\fake_pika_021.mp4,case1_original,kakao_normal,pika,1,0.37276205,0.4733529,0.39312288,0.43663704,0.4863849,0.49687377,0.87147486,0.292469,0.19153552,0.003899621,0.23048648,0.8527516,0.5644586,0.3953822,0.30033502,0.979354,0.9964134,0.9845754,0.8071568,0.9984452,0.967132,0.95610446,0.9604726,0.60562414,0.9261035,0.90312344,0.8632764,0.92121595,0.9521755,0.8878869
C:\Users\leejy\Desktop\test_experiment\dataset\test\case1_original\fake\pika\kakao_normal\fake_pika_022.mp4,case1_original,kakao_normal,pika,1,0.5919886,0.46990222,0.4233686,0.4919136,0.5516341,0.4312698,0.9167827,0.6588841,0.22918998,0.18213442,0.4855997,0.82523793,0.7067473,0.8106289,0.56923914,0.69029814,0.978733,0.9072211,0.51238763,0.91946197,0.79998976,0.771241,0.85015786,0.49804688,0.78984225,0.71353143,0.7590915,0.7777222,0.7541463,0.74190784
C:\Users\leejy\Desktop\test_experiment\dataset\test\case1_original\fake\pika\kakao_normal\fake_pika_023.mp4,case1_original,kakao_normal,pika,1,0.49711612,0.60299706,0.5269818,0.45317113,0.53954434,0.7162682,0.88899994,0.99778724,0.812291,0.9994986,0.99476975,0.99300176,0.85373753,0.95145893,0.9825743,0.84990895,0.9694401,0.910426,0.5565502,0.98155975,0.7319217,0.7830775,0.88548297,0.54570943,0.88084835,0.8750414,0.9220272,0.9468921,0.95473194,0.9254997
C:\Users\leejy\Desktop\test_experiment\dataset\test\case1_original\fake\pika\kakao_normal\fake_pika_024.mp4,case1_original,kakao_normal,pika,1,0.50562453,0.6191115,0.5570925,0.5208924,0.532729,0.7594262,0.80022407,0.98646784,0.69625527,0.9970073,0.90574,0.9885472,0.9113771,0.8782621,0.8253787,0.98403233,0.97869223,0.97029626,0.891339,0.9981969,0.99346113,0.98187524,0.9835338,0.7049352,0.98784107,0.8653379,0.7551408,0.94858485,0.943504,0.84408796
C:\Users\leejy\Desktop\test_experiment\dataset\test\case1_original\fake\pika\kakao_normal\fake_pika_025.mp4,case1_original,kakao_normal,pika,1,0.43765077,0.6002323,0.51622206,0.53123975,0.5003357,0.6785799,0.80753654,0.99697804,0.77990913,0.9948303,0.9865458,0.9998666,0.9890554,0.9932354,0.99226695,0.98093086,0.9742639,0.97254544,0.86787784,0.99718815,0.98105836,0.9827572,0.97259754,0.6413662,0.98164797,0.90174776,0.82161736,0.95253,0.9492946,0.9233162
C:\Users\leejy\Desktop\test_experiment\dataset\test\case1_original\fake\pika\kakao_normal\fake_pika_026.mp4,case1_original,kakao_normal,pika,1,0.5607639,0.49202797,0.4985695,0.53111815,0.445522,0.7696705,0.9351099,0.93296665,0.859369,0.9878293,0.9546474,0.9991424,0.97212505,0.98628414,0.99694854,0.9823216,0.9889705,0.9775,0.8990328,0.9978677,0.96926606,0.99541724,0.9885251,0.68856007,0.98478174,0.96360916,0.92988735,0.9653158,0.9695268,0.9595731
C:\Users\leejy\Desktop\test_experiment\dataset\test\case1_original\fake\pika\kakao_normal\fake_pika_027.mp4,case1_original,kakao_normal,pika,1,0.5001373,0.5338836,0.5644286,0.50427234,0.48169765,0.5589139,0.7933462,0.49404934,0.8834373,0.974893,0.9574771,0.91715443,0.8111156,0.86410993,0.7947038,0.96618783,0.9928786,0.9738444,0.9369228,0.992597,0.92879725,0.9733675,0.92421025,0.6252022,0.8547634,0.996108,0.9977482,0.99879104,0.99678373,0.99434716
C:\Users\leejy\Desktop\test_experiment\dataset\test\case1_original\fake\pika\kakao_normal\fake_pika_028.mp4,case1_original,kakao_normal,pika,1,0.49847412,0.67313796,0.48541674,0.5741672,0.54465,0.8518296,0.95783347,0.94445926,0.94772077,0.9999503,0.99601597,0.99961925,0.99469805,0.99324185,0.9967333,0.9906781,0.9998148,0.99363023,0.97527254,0.9998574,0.9901211,0.99700147,0.970771,0.62314045,0.9692078,0.97769254,0.9791158,0.9867005,0.9871293,0.9841393
C:\Users\leejy\Desktop\test_experiment\dataset\test\case1_original\fake\pika\kakao_normal\fake_pika_029.mp4,case1_original,kakao_normal,pika,1,0.43314207,0.41721213,0.4554105,0.5268297,0.5575366,0.77932185,0.6673916,0.52484655,0.36582476,0.84019345,0.5560078,0.42503834,0.49866486,0.37742597,0.48800892,0.90690076,0.9882902,0.9639839,0.7618487,0.9923638,0.90312344,0.94463825,0.87536144,0.53278977,0.92139304,0.98965186,0.9812928,0.9852572,0.99053264,0.9823216
C:\Users\leejy\Desktop\test_experiment\dataset\test\case1_original\fake\runway\kakao_normal\fake_runway_000.mp4,case1_original,kakao_normal,runway,1,0.47123083,0.6953898,0.55564624,0.5550132,0.45846993,0.6713628,0.87689817,0.8782099,0.6021201,0.99899954,0.80639565,0.99010193,0.86124665,0.9765577,0.8722386,0.9891816,0.9999145,0.9986369,0.9608783,0.99988806,0.9984542,0.99993443,0.998784,0.69141924,0.99931085,0.99433607,0.98862445,0.9976586,0.9857043,0.9928924
C:\Users\leejy\Desktop\test_experiment\dataset\test\case1_original\fake\runway\kakao_normal\fake_runway_001.mp4,case1_original,kakao_normal,runway,1,0.5002365,0.5561284,0.4985046,0.563453,0.5058896,0.79117644,0.8614217,0.9952632,0.9295044,0.99997735,0.9778306,0.9998579,0.99298817,0.9780936,0.99688244,0.99401975,0.9998832,0.9993013,0.96182173,0.99994564,0.9981792,0.99968433,0.9966234,0.70972776,0.9970131,0.9129032,0.7181993,0.9698426,0.93721074,0.94018847
C:\Users\leejy\Desktop\test_experiment\dataset\test\case1_original\fake\runway\kakao_normal\fake_runway_002.mp4,case1_original,kakao_normal,runway,1,0.46810672,0.6186652,0.4234208,0.48366365,0.44182354,0.65285033,0.89606965,0.7580631,0.8536079,0.9995728,0.94407386,0.99948066,0.9831661,0.9760608,0.9978719,0.9975177,0.99994636,0.9994012,0.97640073,0.99998796,0.99942076,0.99993575,0.9977482,0.7188751,0.99842995,0.9887988,0.9917163,0.9942251,0.9953544,0.9872528
C:\Users\leejy\Desktop\test_experiment\dataset\test\case1_original\fake\runway\kakao_normal\fake_runway_003.mp4,case1_original,kakao_normal,runway,1,0.4883215,0.4921643,0.3894014,0.58673006,0.4932255,0.84344435,0.7895178,0.99549675,0.84552836,0.99967754,0.9036349,0.99780875,0.984767,0.9737197,0.98886347,0.99508506,0.99988544,0.9979232,0.9673486,0.99993134,0.99776566,0.99971086,0.99697804,0.7490492,0.9960776,0.9773924,0.91352236,0.9770007,0.97986126,0.97517824
C:\Users\leejy\Desktop\test_experiment\dataset\test\case1_original\fake\runway\kakao_normal\fake_runway_004.mp4,case1_original,kakao_normal,runway,1,0.5788648,0.58305496,0.44399214,0.58044124,0.5446803,0.7292306,0.8621197,0.964271,0.89123255,0.99977785,0.9742149,0.99909246,0.94287604,0.9953725,0.985129,0.9985335,0.9999453,0.9993162,0.96792966,0.9999926,0.9989759,0.9998965,0.9985506,0.6786332,0.99938095,0.9901782,0.9576358,0.9908744,0.9885804,0.96544635
C:\Users\leejy\Desktop\test_experiment\dataset\test\case1_original\fake\runway\kakao_normal\fake_runway_005.mp4,case1_original,kakao_normal,runway,1,0.51935375,0.5935835,0.5111676,0.4547294,0.5535958,0.86965925,0.87966454,0.89778495,0.9130583,0.9994319,0.99021614,0.99937975,0.98544043,0.9956176,0.99261135,0.99903023,0.9999621,0.99972194,0.9841851,0.9999927,0.9996929,0.99998593,0.9989556,0.73126256,0.9995778,0.98947024,0.9867517,0.9936487,0.9813643,0.98609793
C:\Users\leejy\Desktop\test_experiment\dataset\test\case1_original\fake\runway\kakao_normal\fake_runway_006.mp4,case1_original,kakao_normal,runway,1,0.42684412,0.6096694,0.49891663,0.46339872,0.43088806,0.74309814,0.84765273,0.8401115,0.8680457,0.93564117,0.7895584,0.8924688,0.86587757,0.8722386,0.88418937,0.9981828,0.9998155,0.9995635,0.982524,0.9999896,0.99960417,0.9999083,0.99565166,0.6645131,0.99836427,0.9655439,0.967194,0.99344844,0.9871788,0.9744105
C:\Users\leejy\Desktop\test_experiment\dataset\test\case1_original\fake\runway\kakao_normal\fake_runway_007.mp4,case1_original,kakao_normal,runway,1,0.43431133,0.59187067,0.5056417,0.51225036,0.49687964,0.83960253,0.95275027,0.9983707,0.89803106,0.9997739,0.95443547,0.9972154,0.9567152,0.9923044,0.98551035,0.99494946,0.99991417,0.99851626,0.96312666,0.99998677,0.99822825,0.9997148,0.9973008,0.693314,0.99793327,0.9159594,0.9480103,0.99279517,0.9809125,0.9669453
C:\Users\leejy\Desktop\test_experiment\dataset\test\case1_original\fake\runway\kakao_normal\fake_runway_008.mp4,case1_original,kakao_normal,runway,1,0.47673193,0.6131497,0.42062932,0.4422902,0.473079,0.84645087,0.8849373,0.97529614,0.8084455,0.99495924,0.9812928,0.99964166,0.97914577,0.9823047,0.96912026,0.99196917,0.9997131,0.99865675,0.9181138,0.99986553,0.99808455,0.99931216,0.9936733,0.6741175,0.9966102,0.9913223,0.9729595,0.99455196,0.9769568,0.98803884
C:\Users\leejy\Desktop\test_experiment\dataset\test\case1_original\fake\runway\kakao_normal\fake_runway_009.mp4,case1_original,kakao_normal,runway,1,0.41101852,0.63931394,0.46676967,0.46470422,0.43295476,0.7291101,0.8101505,0.883588,0.9042074,0.9998783,0.98816514,0.99993944,0.9891502,0.99525404,0.99710196,0.99416876,0.99977785,0.99906737,0.9541374,0.9999671,0.997285,0.9995778,0.9943141,0.6619468,0.99843603,0.98050606,0.972336,0.9705485,0.97455615,0.97836393
C:\Users\leejy\Desktop\test_experiment\dataset\test\case1_original\fake\runway\kakao_normal\fake_runway_010.mp4,case1_original,kakao_normal,runway,1,0.5216939,0.75192153,0.5666481,0.45655364,0.45892456,0.7423751,0.8257654,0.9114953,0.7600723,0.9992931,0.92991924,0.99865156,0.9724148,0.99216896,0.990741,0.98680264,0.99891615,0.9944559,0.9642878,0.99971086,0.99155444,0.9958175,0.9907946,0.6172531,0.99371004,0.99496907,0.99580115,0.9939143,0.99196917,0.9890976
C:\Users\leejy\Desktop\test_experiment\dataset\test\case1_original\fake\runway\kakao_normal\fake_runway_011.mp4,case1_original,kakao_normal,runway,1,0.590056,0.6723317,0.56364816,0.4849289,0.50903225,0.7418144,0.87602586,0.9926542,0.86863184,0.9998535,0.9878293,0.9995122,0.9931096,0.99407744,0.99225944,0.9879695,0.9991186,0.997414,0.97074324,0.9998809,0.99621993,0.9993449,0.99184376,0.6873546,0.99674594,0.990732,0.9879695,0.99396133,0.98942953,0.9918121
C:\Users\leejy\Desktop\test_experiment\dataset\test\case1_original\fake\runway\kakao_normal\fake_runway_012.mp4,case1_original,kakao_normal,runway,1,0.44001803,0.68246794,0.4652508,0.47168714,0.5243033,0.6686707,0.8932628,0.9413314,0.79155934,0.9869544,0.921499,0.9837225,0.98932695,0.9591543,0.92778975,0.99865156,0.9998785,0.9994319,0.9605466,0.9999951,0.9985923,0.9995859,0.9967524,0.6567684,0.9984633,0.99390244,0.9815067,0.99448806,0.9922294,0.9780936
C:\Users\leejy\Desktop\test_experiment\dataset\test\case1_original\fake\runway\kakao_normal\fake_runway_013.mp4,case1_original,kakao_normal,runway,1,0.45028386,0.51098454,0.5130967,0.52137977,0.62752336,0.6893579,0.86968696,0.75214916,0.8299232,0.9596487,0.5215016,0.9244834,0.9492946,0.8268516,0.7296161,0.98629737,0.99824536,0.9975751,0.91644675,0.9999461,0.996183,0.9996402,0.9948303,0.69546735,0.99591404,0.9861514,0.97079873,0.9808209,0.98240626,0.94924754
C:\Users\leejy\Desktop\test_experiment\dataset\test\case1_original\fake\runway\kakao_normal\fake_runway_014.mp4,case1_original,kakao_normal,runway,1,0.5238999,0.62643844,0.46022823,0.4304017,0.409575,0.77330196,0.7891931,0.76782584,0.8069667,0.9963924,0.767167,0.98934746,0.7939859,0.9791955,0.811452,0.9738444,0.9965233,0.99540824,0.9180404,0.9995908,0.9951984,0.9996215,0.99497885,0.7162062,0.99268264,0.98998636,0.9704086,0.99173236,0.98685336,0.986904
C:\Users\leejy\Desktop\test_experiment\dataset\test\case1_original\fake\runway\kakao_normal\fake_runway_015.mp4,case1_original,kakao_normal,runway,1,0.35854957,0.5997782,0.5348707,0.511688,0.54664737,0.667527,0.45374593,0.6930057,0.7412528,0.72193927,0.06014182,0.19586311,0.48706344,0.17497346,0.13551784,0.9310248,0.86584914,0.95075506,0.6175991,0.9931363,0.5175404,0.72233117,0.7613611,0.50741524,0.8767399,0.973519,0.9183339,0.9832628,0.9796482,0.9712385
C:\Users\leejy\Desktop\test_experiment\dataset\test\case1_original\fake\runway\kakao_normal\fake_runway_016.mp4,case1_original,kakao_normal,runway,1,0.4913644,0.49207947,0.48636204,0.4910898,0.47628275,0.66366893,0.8329853,0.9131358,0.6905852,0.75658244,0.37924907,0.38866153,0.61875165,0.67109346,0.48581314,0.9424538,0.9943691,0.9491299,0.5639334,0.99664956,0.5715275,0.81047887,0.8596637,0.5485072,0.8410439,0.90371984,0.8272009,0.93451476,0.8623516,0.9371533
C:\Users\leejy\Desktop\test_experiment\dataset\test\case1_original\fake\runway\kakao_normal\fake_runway_017.mp4,case1_original,kakao_normal,runway,1,0.45263422,0.5742828,0.46915543,0.45255104,0.48935094,0.8230441,0.928765,0.9137535,0.81089103,0.98569053,0.71844625,0.9621787,0.96056515,0.8782621,0.9227612,0.85403454,0.9847231,0.96962756,0.6857653,0.9779888,0.69238204,0.87348485,0.9038049,0.53210604,0.8585704,0.86408126,0.57101923,0.89674973,0.90590656,0.94844174
C:\Users\leejy\Desktop\test_experiment\dataset\test\case1_original\fake\runway\kakao_normal\fake_runway_018.mp4,case1_original,kakao_normal,runway,1,0.44862252,0.5745738,0.4197223,0.54342365,0.4994812,0.76454014,0.97112906,0.97462875,0.7003827,0.99862766,0.61508787,0.985663,0.88095075,0.88263035,0.86130506,0.9300146,0.9790558,0.9796871,0.74101865,0.99635005,0.9730365,0.9891187,0.9583432,0.49519747,0.9521755,0.83815056,0.72521096,0.9351691,0.9514138,0.9390807
C:\Users\leejy\Desktop\test_experiment\dataset\test\case1_original\fake\runway\kakao_normal\fake_runway_019.mp4,case1_original,kakao_normal,runway,1,0.36466444,0.56419605,0.4868957,0.53403544,0.4415526,0.8211696,0.7263043,0.7783125,0.86098397,0.8204694,0.26950204,0.58866745,0.7457002,0.89747083,0.27105868,0.8702117,0.93183565,0.9366626,0.56403095,0.9806919,0.8728902,0.9056566,0.84247476,0.52905434,0.9302684,0.9904959,0.9942139,0.99644804,0.995488,0.9572778
C:\Users\leejy\Desktop\test_experiment\dataset\test\case1_original\fake\runway\kakao_normal\fake_runway_020.mp4,case1_original,kakao_normal,runway,1,0.48169002,0.56190604,0.51077104,0.5187576,0.54604226,0.64459574,0.7827663,0.5098864,0.4819262,0.22215122,0.64351135,0.7078593,0.75082695,0.895842,0.62746626,0.82043344,0.9155828,0.72144896,0.61474097,0.9808576,0.7473394,0.66405034,0.7632632,0.5227504,0.72195154,0.9888419,0.9825743,0.9977083,0.9959378,0.9766692
C:\Users\leejy\Desktop\test_experiment\dataset\test\case1_original\fake\runway\kakao_normal\fake_runway_021.mp4,case1_original,kakao_normal,runway,1,0.44605732,0.4762295,0.44409007,0.47183162,0.35549513,0.50573707,0.59687376,0.17556457,0.4450471,0.4123009,0.17384851,0.2744972,0.7720154,0.13770632,0.43872508,0.8726732,0.9802997,0.9234544,0.55981654,0.9966756,0.674801,0.5219585,0.52080095,0.4489094,0.32678148,0.9591543,0.97112906,0.98892784,0.9793738,0.9659639
C:\Users\leejy\Desktop\test_experiment\dataset\test\case1_original\fake\runway\kakao_normal\fake_runway_022.mp4,case1_original,kakao_normal,runway,1,0.48650303,0.5322504,0.43029696,0.50659144,0.3475648,0.54236054,0.61901075,0.5207401,0.33420908,0.64382637,0.19064869,0.23784137,0.7506442,0.088978484,0.4287117,0.44113126,0.689985,0.7905101,0.33296075,0.78543204,0.6012424,0.38576508,0.52208036,0.49816898,0.40327305,0.95409465,0.9755304,0.9789956,0.9865976,0.9765354
C:\Users\leejy\Desktop\test_experiment\dataset\test\case1_original\fake\runway\kakao_normal\fake_runway_023.mp4,case1_original,kakao_normal,runway,1,0.41223437,0.59900147,0.42031518,0.52342796,0.43191364,0.642853,0.82544905,0.7797414,0.5946689,0.6499675,0.16899405,0.41952905,0.62314755,0.80115914,0.52300924,0.966028,0.9912209,0.98862445,0.7206141,0.9927602,0.79174054,0.7598942,0.8896248,0.5434691,0.8372211,0.9814,0.9659639,0.99491996,0.99256825,0.9797259
C:\Users\leejy\Desktop\test_experiment\dataset\test\case1_original\fake\runway\kakao_normal\fake_runway_024.mp4,case1_original,kakao_normal,runway,1,0.5846566,0.57326037,0.5662434,0.5376635,0.4845935,0.8222248,0.8662457,0.97180575,0.9502727,0.9964134,0.9875444,0.96992815,0.9640178,0.95822614,0.9190451,0.9838627,0.9978802,0.9914681,0.9423477,0.99678373,0.97792566,0.9943909,0.9706043,0.58008444,0.9463741,0.9437636,0.97624266,0.9923934,0.9945095,0.94966936
C:\Users\leejy\Desktop\test_experiment\dataset\test\case1_original\fake\runway\kakao_normal\fake_runway_025.mp4,case1_original,kakao_normal,runway,1,0.43055135,0.6018715,0.465564,0.5603128,0.39729518,0.7706806,0.7586,0.648355,0.71012604,0.08640053,0.34059483,0.11889567,0.67116755,0.8254842,0.24694172,0.9603984,0.99291986,0.97711015,0.8553081,0.9976814,0.9700419,0.9668514,0.8993868,0.60274863,0.9162221,0.9656736,0.96820134,0.98327893,0.9908744,0.97555363
C:\Users\leejy\Desktop\test_experiment\dataset\test\case1_original\fake\runway\kakao_normal\fake_runway_026.mp4,case1_original,kakao_normal,runway,1,0.618838,0.6732454,0.43636686,0.47749326,0.47590977,0.8121234,0.79036856,0.95649225,0.74607545,0.97112906,0.52938503,0.7097741,0.9389689,0.96697646,0.8583628,0.6709857,0.90320885,0.9487038,0.55579686,0.9599126,0.67017674,0.7572562,0.48538625,0.63925767,0.6148711,0.957794,0.950503,0.9784466,0.9860174,0.9627432
C:\Users\leejy\Desktop\test_experiment\dataset\test\case1_original\fake\runway\kakao_normal\fake_runway_027.mp4,case1_original,kakao_normal,runway,1,0.60987276,0.63042897,0.48325974,0.48108816,0.42286208,0.7166154,0.91102153,0.89889973,0.74560684,0.7862538,0.6223159,0.7088176,0.9069832,0.9647556,0.6669308,0.5797276,0.85096467,0.93885684,0.5371931,0.97678024,0.77063745,0.83004373,0.7070003,0.6105841,0.74022126,0.9066118,0.7685595,0.8895768,0.91891783,0.8783664
C:\Users\leejy\Desktop\test_experiment\dataset\test\case1_original\fake\runway\kakao_normal\fake_runway_028.mp4,case1_original,kakao_normal,runway,1,0.6459579,0.64170307,0.53209084,0.4775808,0.5363129,0.7541916,0.627666,0.843541,0.8814874,0.7862538,0.7622471,0.7557272,0.94610083,0.93086785,0.55388236,0.78862387,0.8784186,0.8791208,0.65493613,0.9182973,0.8728902,0.4794894,0.59572774,0.5686628,0.5974317,0.9935243,0.98190993,0.9946464,0.99384296,0.9925538
C:\Users\leejy\Desktop\test_experiment\dataset\test\case1_original\fake\runway\kakao_normal\fake_runway_029.mp4,case1_original,kakao_normal,runway,1,0.43731278,0.5431208,0.50314325,0.5119988,0.50128174,0.7308185,0.6987536,0.69286937,0.5415301,0.58658206,0.43350175,0.7521036,0.67409074,0.59565425,0.47822422,0.6482437,0.7702489,0.7353804,0.45235446,0.8524448,0.7454447,0.6296892,0.6270524,0.5615755,0.55291694,0.9751545,0.8174288,0.9914722,0.9744591,0.93919235
C:\Users\leejy\Desktop\test_experiment\dataset\test\case1_original\fake\svd\kakao_normal\fake_svd_002.mp4,case1_original,kakao_normal,svd,1,0.51012284,0.5493687,0.5119473,0.49646002,0.5113201,0.72802377,0.78464925,0.97933435,0.892246,0.98715407,0.9451974,0.97682446,0.71807575,0.46338353,0.8765816,0.9954791,0.99929166,0.99604684,0.8897206,0.9997247,0.99942076,0.9998155,0.99293363,0.70316744,0.997917,0.9990564,0.9995435,0.9996923,0.9993424,0.99632156
C:\Users\leejy\Desktop\test_experiment\dataset\test\case1_original\fake\svd\kakao_normal\fake_svd_007.mp4,case1_original,kakao_normal,svd,1,0.5097091,0.5529471,0.4623403,0.5054319,0.48580554,0.59106505,0.5874699,0.017678348,0.5112286,0.0032571745,0.26085994,0.0067975316,0.21121337,0.09451043,0.08021325,0.011072161,0.0014895174,0.021532878,0.22465025,0.0048297225,0.013969155,0.00705271,0.04782452,0.33682168,0.06982663,0.11787642,0.11308892,0.2637416,0.25079808,0.076580144
C:\Users\leejy\Desktop\test_experiment\dataset\test\case1_original\fake\svd\kakao_normal\fake_svd_008.mp4,case1_original,kakao_normal,svd,1,0.52117795,0.519188,0.47336814,0.40458098,0.50183105,0.71497643,0.60489506,0.80639565,0.61566573,0.23213601,0.9709919,0.99999595,0.98650694,0.89228123,0.8726732,0.80271024,0.91062486,0.9227612,0.33870572,0.90000373,0.76895016,0.8010813,0.72927886,0.4233388,0.57511085,0.90235174,0.9142907,0.94176143,0.8176473,0.8978745
C:\Users\leejy\Desktop\test_experiment\dataset\test\case1_original\fake\svd\kakao_normal\fake_svd_009.mp4,case1_original,kakao_normal,svd,1,0.46012586,0.64052343,0.5237877,0.40487504,0.58070505,0.42727724,0.61051154,0.29047745,0.3304442,0.6857193,0.705024,0.97280496,0.66847456,0.7801604,0.49535385,0.8465777,0.9696707,0.7894265,0.852199,0.9914887,0.87679267,0.85482407,0.818011,0.27975473,0.96021223,0.8480936,0.82161736,0.7268136,0.84097856,0.87689817
C:\Users\leejy\Desktop\test_experiment\dataset\test\case1_original\fake\svd\kakao_normal\fake_svd_023.mp4,case1_original,kakao_normal,svd,1,0.41017288,0.52545255,0.48422572,0.43937147,0.52244204,0.5907792,0.5981361,0.9911097,0.72225773,0.9998336,0.9965301,0.99995804,0.9857043,0.95606345,0.99543506,0.8005361,0.58139217,0.57080984,0.51006943,0.87380826,0.83237296,0.89684016,0.9567556,0.283397,0.8278499,0.7632191,0.5758387,0.8374206,0.91078377,0.81578344
C:\Users\leejy\Desktop\test_experiment\dataset\test\case1_original\fake\svd\kakao_normal\fake_svd_024.mp4,case1_original,kakao_normal,svd,1,0.4469322,0.5327062,0.45230913,0.52256763,0.4811567,0.66345096,0.5444986,0.9900058,0.83720446,0.9994642,0.96076804,0.9989267,0.9135609,0.946051,0.87546796,0.93863225,0.9743129,0.89733595,0.6043004,0.99273914,0.9517288,0.9925538,0.95659363,0.5484317,0.9507779,0.8003801,0.6635599,0.80837,0.93077356,0.4977722
C:\Users\leejy\Desktop\test_experiment\dataset\test\case1_original\fake\svd\kakao_normal\fake_svd_027.mp4,case1_original,kakao_normal,svd,1,0.56777185,0.60738665,0.5010948,0.48401424,0.50286865,0.69036996,0.77990913,0.99547476,0.8196408,0.99998033,0.9985814,0.9999094,0.9834546,0.9351395,0.9953454,0.67380905,0.9675024,0.8470844,0.5933755,0.9564718,0.87966454,0.9803374,0.97555363,0.5841525,0.93721074,0.6735139,0.6394265,0.44486624,0.52893645,0.45837525
C:\Users\leejy\Desktop\test_experiment\dataset\test\case1_original\fake\svd\kakao_normal\fake_svd_029.mp4,case1_original,kakao_normal,svd,1,0.41810283,0.5627548,0.45949674,0.46288276,0.42193884,0.6723048,0.8959786,0.9700419,0.654674,0.9983897,0.83833265,0.9943855,0.49841312,0.7882981,0.8332567,0.5341417,0.7940658,0.35756752,0.59416866,0.36506048,0.55920726,0.5637758,0.65232444,0.47394255,0.32805836,0.4557133,0.12700157,0.09982066,0.28223947,0.64799404
C:\Users\leejy\Desktop\test_experiment\dataset\test\case1_original\fake\svd\kakao_normal\fake_svd_036.mp4,case1_original,kakao_normal,svd,1,0.5029449,0.5494819,0.4775237,0.48160335,0.4960328,0.7176554,0.70443976,0.9951137,0.71592075,0.99718815,0.883889,0.9268683,0.87439936,0.43551135,0.83433944,0.3290143,0.31447145,0.41424707,0.49740607,0.8193158,0.3028806,0.09868569,0.33779037,0.4932865,0.31629008,0.4016658,0.19345196,0.6489671,0.39966518,0.1867616
C:\Users\leejy\Desktop\test_experiment\dataset\test\case1_original\fake\svd\kakao_normal\fake_svd_041.mp4,case1_original,kakao_normal,svd,1,0.47268346,0.5384239,0.38808158,0.46416715,0.47041348,0.652366,0.7829323,0.9119669,0.74757564,0.9943251,0.96187544,0.99800056,0.58634526,0.81895405,0.7518304,0.22656965,0.57072014,0.39951876,0.20934844,0.63115394,0.58154076,0.74400586,0.6687721,0.39750347,0.53722346,0.90982693,0.8264319,0.971537,0.80412006,0.8861744
C:\Users\leejy\Desktop\test_experiment\dataset\test\case1_original\fake\svd\kakao_normal\fake_svd_051.mp4,case1_original,kakao_normal,svd,1,0.43557134,0.52173007,0.5222631,0.55333936,0.4058019,0.685002,0.6882851,0.96267307,0.64052343,0.9988213,0.9818579,0.9993358,0.8227951,0.9203613,0.9259697,0.98247355,0.9875444,0.92874885,0.84344435,0.99518895,0.9950177,0.9966234,0.994615,0.6490366,0.9941233,0.986904,0.9832628,0.99349916,0.9911868,0.98197925
C:\Users\leejy\Desktop\test_experiment\dataset\test\case1_original\fake\svd\kakao_normal\fake_svd_056.mp4,case1_original,kakao_normal,svd,1,0.43804887,0.53433156,0.39855275,0.4015998,0.46788254,0.5269057,0.6970421,0.9151287,0.5050047,0.95075506,0.8263618,0.9860174,0.83121157,0.25921574,0.51971936,0.90817094,0.995037,0.9716313,0.47642744,0.99135584,0.9510968,0.9902351,0.94772077,0.49609384,0.9363432,0.69528633,0.6814619,0.8222248,0.9046505,0.81669897
C:\Users\leejy\Desktop\test_experiment\dataset\test\case1_original\fake\svd\kakao_normal\fake_svd_057.mp4,case1_original,kakao_normal,svd,1,0.54672307,0.5346581,0.5119759,0.5317546,0.46842965,0.70471925,0.54849213,0.9814356,0.880232,0.9997483,0.99709344,0.99924016,0.96448904,0.9859904,0.99486035,0.9300146,0.93941504,0.8888191,0.7958962,0.9783433,0.9413314,0.9186264,0.92879725,0.613099,0.94762397,0.9924374,0.9583432,0.98765194,0.99455196,0.9940428
C:\Users\leejy\Desktop\test_experiment\dataset\test\case1_original\fake\svd\kakao_normal\fake_svd_058.mp4,case1_original,kakao_normal,svd,1,0.40444866,0.5418596,0.47679278,0.51561993,0.49221864,0.81390494,0.7081495,0.98953116,0.86531836,0.9993255,0.9982993,0.999979,0.95292586,0.969985,0.9925827,0.83775276,0.7876863,0.8811427,0.74871993,0.92703366,0.9851576,0.9810765,0.91550726,0.5900486,0.9375548,0.97436166,0.9180404,0.8688824,0.96888566,0.9614253
C:\Users\leejy\Desktop\test_experiment\dataset\test\case1_original\fake\svd\kakao_normal\fake_svd_060.mp4,case1_original,kakao_normal,svd,1,0.5302745,0.5385434,0.48158714,0.5565502,0.3975875,0.5818081,0.45073712,0.7774372,0.63167953,0.99448276,0.9792154,0.97997653,0.35970145,0.8800259,0.72286034,0.7409249,0.9144437,0.62245935,0.6474082,0.87396973,0.86596256,0.88778967,0.859369,0.5243338,0.62502337,0.98637635,0.93602234,0.9432954,0.94644845,0.9631959
C:\Users\leejy\Desktop\test_experiment\dataset\test\case1_original\fake\svd\kakao_normal\fake_svd_063.mp4,case1_original,kakao_normal,svd,1,0.47726482,0.6173973,0.4810329,0.50970334,0.41991553,0.7034571,0.49202034,0.33917066,0.6713628,0.113800995,0.924347,0.8233284,0.2994892,0.47371808,0.53050256,0.8161867,0.8697699,0.8209185,0.7274191,0.9012708,0.5480991,0.7485821,0.7600723,0.5,0.63886344,0.86036915,0.7783125,0.8518912,0.9287327,0.7521036
C:\Users\leejy\Desktop\test_experiment\dataset\test\case1_original\fake\svd\kakao_normal\fake_svd_071.mp4,case1_original,kakao_normal,svd,1,0.5494819,0.52632755,0.5927255,0.4005002,0.57104915,0.7943052,0.8745602,0.99830914,0.8136829,0.99989724,0.9931496,0.9998889,0.9869795,0.9922144,0.99890125,0.8636218,0.9666317,0.96185756,0.66774374,0.9792749,0.95296955,0.9838005,0.8548847,0.5715275,0.95163894,0.9965166,0.98041254,0.99261135,0.9871911,0.993255
C:\Users\leejy\Desktop\test_experiment\dataset\test\case1_original\fake\svd\kakao_normal\fake_svd_072.mp4,case1_original,kakao_normal,svd,1,0.48162144,0.59125125,0.4856378,0.5052412,0.5011368,0.6468228,0.7090947,0.99188316,0.5834407,0.9916277,0.8961605,0.99393785,0.7866843,0.70298904,0.86573577,0.49047965,0.91781974,0.7284828,0.35486612,0.908008,0.74498117,0.8198212,0.7932662,0.50964236,0.72456586,0.85139763,0.88100195,0.9399685,0.9749646,0.6556668
C:\Users\leejy\Desktop\test_experiment\dataset\test\case1_original\fake\svd\kakao_normal\fake_svd_088.mp4,case1_original,kakao_normal,svd,1,0.41506186,0.59135455,0.45509267,0.4645372,0.57045096,0.64316124,0.7040838,0.8116014,0.7240906,0.91706157,0.9478657,0.9565531,0.2351962,0.3372581,0.7194144,0.22469279,0.0726367,0.043793183,0.14107421,0.09534946,0.31278968,0.19452079,0.1996979,0.39752904,0.31079897,0.49380526,0.6673645,0.34180218,0.21219121,0.44052944
C:\Users\leejy\Desktop\test_experiment\dataset\test\case1_original\fake\svd\kakao_normal\fake_svd_108.mp4,case1_original,kakao_normal,svd,1,0.4006715,0.4888267,0.46833467,0.482231,0.50586677,0.60377854,0.7819557,0.97819793,0.79486305,0.999355,0.9620006,0.98792297,0.3671568,0.8901988,0.9808576,0.68135583,0.8216889,0.47170994,0.51682407,0.9510059,0.7782283,0.9433998,0.938124,0.5229331,0.7856788,0.74927074,0.3279911,0.27566564,0.6442111,0.6639414
C:\Users\leejy\Desktop\test_experiment\dataset\test\case1_original\fake\svd\kakao_normal\fake_svd_109.mp4,case1_original,kakao_normal,svd,1,0.52721006,0.5481898,0.46268544,0.48630103,0.50872713,0.571378,0.8035305,0.9222726,0.80977356,0.8301471,0.7442848,0.9982212,0.3627152,0.84812504,0.80901206,0.41789496,0.46015242,0.2705284,0.5024109,0.4224451,0.60458773,0.4956056,0.58559,0.56202626,0.4281736,0.50721693,0.50180054,0.45928833,0.30405298,0.7923036
C:\Users\leejy\Desktop\test_experiment\dataset\test\case1_original\fake\svd\kakao_normal\fake_svd_115.mp4,case1_original,kakao_normal,svd,1,0.52135694,0.5768697,0.5156961,0.5627022,0.46286377,0.5598786,0.74595404,0.890151,0.7444387,0.85034436,0.7192851,0.0042812545,0.74844426,0.3338832,0.042206,0.9533619,0.9735945,0.9092444,0.7204174,0.9810037,0.9804314,0.98105836,0.91359943,0.5940656,0.9049869,0.90540594,0.32648614,0.7889899,0.9249254,0.7781018
C:\Users\leejy\Desktop\test_experiment\dataset\test\case1_original\fake\svd\kakao_normal\fake_svd_130.mp4,case1_original,kakao_normal,svd,1,0.52347934,0.53184766,0.47546452,0.470117,0.46586016,0.55410856,0.5521926,0.9882902,0.55109054,0.98270744,0.9807473,0.9999505,0.7416272,0.9518632,0.9773924,0.8583628,0.9492005,0.87356585,0.7498207,0.98250717,0.9539661,0.9052804,0.9384068,0.5333367,0.9449439,0.9919224,0.9644221,0.9956176,0.99004436,0.988514
C:\Users\leejy\Desktop\test_experiment\dataset\test\case1_original\fake\svd\kakao_normal\fake_svd_140.mp4,case1_original,kakao_normal,svd,1,0.5325011,0.50266266,0.48002163,0.49080762,0.5391387,0.73139447,0.9339146,0.9291838,0.8957053,0.9706043,0.9914391,0.99985623,0.9861647,0.9880504,0.9923044,0.961171,0.9482025,0.9384633,0.66366893,0.99053264,0.97737074,0.98337495,0.91700584,0.47862023,0.9417882,0.96637875,0.9543506,0.9681712,0.971537,0.9647889
C:\Users\leejy\Desktop\test_experiment\dataset\test\case1_original\fake\svd\kakao_normal\fake_svd_144.mp4,case1_original,kakao_normal,svd,1,0.44203427,0.6459858,0.47880298,0.5333367,0.5213493,0.7500954,0.62062156,0.8195325,0.59443355,0.99727446,0.9986853,0.99975365,0.96581906,0.99400806,0.8715296,0.9770007,0.98486924,0.9329437,0.67261404,0.9967963,0.97931457,0.9737447,0.9681712,0.57358885,0.9240048,0.8592509,0.88033485,0.877739,0.93403506,0.92892635
C:\Users\leejy\Desktop\test_experiment\dataset\test\case1_original\fake\svd\kakao_normal\fake_svd_152.mp4,case1_original,kakao_normal,svd,1,0.47298017,0.55983156,0.53101367,0.50796443,0.48178905,0.6601587,0.63516587,0.99569786,0.8076504,0.9999149,0.9991135,0.99999845,0.99369794,0.9972154,0.9981505,0.57969785,0.07185127,0.5660185,0.4319286,0.44049934,0.38818306,0.13011953,0.33244583,0.4829473,0.42883503,0.9731898,0.9746528,0.9865588,0.98926485,0.9787533
C:\Users\leejy\Desktop\test_experiment\dataset\test\case1_original\fake\svd\kakao_normal\fake_svd_154.mp4,case1_original,kakao_normal,svd,1,0.4574283,0.54231036,0.48252058,0.5247904,0.5165269,0.71967924,0.6692046,0.98383164,0.8249913,0.99898964,0.99659365,0.99903214,0.8923282,0.9771756,0.9956262,0.9269014,0.9634031,0.9248745,0.68236214,0.97161794,0.9437636,0.98020524,0.97640073,0.6399295,0.9461506,0.9797065,0.9369228,0.9783433,0.97782,0.9705485
C:\Users\leejy\Desktop\test_experiment\dataset\test\case1_original\fake\svd\kakao_normal\fake_svd_157.mp4,case1_original,kakao_normal,svd,1,0.46801743,0.5420225,0.47922948,0.4644689,0.4432954,0.63860995,0.6489114,0.94407386,0.67260057,0.8406273,0.74288833,0.99735296,0.91294205,0.9033368,0.90559405,0.73862195,0.6177577,0.655336,0.7731308,0.85372996,0.62852144,0.25302953,0.7406436,0.60633093,0.6910023,0.87557435,0.8512741,0.96080494,0.91367656,0.9092645
C:\Users\leejy\Desktop\test_experiment\dataset\test\case1_original\fake\svd\kakao_normal\fake_svd_163.mp4,case1_original,kakao_normal,svd,1,0.4318537,0.5936056,0.53043985,0.5222022,0.5677793,0.6050992,0.9178566,0.6077214,0.4809662,0.9600627,0.97539,0.9952123,0.98569053,0.74498117,0.97510713,0.41363996,0.8304567,0.59643316,0.22764099,0.8769245,0.5964111,0.52892596,0.52659196,0.2844269,0.51061857,0.42214724,0.7059371,0.66104823,0.44896978,0.38534576
C:\Users\leejy\Desktop\test_experiment\dataset\test\case1_original\fake\svd\kakao_normal\fake_svd_164.mp4,case1_original,kakao_normal,svd,1,0.5278537,0.5482049,0.49279642,0.47638175,0.38942498,0.6669037,0.8976056,0.9791955,0.8031159,0.99976176,0.48389232,0.99932945,0.2893968,0.9321451,0.6408624,0.8407826,0.84240997,0.9555686,0.6819916,0.9809491,0.8584221,0.73613983,0.8632188,0.5410451,0.6532271,0.9173767,0.7503699,0.7426084,0.82949203,0.8362205
C:\Users\leejy\Desktop\test_experiment\dataset\test\case1_original\real\kakao_high\00001.mp4,case1_original,kakao_high,real,0,0.4899611,0.525444,0.50292206,0.49869537,0.56745726,0.65461874,0.7683423,0.08601587,0.7406436,0.0022606407,0.018797074,0.0010670425,0.010881333,0.05513233,0.07253809,0.6661168,0.44496277,0.4275162,0.4864535,0.7076068,0.88856554,0.81427443,0.83601975,0.56937385,0.7539878,0.91985875,0.9081302,0.97389406,0.83445746,0.7980295
C:\Users\leejy\Desktop\test_experiment\dataset\test\case1_original\real\kakao_high\00006.mp4,case1_original,kakao_high,real,0,0.5189252,0.55346006,0.45563757,0.51625824,0.50286865,0.586878,0.541871,0.012217682,0.47085828,0.0013643618,0.044597577,0.00044508645,0.03330537,0.07835981,0.031499382,0.67118776,0.66551924,0.64069206,0.7898827,0.6257526,0.98292196,0.98192734,0.96631527,0.55760443,0.9543506,0.9078855,0.79198194,0.9308365,0.9318667,0.6206791
C:\Users\leejy\Desktop\test_experiment\dataset\test\case1_original\real\kakao_high\00007.mp4,case1_original,kakao_high,real,0,0.48354173,0.5144861,0.45521376,0.40547815,0.48231483,0.6200179,0.50006104,0.5000763,0.57164705,0.0065897712,0.17902765,0.5580862,0.22970796,0.11997406,0.08006926,0.8980982,0.9516839,0.9415199,0.48523378,0.9067358,0.95735765,0.94176143,0.91359943,0.4858436,0.7651001,0.8842893,0.93451476,0.9532315,0.9023087,0.88592786
C:\Users\leejy\Desktop\test_experiment\dataset\test\case1_original\real\kakao_high\00008.mp4,case1_original,kakao_high,real,0,0.4584093,0.6121068,0.49044153,0.41880092,0.5870926,0.30511472,0.59643316,0.032558974,0.25256836,0.0018748618,0.05525964,0.017610643,0.11377637,0.24637465,0.12808824,0.83648777,0.9727791,0.7130072,0.80555576,0.9802808,0.8834373,0.9320215,0.8713654,0.31070092,0.96415305,0.4080851,0.41165775,0.39073735,0.42250463,0.43901065
C:\Users\leejy\Desktop\test_experiment\dataset\test\case1_original\real\kakao_high\00022.mp4,case1_original,kakao_high,real,0,0.4013358,0.5079625,0.48043677,0.4388453,0.47590217,0.44821492,0.36212286,0.045057535,0.44589144,0.00057816197,0.01572399,0.00010762836,0.02472741,0.011474869,0.03978781,0.7394224,0.2769838,0.1621809,0.47868115,0.27245986,0.89606965,0.9581087,0.9449947,0.33803615,0.92314315,0.4939044,0.16257936,0.6231162,0.6132366,0.6169214
C:\Users\leejy\Desktop\test_experiment\dataset\test\case1_original\real\kakao_high\00023.mp4,case1_original,kakao_high,real,0,0.416767,0.49075422,0.46783316,0.50482166,0.4360366,0.59455127,0.4360216,0.014268192,0.5970206,0.012007351,0.06669066,0.029008126,0.24211602,0.10293422,0.07094482,0.9592689,0.9759923,0.8826556,0.7392342,0.9860174,0.9847963,0.9954704,0.96829146,0.5795938,0.95987505,0.31586787,0.10534852,0.13511792,0.35348397,0.21166116
C:\Users\leejy\Desktop\test_experiment\dataset\test\case1_original\real\kakao_high\00026.mp4,case1_original,kakao_high,real,0,0.5159324,0.5986935,0.4307309,0.4166928,0.46616015,0.57451415,0.60077405,0.70304,0.5684158,0.7823301,0.8105539,0.717946,0.62050664,0.2641685,0.85372996,0.88856554,0.9890976,0.9380815,0.7361161,0.9761973,0.94355595,0.97865146,0.9628482,0.5774954,0.90200704,0.633807,0.5634981,0.27310157,0.41932097,0.48579788
C:\Users\leejy\Desktop\test_experiment\dataset\test\case1_original\real\kakao_high\00028.mp4,case1_original,kakao_high,real,0,0.42747143,0.54631084,0.51107603,0.47670147,0.47402242,0.5028076,0.6248803,0.023916386,0.3938512,0.0038170498,0.099645294,0.00027159214,0.032713126,0.1236299,0.029367857,0.96829146,0.9973477,0.96131647,0.82290184,0.9942363,0.9597998,0.9697854,0.9654138,0.55880105,0.9302051,0.74120593,0.32611045,0.30208218,0.31875017,0.71309304
C:\Users\leejy\Desktop\test_experiment\dataset\test\case1_original\real\kakao_high\00035.mp4,case1_original,kakao_high,real,0,0.5161382,0.5483485,0.49757007,0.5086966,0.4577881,0.6765932,0.68581796,0.67800725,0.6593503,0.062046263,0.8017807,0.02945148,0.37759808,0.3629198,0.647241,0.9859093,0.99632156,0.99216133,0.87584007,0.9995408,0.99486035,0.99704784,0.9925249,0.6408115,0.9928092,0.9629877,0.8843892,0.98932695,0.9871788,0.911692
C:\Users\leejy\Desktop\test_experiment\dataset\test\case1_original\real\kakao_high\00040.mp4,case1_original,kakao_high,real,0,0.47833464,0.48877144,0.4812443,0.40045625,0.50107193,0.6661821,0.82439125,0.30641028,0.63204867,0.059087977,0.026886743,0.06103112,0.05131995,0.03305475,0.03537739,0.65110534,0.5897754,0.5383765,0.41606987,0.6007448,0.48232302,0.34703904,0.6228035,0.3749981,0.51580286,0.7834919,0.60515755,0.8631034,0.5352199,0.7800348
C:\Users\leejy\Desktop\test_experiment\dataset\test\case1_original\real\kakao_high\00050.mp4,case1_original,kakao_high,real,0,0.46326974,0.5188814,0.49227965,0.51778424,0.41235268,0.57910293,0.5995145,0.028274601,0.41982636,0.0030753699,0.24193686,0.15604058,0.19977593,0.3443883,0.30012983,0.9383221,0.9615699,0.83765316,0.7526495,0.957715,0.98607117,0.98046875,0.9874479,0.6134536,0.97223073,0.72903776,0.6708779,0.6666053,0.9314625,0.8866169
C:\Users\leejy\Desktop\test_experiment\dataset\test\case1_original\real\kakao_high\00055.mp4,case1_original,kakao_high,real,0,0.42741165,0.5404672,0.4227392,0.39604628,0.448849,0.45987955,0.59371233,0.11080748,0.31912136,0.06861546,0.012995414,0.00037482675,0.03919513,0.023286305,0.020864256,0.7019174,0.98658466,0.84520924,0.38112596,0.95226437,0.9405718,0.97889495,0.92468774,0.49707034,0.7958962,0.34703904,0.29249424,0.46107745,0.6932653,0.40892574
C:\Users\leejy\Desktop\test_experiment\dataset\test\case1_original\real\kakao_high\00056.mp4,case1_original,kakao_high,real,0,0.525034,0.52971387,0.5056951,0.49157798,0.45843962,0.5001526,0.32535976,0.01923426,0.62603843,0.0017580389,0.009494894,0.00013738607,0.08024929,0.021574067,0.0140500935,0.90118396,0.906942,0.75046134,0.7368742,0.9069832,0.79684633,0.7864589,0.76330733,0.58796895,0.64556694,0.25720495,0.044847906,0.10356716,0.3847966,0.19019704
C:\Users\leejy\Desktop\test_experiment\dataset\test\case1_original\real\kakao_high\00057.mp4,case1_original,kakao_high,real,0,0.4593793,0.52137977,0.50717115,0.52265906,0.44002557,0.69440633,0.54876417,0.3197583,0.7916097,0.18469398,0.6154707,0.13898684,0.32557416,0.4048167,0.32458323,0.9917163,0.99723697,0.9820826,0.83801806,0.9992489,0.99855345,0.9991491,0.9924521,0.56892484,0.996357,0.9675638,0.9552357,0.9628831,0.98965186,0.9079672
C:\Users\leejy\Desktop\test_experiment\dataset\test\case1_original\real\kakao_high\00059.mp4,case1_original,kakao_high,real,0,0.48045772,0.552019,0.52125794,0.46872982,0.50572944,0.6730305,0.5145528,0.17196317,0.48169765,0.12189628,0.9038897,0.11138611,0.27862468,0.29217228,0.24144468,0.84575146,0.94018847,0.7467858,0.75233114,0.7743275,0.95253,0.9847963,0.9605466,0.539768,0.8482822,0.13933781,0.026056305,0.07052758,0.03825006,0.13268304
C:\Users\leejy\Desktop\test_experiment\dataset\test\case1_original\real\kakao_high\00062.mp4,case1_original,kakao_high,real,0,0.4534131,0.5590042,0.43215328,0.5024109,0.402972,0.6487307,0.5675397,0.024237636,0.682891,0.013564779,0.016137324,5.044728e-05,0.010278361,0.0930168,0.008235631,0.8957053,0.9132906,0.8718982,0.8348786,0.8506548,0.96964204,0.97409195,0.9790157,0.60210544,0.9818056,0.9484895,0.9276915,0.9404625,0.97962874,0.8957508
C:\Users\leejy\Desktop\test_experiment\dataset\test\case1_original\real\kakao_high\00070.mp4,case1_original,kakao_high,real,0,0.5303505,0.6162793,0.5455884,0.48427334,0.44794324,0.8067004,0.44963425,0.19072402,0.7433951,0.08555635,0.013558245,0.6300592,0.075550675,0.12347128,0.08411582,0.43195856,0.5757744,0.7307134,0.5495122,0.66241443,0.6302583,0.8394709,0.5921066,0.46392995,0.7576599,0.5627473,0.19200853,0.057440385,0.63167953,0.78473175
C:\Users\leejy\Desktop\test_experiment\dataset\test\case1_original\real\kakao_high\00071.mp4,case1_original,kakao_high,real,0,0.47583368,0.64282495,0.4888324,0.48305398,0.49594885,0.6226888,0.53553873,0.705227,0.65885663,0.017193202,0.3088413,0.5777783,0.38560602,0.7853909,0.4266202,0.97836393,0.9957848,0.9621254,0.82082874,0.9985506,0.97782,0.98922324,0.97887486,0.592195,0.9518184,0.98184055,0.9811669,0.98977125,0.9901782,0.9579516
C:\Users\leejy\Desktop\test_experiment\dataset\test\case1_original\real\kakao_high\00087.mp4,case1_original,kakao_high,real,0,0.4086602,0.6010668,0.48778012,0.52299404,0.55367875,0.52711874,0.56973296,0.014871004,0.43494123,0.0043357154,0.13488983,0.020904195,0.023308527,0.014700298,0.08694165,0.818229,0.52090853,0.53266823,0.49249324,0.5541689,0.917746,0.9227612,0.83555067,0.50964236,0.8256249,0.9884919,0.98623115,0.990892,0.9822196,0.9921003
C:\Users\leejy\Desktop\test_experiment\dataset\test\case1_original\real\kakao_high\00107.mp4,case1_original,kakao_high,real,0,0.34557444,0.49951935,0.51525784,0.47971696,0.5251253,0.5077814,0.6811968,0.26232183,0.7278304,0.63973606,0.14420912,0.0020789145,0.03734444,0.22114037,0.23357521,0.80147004,0.7783967,0.5533846,0.5283385,0.8783664,0.9565125,0.9756929,0.96618783,0.60299706,0.9332485,0.47189236,0.23850584,0.14098547,0.47627518,0.4735507
C:\Users\leejy\Desktop\test_experiment\dataset\test\case1_original\real\kakao_high\00108.mp4,case1_original,kakao_high,real,0,0.53028214,0.56041807,0.46643543,0.4831759,0.5696881,0.5485526,0.7471204,0.55404824,0.63522243,0.018555455,0.11250255,0.07716922,0.060891364,0.056548137,0.1455399,0.6714167,0.80730873,0.5834407,0.45199162,0.51391244,0.9499951,0.9142907,0.8878869,0.5655087,0.7845255,0.80147004,0.8716935,0.8102538,0.6213973,0.9024807
C:\Users\leejy\Desktop\test_experiment\dataset\test\case1_original\real\kakao_high\00114.mp4,case1_original,kakao_high,real,0,0.50585914,0.55427444,0.5209723,0.52928996,0.4605694,0.47308093,0.51939946,0.036117926,0.5936093,0.006167498,0.007446194,4.0610603e-06,0.019437952,0.010976336,0.0012279605,0.6595696,0.39948946,0.5391045,0.6287779,0.23375006,0.7056329,0.82290184,0.72947156,0.5900412,0.5931675,0.7940658,0.24981306,0.48261198,0.85591143,0.5853683
C:\Users\leejy\Desktop\test_experiment\dataset\test\case1_original\real\kakao_high\00129.mp4,case1_original,kakao_high,real,0,0.4766101,0.52146167,0.54743385,0.44221494,0.5017395,0.402216,0.44972488,0.76745737,0.3908245,0.085398905,0.16391331,0.07974617,0.078607015,0.4091913,0.23726651,0.867092,0.9863369,0.8849124,0.5619136,0.9807842,0.97675806,0.98395544,0.95659363,0.5097644,0.9594972,0.35504776,0.095602475,0.14360756,0.41963306,0.60613424
C:\Users\leejy\Desktop\test_experiment\dataset\test\case1_original\real\kakao_high\00139.mp4,case1_original,kakao_high,real,0,0.44459492,0.52376294,0.4689958,0.39966518,0.54194677,0.62088025,0.55380696,0.3803183,0.62476945,0.008179983,0.16238002,0.0011446805,0.16642125,0.08329193,0.02865267,0.64630675,0.6728693,0.48425815,0.34931073,0.58545667,0.89733595,0.5703051,0.59801877,0.3847532,0.68156785,0.56113964,0.18395984,0.11747086,0.40145314,0.8110782
C:\Users\leejy\Desktop\test_experiment\dataset\test\case1_original\real\kakao_high\00143.mp4,case1_original,kakao_high,real,0,0.32890654,0.6222585,0.4714666,0.47962555,0.42618725,0.4562508,0.38863254,0.01883313,0.48572165,0.007976539,0.017593754,8.716189e-05,0.013768817,0.047008507,0.016866265,0.9452985,0.92683524,0.8366963,0.72193927,0.96323055,0.958187,0.9284088,0.95861524,0.5632578,0.8733229,0.3197052,0.29203975,0.29464608,0.3708375,0.5088187
C:\Users\leejy\Desktop\test_experiment\dataset\test\case1_original\real\kakao_high\00151.mp4,case1_original,kakao_high,real,0,0.4472264,0.52555144,0.49884036,0.45522884,0.4660861,0.5279859,0.5526,0.29960766,0.78057885,0.029367857,0.92441523,0.9790758,0.855036,0.87883514,0.85446006,0.58375216,0.018176934,0.55217755,0.43492627,0.019870713,0.64647067,0.3736187,0.56349057,0.40547815,0.35290536,0.6247801,0.60477835,0.57587874,0.7170614,0.5593803
C:\Users\leejy\Desktop\test_experiment\dataset\test\case1_original\real\kakao_high\00153.mp4,case1_original,kakao_high,real,0,0.4213137,0.5411967,0.46834987,0.5193233,0.54243916,0.6370872,0.50781184,0.09717599,0.6614993,0.025883388,0.9915052,0.41057903,0.6084196,0.76308674,0.97414124,0.9691787,0.9969246,0.9816304,0.82467383,0.9970073,0.9906781,0.9934865,0.99389064,0.6790856,0.9863631,0.9810401,0.97682446,0.9920002,0.9957188,0.9835338
C:\Users\leejy\Desktop\test_experiment\dataset\test\case1_original\real\kakao_high\00156.mp4,case1_original,kakao_high,real,0,0.41929126,0.56190604,0.52040493,0.4897933,0.46157038,0.5894801,0.49336568,0.042206,0.48352647,0.00029137006,0.008864499,7.1832605e-06,0.035644967,0.046855625,0.034358688,0.5799543,0.40910277,0.4547143,0.7246755,0.3408142,0.6089429,0.36582476,0.8005361,0.595669,0.77424216,0.6248946,0.7478001,0.880797,0.90393215,0.86499614
C:\Users\leejy\Desktop\test_experiment\dataset\test\case1_original\real\kakao_high\00162.mp4,case1_original,kakao_high,real,0,0.39355978,0.60658586,0.45707995,0.46013728,0.5671876,0.44396198,0.72649837,0.026835686,0.36229208,0.009385312,0.042602543,0.022435626,0.15065254,0.022607611,0.15178062,0.55734843,0.698278,0.55278116,0.34251657,0.50463855,0.5070491,0.32177958,0.50749147,0.27899283,0.46836507,0.6213973,0.8344069,0.86499614,0.4423354,0.7977145
C:\Users\leejy\Desktop\test_experiment\dataset\test\case1_original\real\kakao_high\00163.mp4,case1_original,kakao_high,real,0,0.46247303,0.5491873,0.5113506,0.4517346,0.40421343,0.48526427,0.8253787,0.033716537,0.4451677,0.0011902251,0.006062155,0.0008409995,0.012431651,0.07139671,0.01524759,0.26126024,0.05975658,0.45495644,0.36141825,0.024307018,0.4138176,0.13347168,0.33791324,0.4711624,0.14235108,0.40039763,0.18366683,0.072177574,0.22957839,0.14205326
C:\Users\leejy\Desktop\test_experiment\dataset\test\case1_original\fake\pika\kakao_high\fake_pika_000.mp4,case1_original,kakao_high,pika,1,0.3748765,0.4850356,0.473254,0.6041873,0.50555396,0.508075,0.6869741,0.12918286,0.8368881,0.0140500935,0.515315,0.0721122,0.2312234,0.8032124,0.6057991,0.69261605,0.3115594,0.6762993,0.66095585,0.68820655,0.4733529,0.62100595,0.7620259,0.49054068,0.82010955,0.934455,0.96073127,0.945349,0.95775455,0.9637117
C:\Users\leejy\Desktop\test_experiment\dataset\test\case1_original\fake\pika\kakao_high\fake_pika_001.mp4,case1_original,kakao_high,pika,1,0.5242805,0.5901741,0.381738,0.5057237,0.50268555,0.57710063,0.4632166,0.27275035,0.7188659,0.46806115,0.9057817,0.6237207,0.388444,0.65035623,0.5727228,0.8689937,0.88899994,0.8679083,0.7496374,0.9551521,0.7789017,0.77063745,0.8293538,0.5358879,0.84834504,0.9832145,0.97562337,0.97691274,0.98609793,0.98799264
C:\Users\leejy\Desktop\test_experiment\dataset\test\case1_original\fake\pika\kakao_high\fake_pika_002.mp4,case1_original,kakao_high,pika,1,0.38989493,0.54171187,0.49238643,0.46352774,0.5484317,0.5257341,0.54728264,0.32514542,0.6590212,0.05164182,0.61929864,0.92944044,0.52539927,0.7066461,0.1949036,0.98201376,0.9735945,0.9637117,0.92379886,0.995488,0.892422,0.85536855,0.9036349,0.6238067,0.83662134,0.93651766,0.937669,0.91321325,0.9565531,0.9217107
C:\Users\leejy\Desktop\test_experiment\dataset\test\case1_original\fake\pika\kakao_high\fake_pika_003.mp4,case1_original,kakao_high,pika,1,0.5001526,0.55892897,0.48706344,0.43952182,0.45640975,0.73211324,0.85945743,0.98657167,0.6949241,0.9983991,0.8873511,0.95695716,0.68389463,0.9556928,0.93667716,0.96697646,0.97110176,0.97292095,0.8263618,0.9932025,0.9458012,0.9858549,0.9756929,0.6309382,0.96795994,0.9958093,0.99743915,0.9928231,0.9933201,0.9935494
C:\Users\leejy\Desktop\test_experiment\dataset\test\case1_original\fake\pika\kakao_high\fake_pika_004.mp4,case1_original,kakao_high,pika,1,0.52028304,0.56156045,0.499115,0.5838263,0.49917603,0.58053786,0.66415924,0.89029425,0.76515496,0.9964619,0.78082967,0.97458035,0.85403454,0.8100285,0.9060729,0.9019207,0.88612515,0.8941153,0.73511904,0.941493,0.7525131,0.93546456,0.928668,0.592534,0.93220687,0.7812472,0.66492116,0.94433105,0.9226916,0.90958625
C:\Users\leejy\Desktop\test_experiment\dataset\test\case1_original\fake\pika\kakao_high\fake_pika_005.mp4,case1_original,kakao_high,pika,1,0.4579472,0.532258,0.52916074,0.5037002,0.5324821,0.56985265,0.76330733,0.11714221,0.33090347,0.026355354,0.2959416,0.21288587,0.2752271,0.7671888,0.41504702,0.96267307,0.9928092,0.9672714,0.8842393,0.99895763,0.93952614,0.8975607,0.93919235,0.62293255,0.92956835,0.91228,0.878627,0.921145,0.93985814,0.95239735
C:\Users\leejy\Desktop\test_experiment\dataset\test\case1_original\fake\pika\kakao_high\fake_pika_006.mp4,case1_original,kakao_high,pika,1,0.4534131,0.61149794,0.4933018,0.59480137,0.5549529,0.31242245,0.8496596,0.11189459,0.7331653,0.48633155,0.32055536,0.75292206,0.45510778,0.30998898,0.43050647,0.9226568,0.9784466,0.9667731,0.85542893,0.9916681,0.98213416,0.9648882,0.94471484,0.593786,0.9382373,0.97947216,0.9811849,0.9930962,0.9933717,0.9801293
C:\Users\leejy\Desktop\test_experiment\dataset\test\case1_original\fake\pika\kakao_high\fake_pika_007.mp4,case1_original,kakao_high,pika,1,0.48636964,0.567637,0.4636871,0.46159315,0.49319497,0.82855767,0.7855554,0.7711118,0.74558365,0.99861693,0.91982275,0.947186,0.76803803,0.85687214,0.8986054,0.9205043,0.98623115,0.9620719,0.8442164,0.9971607,0.9007046,0.8656789,0.902824,0.49566662,0.9165215,0.89956343,0.8633916,0.8580062,0.9713201,0.75192153
C:\Users\leejy\Desktop\test_experiment\dataset\test\case1_original\fake\pika\kakao_high\fake_pika_008.mp4,case1_original,kakao_high,pika,1,0.58106536,0.52213365,0.5147357,0.4249787,0.5063778,0.91978675,0.9241418,0.99953353,0.9250609,0.99994004,0.9910493,0.9999473,0.9899476,0.9819619,0.9993449,0.9574771,0.9935369,0.94853723,0.7973202,0.9973374,0.94458723,0.93952614,0.96192914,0.5067745,0.9721515,0.9432431,0.94649786,0.86737317,0.9436599,0.7850615
C:\Users\leejy\Desktop\test_experiment\dataset\test\case1_original\fake\pika\kakao_high\fake_pika_009.mp4,case1_original,kakao_high,pika,1,0.54345393,0.5378152,0.45996293,0.53984374,0.49894714,0.62108135,0.8306971,0.6017106,0.7016875,0.9038472,0.96795994,0.9761292,0.8000679,0.9625677,0.8496596,0.995008,0.99961555,0.9923341,0.92860323,0.9996567,0.9670388,0.9865976,0.98644173,0.544317,0.99492985,0.96926606,0.97313875,0.98147124,0.97546023,0.98178816
C:\Users\leejy\Desktop\test_experiment\dataset\test\case1_original\fake\pika\kakao_high\fake_pika_010.mp4,case1_original,kakao_high,pika,1,0.49379763,0.48721594,0.5163211,0.48157573,0.4854549,0.46915543,0.7279271,0.12945776,0.8204694,0.26222146,0.7031419,0.67655313,0.7031929,0.74099517,0.45731848,0.9670076,0.9929472,0.9658513,0.9006172,0.99021614,0.86476797,0.9627082,0.9707155,0.5874699,0.94122344,0.96458924,0.9499023,0.9851003,0.9424538,0.96823144
C:\Users\leejy\Desktop\test_experiment\dataset\test\case1_original\fake\pika\kakao_high\fake_pika_011.mp4,case1_original,kakao_high,pika,1,0.55578184,0.5455581,0.530571,0.5840932,0.523192,0.55784535,0.86036915,0.8843892,0.984063,0.9670932,0.9425596,0.99248135,0.9450201,0.91964257,0.9167827,0.97423947,0.9989698,0.9775965,0.9437118,0.996357,0.93738294,0.988062,0.98026204,0.67348033,0.97664696,0.9666002,0.9928092,0.9825408,0.9930559,0.9605466
C:\Users\leejy\Desktop\test_experiment\dataset\test\case1_original\fake\pika\kakao_high\fake_pika_012.mp4,case1_original,kakao_high,pika,1,0.3520347,0.661595,0.47495082,0.4957429,0.5360093,0.657181,0.7038294,0.9431908,0.79791135,0.98046875,0.7368742,0.23850584,0.13747455,0.96741027,0.9651684,0.90515476,0.953188,0.74890363,0.6489114,0.9185533,0.4662076,0.66115755,0.8092006,0.60179836,0.7368269,0.9882902,0.9734938,0.9944988,0.98466414,0.9792749
C:\Users\leejy\Desktop\test_experiment\dataset\test\case1_original\fake\pika\kakao_high\fake_pika_013.mp4,case1_original,kakao_high,pika,1,0.5420263,0.6395109,0.5446273,0.60480744,0.3618057,0.5180129,0.89176387,0.9966102,0.83393407,0.99920064,0.9848401,0.99951684,0.98760426,0.9956006,0.9977349,0.9873018,0.9974039,0.9886464,0.9068596,0.99853635,0.97009856,0.988514,0.9851003,0.6049096,0.99242276,0.9859093,0.9784259,0.98913974,0.98508596,0.97246706
C:\Users\leejy\Desktop\test_experiment\dataset\test\case1_original\fake\pika\kakao_high\fake_pika_014.mp4,case1_original,kakao_high,pika,1,0.5476455,0.53577405,0.5374359,0.51845473,0.5050047,0.7194082,0.8993868,0.98662347,0.7427717,0.99529994,0.992725,0.9981104,0.9927812,0.9677472,0.9913306,0.9927532,0.9993026,0.9947748,0.9323918,0.9997086,0.96765566,0.99213856,0.98416984,0.65423226,0.9787127,0.9763557,0.9871293,0.98394,0.99085677,0.9744348
C:\Users\leejy\Desktop\test_experiment\dataset\test\case1_original\fake\pika\kakao_high\fake_pika_015.mp4,case1_original,kakao_high,pika,1,0.4227876,0.5361004,0.50820845,0.5749542,0.49996948,0.62108135,0.6612396,0.5001526,0.7480016,0.061593153,0.87573385,0.053998843,0.8216889,0.6480558,0.900267,0.9754836,0.9986436,0.9671475,0.83874583,0.99635005,0.7929457,0.9675638,0.9305214,0.6406078,0.93732566,0.99400806,0.99757034,0.9978002,0.99821776,0.9874479
C:\Users\leejy\Desktop\test_experiment\dataset\test\case1_original\fake\pika\kakao_high\fake_pika_016.mp4,case1_original,kakao_high,pika,1,0.48618287,0.5613651,0.53236055,0.46343666,0.5886971,0.8880812,0.94994867,0.9170801,0.9519973,0.97079873,0.9423477,0.9915216,0.91946197,0.9213576,0.9278225,0.9909622,0.99933845,0.9937889,0.93312675,0.99923277,0.96432143,0.99525404,0.98466414,0.61658597,0.967101,0.9279531,0.87218416,0.92379886,0.9467938,0.97409195
C:\Users\leejy\Desktop\test_experiment\dataset\test\case1_original\fake\pika\kakao_high\fake_pika_017.mp4,case1_original,kakao_high,pika,1,0.4877039,0.5126316,0.50506574,0.45610693,0.5343695,0.7136187,0.8085212,0.9989956,0.7933462,0.9787127,0.997813,0.9999652,0.9926967,0.95116496,0.9881309,0.9901592,0.99384296,0.9845011,0.8892887,0.99818975,0.9802997,0.9832949,0.97754294,0.64472854,0.9534054,0.9349319,0.9719659,0.9883128,0.9871044,0.9791158
C:\Users\leejy\Desktop\test_experiment\dataset\test\case1_original\fake\pika\kakao_high\fake_pika_018.mp4,case1_original,kakao_high,pika,1,0.47059974,0.5713182,0.48725784,0.5280828,0.47834605,0.63126403,0.8053261,0.7184216,0.59846985,0.58356494,0.4682435,0.26312578,0.46392995,0.79232365,0.72601295,0.9860174,0.998698,0.99010193,0.91928095,0.99892455,0.9668201,0.9887554,0.9539232,0.5295067,0.93578804,0.95691687,0.9565531,0.971564,0.97769254,0.941493
C:\Users\leejy\Desktop\test_experiment\dataset\test\case1_original\fake\pika\kakao_high\fake_pika_019.mp4,case1_original,kakao_high,pika,1,0.55441767,0.568835,0.4984436,0.53555393,0.5361307,0.61346817,0.8916225,0.5189728,0.77394336,0.69388795,0.74302816,0.99894744,0.76293224,0.8650531,0.94959927,0.96544635,0.997537,0.9692078,0.8385476,0.9979771,0.9561454,0.985342,0.9649544,0.5436508,0.94957596,0.78440166,0.75305825,0.7003315,0.7524676,0.54876417
C:\Users\leejy\Desktop\test_experiment\dataset\test\case1_original\fake\pika\kakao_high\fake_pika_020.mp4,case1_original,kakao_high,pika,1,0.48198718,0.6708779,0.44325492,0.53972626,0.47371808,0.7472516,0.78208053,0.9787533,0.7865818,0.9965837,0.934455,0.99879813,0.99021614,0.9812749,0.98974144,0.9635062,0.99575186,0.97415346,0.8874974,0.9981178,0.97085404,0.99097973,0.9884807,0.6226315,0.9857729,0.96753323,0.937669,0.970771,0.9797647,0.9494355
C:\Users\leejy\Desktop\test_experiment\dataset\test\case1_original\fake\pika\kakao_high\fake_pika_021.mp4,case1_original,kakao_high,pika,1,0.37536293,0.4791381,0.39850152,0.4364869,0.47132972,0.49798146,0.86737317,0.35092172,0.18931493,0.0033212027,0.23673674,0.8691048,0.55674607,0.45229396,0.33449432,0.98080254,0.99631435,0.9843364,0.8108536,0.99835473,0.9659317,0.94829834,0.9538373,0.59310853,0.92472166,0.87763417,0.8459106,0.9222726,0.9425596,0.88563144
C:\Users\leejy\Desktop\test_experiment\dataset\test\case1_original\fake\pika\kakao_high\fake_pika_022.mp4,case1_original,kakao_high,pika,1,0.58998215,0.47708783,0.42519495,0.4906932,0.5531885,0.42883128,0.9118885,0.5148272,0.20465964,0.07804302,0.4595915,0.79549927,0.6527811,0.82883495,0.5354324,0.62963223,0.96926606,0.8837887,0.49249324,0.8993426,0.7586,0.73810315,0.84389514,0.4791381,0.7767923,0.74087805,0.79653,0.8231863,0.75730115,0.7415103
C:\Users\leejy\Desktop\test_experiment\dataset\test\case1_original\fake\pika\kakao_high\fake_pika_023.mp4,case1_original,kakao_high,pika,1,0.4819681,0.59419805,0.5573334,0.46156278,0.5432268,0.70166194,0.89358836,0.99460465,0.8168816,0.99906737,0.9902727,0.99165195,0.79899174,0.9253649,0.9737447,0.84796774,0.97009856,0.9120844,0.5426285,0.98173577,0.72521096,0.7802023,0.8747742,0.52938503,0.8731607,0.8729443,0.921499,0.94463825,0.94901186,0.9291196
C:\Users\leejy\Desktop\test_experiment\dataset\test\case1_original\fake\pika\kakao_high\fake_pika_024.mp4,case1_original,kakao_high,pika,1,0.51330256,0.611788,0.56487876,0.5152541,0.5420755,0.76140547,0.8129044,0.98089427,0.65089387,0.9909972,0.89506495,0.9837225,0.8793542,0.8565725,0.7624683,0.98260766,0.974893,0.9663629,0.8793542,0.99801993,0.992597,0.9825408,0.98093086,0.68886757,0.98715407,0.8596048,0.7407257,0.9457011,0.930395,0.8485648
C:\Users\leejy\Desktop\test_experiment\dataset\test\case1_original\fake\pika\kakao_high\fake_pika_025.mp4,case1_original,kakao_high,pika,1,0.4412817,0.61207783,0.5210066,0.52826726,0.4908763,0.7179892,0.8209724,0.9962782,0.76076174,0.99304235,0.9890976,0.9998952,0.9920773,0.99226695,0.99470323,0.9737447,0.966156,0.9634375,0.84581506,0.99576014,0.97107434,0.9788344,0.9603984,0.6391168,0.9729338,0.9218866,0.83031917,0.96185756,0.95806944,0.9312127
C:\Users\leejy\Desktop\test_experiment\dataset\test\case1_original\fake\pika\kakao_high\fake_pika_026.mp4,case1_original,kakao_high,pika,1,0.5755134,0.49664313,0.5005169,0.5415604,0.4627158,0.7705835,0.93236095,0.8943029,0.8420531,0.9712385,0.9637117,0.9995016,0.9724148,0.99053264,0.9972691,0.9842306,0.98947024,0.9794133,0.90252376,0.9971048,0.9516839,0.9931496,0.9821684,0.66140366,0.97640073,0.95787287,0.9244834,0.961678,0.9668201,0.95751673
C:\Users\leejy\Desktop\test_experiment\dataset\test\case1_original\fake\pika\kakao_high\fake_pika_027.mp4,case1_original,kakao_high,pika,1,0.49715045,0.5428027,0.5621183,0.49995425,0.4806615,0.5887709,0.86177105,0.40305278,0.8754147,0.97754294,0.95226437,0.91102153,0.79561836,0.8484393,0.7480303,0.9573974,0.99178034,0.97272736,0.9275932,0.98953116,0.90582335,0.967163,0.90934503,0.60672784,0.8360867,0.99495924,0.99762183,0.9988575,0.9967775,0.9948303
C:\Users\leejy\Desktop\test_experiment\dataset\test\case1_original\fake\pika\kakao_high\fake_pika_028.mp4,case1_original,kakao_high,pika,1,0.49755096,0.6836835,0.48364842,0.57486844,0.5159248,0.8688824,0.9507321,0.9492946,0.9309621,0.99986446,0.9955576,0.9995363,0.9944126,0.99182796,0.9967333,0.9894091,0.9997613,0.9928301,0.9716717,0.9998093,0.9873262,0.99664307,0.9649213,0.60743034,0.9646226,0.985342,0.98228765,0.9899282,0.9869795,0.9838627
C:\Users\leejy\Desktop\test_experiment\dataset\test\case1_original\fake\pika\kakao_high\fake_pika_029.mp4,case1_original,kakao_high,pika,1,0.4326476,0.41468403,0.45421493,0.52533835,0.56067365,0.7806625,0.66524744,0.5224382,0.36670312,0.84765273,0.55278116,0.43041667,0.49738634,0.38476762,0.48858842,0.84765273,0.9789956,0.93383926,0.70398843,0.9842457,0.8672045,0.91715443,0.8348786,0.5176318,0.8874487,0.98965186,0.9811488,0.9862709,0.98922324,0.97953105
C:\Users\leejy\Desktop\test_experiment\dataset\test\case1_original\fake\runway\kakao_high\fake_runway_000.mp4,case1_original,kakao_high,runway,1,0.46037987,0.705227,0.5503959,0.55731833,0.46292827,0.6156368,0.880797,0.74507385,0.6153624,0.9992505,0.79246426,0.9839091,0.84234506,0.9685601,0.8709818,0.9845606,0.99983203,0.9981306,0.95190793,0.99977833,0.99787605,0.99991286,0.99843603,0.68812793,0.9990746,0.9942697,0.98840266,0.9976769,0.98498523,0.99262565
C:\Users\leejy\Desktop\test_experiment\dataset\test\case1_original\fake\runway\kakao_high\fake_runway_001.mp4,case1_original,kakao_high,runway,1,0.49180678,0.575916,0.5073466,0.5808871,0.50887966,0.79601514,0.8688268,0.9962126,0.94644845,0.99998164,0.9777564,0.99991584,0.99240804,0.9773492,0.99630713,0.9912548,0.99982256,0.99899954,0.95208645,0.9998996,0.9976949,0.9995523,0.9965503,0.7079934,0.9965233,0.883236,0.64980084,0.9637117,0.92643696,0.90519667
C:\Users\leejy\Desktop\test_experiment\dataset\test\case1_original\fake\runway\kakao_high\fake_runway_002.mp4,case1_original,kakao_high,runway,1,0.4826425,0.6454552,0.4324903,0.5034637,0.45468405,0.66896135,0.9042919,0.68188566,0.8613925,0.99939525,0.95296955,0.99952435,0.98340684,0.9773924,0.9982658,0.9973008,0.9999392,0.9993575,0.9742639,0.999985,0.9991221,0.9999459,0.9977216,0.717145,0.9981178,0.9899476,0.99106663,0.99509466,0.9946568,0.9854124
C:\Users\leejy\Desktop\test_experiment\dataset\test\case1_original\fake\runway\kakao_high\fake_runway_003.mp4,case1_original,kakao_high,runway,1,0.47452465,0.49155697,0.39673993,0.5757147,0.49188304,0.8505928,0.76812494,0.9946255,0.84425664,0.9994967,0.9073123,0.99727446,0.98314995,0.9628831,0.98803884,0.99384296,0.99986446,0.99756795,0.961171,0.9998827,0.9971384,0.9995372,0.9963642,0.7436104,0.995523,0.9761292,0.8988109,0.97396845,0.97856975,0.9715909
C:\Users\leejy\Desktop\test_experiment\dataset\test\case1_original\fake\runway\kakao_high\fake_runway_004.mp4,case1_original,kakao_high,runway,1,0.5711687,0.5403024,0.43902567,0.6095532,0.5479479,0.72574586,0.8784186,0.9691787,0.8967724,0.999892,0.9807288,0.9990656,0.93463427,0.9971384,0.9864026,0.99832565,0.99993813,0.9992649,0.9652504,0.9999895,0.99879336,0.999824,0.9980732,0.67647296,0.99920064,0.9908744,0.953665,0.99047756,0.98662347,0.9563497
C:\Users\leejy\Desktop\test_experiment\dataset\test\case1_original\fake\runway\kakao_high\fake_runway_005.mp4,case1_original,kakao_high,runway,1,0.53099656,0.58072364,0.49652106,0.45255104,0.56346804,0.89048487,0.8588962,0.9170801,0.8971108,0.99945146,0.98662347,0.9992889,0.97931457,0.99178034,0.9885804,0.9988991,0.99994075,0.9996499,0.9823386,0.9999912,0.9995802,0.99998426,0.99889046,0.73445296,0.999617,0.9893063,0.9853843,0.9936241,0.9818231,0.9861113
C:\Users\leejy\Desktop\test_experiment\dataset\test\case1_original\fake\runway\kakao_high\fake_runway_006.mp4,case1_original,kakao_high,runway,1,0.42158157,0.6015643,0.5053213,0.45647034,0.4281064,0.7356891,0.8697699,0.8712285,0.8922343,0.8539432,0.80889887,0.8197851,0.84606963,0.88856554,0.8607207,0.9981969,0.9997677,0.99948466,0.9820826,0.9999875,0.9995073,0.99991107,0.99564314,0.6751224,0.9983865,0.9610981,0.9518184,0.99261135,0.9848401,0.9642878
C:\Users\leejy\Desktop\test_experiment\dataset\test\case1_original\fake\runway\kakao_high\fake_runway_007.mp4,case1_original,kakao_high,runway,1,0.4360216,0.58563447,0.5015335,0.51601624,0.4847841,0.8359194,0.9448422,0.9981178,0.9235579,0.99975604,0.9448422,0.9912717,0.9467692,0.99381906,0.9854264,0.99394965,0.99988544,0.9980696,0.95691687,0.9999809,0.9981541,0.99961996,0.996682,0.7134316,0.9974788,0.9144437,0.93880075,0.9923044,0.9813107,0.9629877
C:\Users\leejy\Desktop\test_experiment\dataset\test\case1_original\fake\runway\kakao_high\fake_runway_008.mp4,case1_original,kakao_high,runway,1,0.4771887,0.6252665,0.41196817,0.44807908,0.47216624,0.85034436,0.89506495,0.9712385,0.8222248,0.9953815,0.9739189,0.9991912,0.9721648,0.9803186,0.9662516,0.9890343,0.9996594,0.9984421,0.9151287,0.99983907,0.9979493,0.9992022,0.9940428,0.6785683,0.9965837,0.9921841,0.97376966,0.99492985,0.97587764,0.9882676
C:\Users\leejy\Desktop\test_experiment\dataset\test\case1_original\fake\runway\kakao_high\fake_runway_009.mp4,case1_original,kakao_high,runway,1,0.4136992,0.63801813,0.46014485,0.46762425,0.41520262,0.70949745,0.8469895,0.84146774,0.8928198,0.99981266,0.99112695,0.99995244,0.98832405,0.99324846,0.9980525,0.99179614,0.99967504,0.99876726,0.94796216,0.99995804,0.9973008,0.99961406,0.9950755,0.6745096,0.9987503,0.98314995,0.9747491,0.9725715,0.9770445,0.97691274
C:\Users\leejy\Desktop\test_experiment\dataset\test\case1_original\fake\runway\kakao_high\fake_runway_010.mp4,case1_original,kakao_high,runway,1,0.5168317,0.7467397,0.583856,0.46079686,0.46803072,0.7446563,0.83393407,0.8724018,0.7598942,0.99921906,0.9340802,0.99890125,0.9745319,0.99228936,0.9915707,0.9826576,0.99857855,0.9935868,0.96253246,0.99959,0.9899671,0.99518895,0.9901972,0.62539524,0.99291986,0.99459416,0.9955662,0.99433607,0.9911868,0.9877587
C:\Users\leejy\Desktop\test_experiment\dataset\test\case1_original\fake\runway\kakao_high\fake_runway_011.mp4,case1_original,kakao_high,runway,1,0.61621433,0.6749617,0.5631377,0.46386924,0.49710083,0.73829186,0.8666412,0.9912717,0.8797162,0.9997603,0.98623115,0.99943405,0.9929472,0.99314284,0.9947238,0.9845457,0.9985758,0.9964204,0.9655115,0.9998104,0.9947901,0.9990545,0.9914391,0.6857982,0.99566,0.9911011,0.9887771,0.9939964,0.9890976,0.99196917
C:\Users\leejy\Desktop\test_experiment\dataset\test\case1_original\fake\runway\kakao_high\fake_runway_012.mp4,case1_original,kakao_high,runway,1,0.43479127,0.6801886,0.46379337,0.46668988,0.5281988,0.6677979,0.90337944,0.93385434,0.81819266,0.9890976,0.9313377,0.9833908,0.9882676,0.9656413,0.9401611,0.9984633,0.9998184,0.99922514,0.95577544,0.9999926,0.9982488,0.9994642,0.99637127,0.6532306,0.99812144,0.9933201,0.9780936,0.99411184,0.99085677,0.9755769
C:\Users\leejy\Desktop\test_experiment\dataset\test\case1_original\fake\runway\kakao_high\fake_runway_013.mp4,case1_original,kakao_high,runway,1,0.44616288,0.53607005,0.52192426,0.5365254,0.6282364,0.7302418,0.86596256,0.781914,0.84263664,0.9524858,0.4874599,0.9128255,0.9278225,0.8605451,0.6576484,0.98319834,0.99719363,0.9969277,0.8985442,0.9999274,0.9935494,0.9991491,0.9923044,0.692109,0.99456257,0.9865458,0.9670699,0.97877365,0.98389363,0.9410069
C:\Users\leejy\Desktop\test_experiment\dataset\test\case1_original\fake\runway\kakao_high\fake_runway_014.mp4,case1_original,kakao_high,runway,1,0.53525215,0.6378771,0.48230717,0.43785354,0.4163813,0.77598697,0.8123096,0.66971785,0.81859183,0.9971439,0.78332627,0.9895716,0.7862948,0.97684664,0.80775464,0.97140163,0.99595356,0.9951749,0.91386884,0.9995345,0.99411184,0.9995592,0.99396133,0.72993505,0.9913054,0.99094474,0.9725715,0.99209267,0.9869544,0.9821854
C:\Users\leejy\Desktop\test_experiment\dataset\test\case1_original\fake\runway\kakao_high\fake_runway_015.mp4,case1_original,kakao_high,runway,1,0.36593804,0.60681885,0.53077996,0.5109331,0.5463751,0.6834723,0.44474563,0.7761991,0.73173004,0.7698598,0.08624648,0.4179098,0.46575195,0.26312578,0.14330755,0.9092645,0.8268516,0.94184166,0.6017545,0.9909272,0.4442483,0.67160517,0.7498207,0.49548352,0.8511504,0.9732661,0.91964257,0.98213416,0.97856975,0.9720191
C:\Users\leejy\Desktop\test_experiment\dataset\test\case1_original\fake\runway\kakao_high\fake_runway_016.mp4,case1_original,kakao_high,runway,1,0.49221864,0.49782753,0.49134153,0.49688724,0.47526282,0.6804831,0.84058636,0.91010696,0.6469622,0.80942667,0.3985893,0.4222068,0.64240444,0.71233225,0.5069728,0.93220687,0.9932025,0.946051,0.5439385,0.9956937,0.52679163,0.7867867,0.8465143,0.5346125,0.8341706,0.8891444,0.8222605,0.92421025,0.853669,0.9320215
C:\Users\leejy\Desktop\test_experiment\dataset\test\case1_original\fake\runway\kakao_high\fake_runway_017.mp4,case1_original,kakao_high,runway,1,0.45312572,0.56755465,0.46572158,0.4431184,0.4908763,0.83828294,0.9194258,0.9124362,0.8151589,0.9868787,0.66263276,0.9305214,0.9408984,0.8600756,0.9129808,0.8441522,0.9843364,0.9680205,0.6827853,0.97376966,0.6650572,0.8630457,0.9007919,0.54037815,0.85557985,0.86754155,0.57167697,0.9048609,0.9043131,0.9462003
C:\Users\leejy\Desktop\test_experiment\dataset\test\case1_original\fake\runway\kakao_high\fake_runway_018.mp4,case1_original,kakao_high,runway,1,0.44788286,0.56004214,0.4299379,0.5473809,0.49957275,0.77072376,0.9721515,0.9759006,0.66985285,0.9989637,0.62563825,0.9842911,0.8730796,0.898366,0.86960393,0.93195957,0.9809125,0.98007214,0.73928124,0.9961606,0.9738444,0.99106663,0.96267307,0.505615,0.95691687,0.8304567,0.72710437,0.9296961,0.9455002,0.92421025
C:\Users\leejy\Desktop\test_experiment\dataset\test\case1_original\fake\runway\kakao_high\fake_runway_019.mp4,case1_original,kakao_high,runway,1,0.39475495,0.5591302,0.48474595,0.53857374,0.43950677,0.8278456,0.7403856,0.78862387,0.86002046,0.8275496,0.2955094,0.5573936,0.74596554,0.89778495,0.30668277,0.8695485,0.9279531,0.9347236,0.55701715,0.9783019,0.8694377,0.8987666,0.81390494,0.5336139,0.92174596,0.9892959,0.99333304,0.99624926,0.9946878,0.9511422
C:\Users\leejy\Desktop\test_experiment\dataset\test\case1_original\fake\runway\kakao_high\fake_runway_020.mp4,case1_original,kakao_high,runway,1,0.47977597,0.5555859,0.5080102,0.52056485,0.54815954,0.6857653,0.78559655,0.5189119,0.4850661,0.29542047,0.67272824,0.7153245,0.7396576,0.9186264,0.60504085,0.81423753,0.9265699,0.73829186,0.61641645,0.9831661,0.7567173,0.685568,0.7616715,0.52631235,0.7107287,0.988085,0.97773504,0.996682,0.99530905,0.973519
C:\Users\leejy\Desktop\test_experiment\dataset\test\case1_original\fake\runway\kakao_high\fake_runway_021.mp4,case1_original,kakao_high,runway,1,0.44086042,0.48021206,0.44712836,0.47301817,0.35970145,0.5144003,0.61855006,0.19269122,0.4414322,0.28303766,0.2056948,0.286269,0.7393283,0.13887002,0.45247543,0.87557435,0.9811126,0.9199307,0.5659286,0.99611557,0.6472967,0.48968652,0.50317377,0.44903022,0.30125928,0.96498734,0.9743129,0.98955137,0.98421544,0.971564
C:\Users\leejy\Desktop\test_experiment\dataset\test\case1_original\fake\runway\kakao_high\fake_runway_022.mp4,case1_original,kakao_high,runway,1,0.48163667,0.5215645,0.43176386,0.51656497,0.34914428,0.5307838,0.661595,0.5062252,0.343975,0.5362218,0.19721243,0.22695492,0.7620701,0.087252244,0.44287747,0.4227876,0.65665823,0.7670797,0.32455644,0.7614498,0.58575296,0.35192332,0.47901624,0.49957275,0.38444984,0.9566747,0.976513,0.9791158,0.9868913,0.97573924
C:\Users\leejy\Desktop\test_experiment\dataset\test\case1_original\fake\runway\kakao_high\fake_runway_023.mp4,case1_original,kakao_high,runway,1,0.41300356,0.60323817,0.43037927,0.5180052,0.43419138,0.63003075,0.83467656,0.8161134,0.61682045,0.7360153,0.18705843,0.47657967,0.64657176,0.8127559,0.551986,0.96688277,0.9914887,0.9890765,0.7134316,0.9932156,0.7710256,0.74307483,0.88700897,0.54970104,0.82439125,0.9780727,0.96131647,0.99416876,0.9916842,0.97543687
C:\Users\leejy\Desktop\test_experiment\dataset\test\case1_original\fake\runway\kakao_high\fake_runway_024.mp4,case1_original,kakao_high,runway,1,0.5783589,0.6047929,0.580471,0.5631978,0.4988098,0.831588,0.88764364,0.9607497,0.9493885,0.9972045,0.98985976,0.97999567,0.9638481,0.96062064,0.93412524,0.9828892,0.9980122,0.991891,0.94138527,0.9960622,0.9740673,0.99459416,0.96961325,0.5767208,0.9519527,0.94138527,0.9756698,0.99174845,0.9940544,0.9506406
C:\Users\leejy\Desktop\test_experiment\dataset\test\case1_original\fake\runway\kakao_high\fake_runway_025.mp4,case1_original,kakao_high,runway,1,0.42865187,0.5947793,0.47418606,0.5578754,0.38896614,0.7882981,0.7713056,0.5993422,0.7182981,0.05543836,0.34303907,0.12168575,0.6555014,0.7816224,0.24739602,0.95787287,0.99343574,0.97650176,0.8543993,0.9974788,0.9678385,0.9704367,0.89029425,0.6107836,0.9166335,0.962356,0.96432143,0.9816127,0.9911527,0.9739189
C:\Users\leejy\Desktop\test_experiment\dataset\test\case1_original\fake\runway\kakao_high\fake_runway_026.mp4,case1_original,kakao_high,runway,1,0.606615,0.6695288,0.4294443,0.4735203,0.46019793,0.8092759,0.7812472,0.95606345,0.75891846,0.9730621,0.515498,0.6829505,0.9370381,0.9583432,0.8474635,0.6468228,0.891055,0.9411153,0.54440784,0.9468921,0.65665823,0.7460465,0.45607665,0.63329685,0.6154779,0.95715785,0.9462501,0.9761746,0.9871788,0.9545204
C:\Users\leejy\Desktop\test_experiment\dataset\test\case1_original\fake\runway\kakao_high\fake_runway_027.mp4,case1_original,kakao_high,runway,1,0.61094683,0.63770795,0.4804025,0.49182203,0.4300277,0.70385486,0.9222025,0.91255313,0.74188447,0.83413684,0.65115386,0.70715195,0.9081302,0.96267307,0.6422537,0.5687452,0.8486589,0.9370381,0.519826,0.97275317,0.79117644,0.82768893,0.7057343,0.6133234,0.7372528,0.9111007,0.79117644,0.89340246,0.9183339,0.88483775
C:\Users\leejy\Desktop\test_experiment\dataset\test\case1_original\fake\runway\kakao_high\fake_runway_028.mp4,case1_original,kakao_high,runway,1,0.6442251,0.63973606,0.52597755,0.50290674,0.540742,0.7605617,0.6110194,0.8946515,0.8699634,0.9197327,0.7743702,0.78931487,0.92972803,0.9392481,0.5856419,0.7537387,0.8413048,0.86153823,0.6319422,0.9015313,0.86459655,0.45063892,0.5563694,0.56454116,0.57191604,0.9933975,0.9810037,0.9940659,0.9939261,0.99170023
C:\Users\leejy\Desktop\test_experiment\dataset\test\case1_original\fake\runway\kakao_high\fake_runway_029.mp4,case1_original,kakao_high,runway,1,0.4422902,0.55393517,0.5121131,0.5137676,0.50216675,0.7438664,0.73345184,0.69817513,0.57158726,0.61566573,0.41620332,0.7751796,0.6560405,0.6231189,0.46156278,0.66508436,0.7812472,0.73616356,0.465266,0.8390098,0.701943,0.57075006,0.5812734,0.55935025,0.540454,0.9742149,0.7905303,0.99036634,0.97175217,0.92792046
C:\Users\leejy\Desktop\test_experiment\dataset\test\case1_original\fake\svd\kakao_high\fake_svd_002.mp4,case1_original,kakao_high,svd,1,0.49766544,0.5546966,0.51336735,0.49543774,0.50277704,0.7312985,0.7874412,0.9882222,0.90236247,0.99253935,0.9352874,0.9888204,0.7175812,0.45792443,0.8479048,0.9941801,0.99911696,0.9951089,0.8795612,0.9995876,0.9994286,0.9998029,0.9916033,0.7002899,0.99792105,0.99911004,0.99953353,0.99969935,0.99936503,0.99596137
C:\Users\leejy\Desktop\test_experiment\dataset\test\case1_original\fake\svd\kakao_high\fake_svd_007.mp4,case1_original,kakao_high,svd,1,0.507829,0.55154353,0.46524322,0.50593156,0.48539388,0.5846566,0.56834096,0.014145104,0.49310347,0.002138504,0.24382246,0.0038920413,0.19977593,0.058345836,0.07303239,0.0107559245,0.001294368,0.01697999,0.22282694,0.0042812545,0.011072161,0.0061450917,0.049359404,0.3316607,0.06810237,0.11333402,0.110231474,0.24175783,0.23956053,0.08024929
C:\Users\leejy\Desktop\test_experiment\dataset\test\case1_original\fake\svd\kakao_high\fake_svd_008.mp4,case1_original,kakao_high,svd,1,0.51836336,0.5176776,0.47102934,0.40867496,0.5093983,0.70296353,0.58082765,0.79565805,0.6161278,0.20426252,0.98365986,0.9999951,0.9861514,0.89511085,0.8896248,0.79688585,0.8954313,0.9119669,0.32391453,0.8872046,0.7500954,0.7600723,0.7368742,0.42602307,0.57493186,0.9043131,0.9144437,0.93564117,0.8263618,0.89391285
C:\Users\leejy\Desktop\test_experiment\dataset\test\case1_original\fake\svd\kakao_high\fake_svd_009.mp4,case1_original,kakao_high,svd,1,0.45595554,0.6420959,0.519887,0.40402234,0.5766984,0.4292499,0.6093789,0.35824078,0.3292839,0.7859253,0.72482157,0.9891187,0.7004852,0.7547343,0.5548323,0.83601975,0.9645224,0.75916123,0.84645087,0.9896219,0.86810166,0.83768636,0.78530854,0.2660711,0.9581087,0.8534859,0.8292156,0.71020144,0.8448575,0.87784374
C:\Users\leejy\Desktop\test_experiment\dataset\test\case1_original\fake\svd\kakao_high\fake_svd_023.mp4,case1_original,kakao_high,svd,1,0.42867428,0.52962077,0.48934716,0.44361547,0.5323663,0.5768102,0.5839746,0.99225193,0.7359501,0.9998443,0.996123,0.9999609,0.9834705,0.943919,0.99518895,0.7485821,0.5654787,0.52208036,0.51337874,0.8337311,0.7942254,0.8908652,0.95735765,0.2884814,0.8471002,0.7891525,0.6499953,0.8662457,0.9173397,0.8441522
C:\Users\leejy\Desktop\test_experiment\dataset\test\case1_original\fake\svd\kakao_high\fake_svd_024.mp4,case1_original,kakao_high,svd,1,0.4256649,0.5424013,0.45176485,0.5319085,0.48364842,0.6590761,0.5542895,0.994089,0.8606915,0.99943525,0.9635748,0.9995932,0.8765816,0.9438154,0.9199667,0.9310248,0.96903247,0.8818186,0.5914283,0.99165195,0.93546456,0.99094474,0.9500415,0.5476455,0.9411694,0.8268516,0.73161024,0.8417607,0.9451468,0.50964236
C:\Users\leejy\Desktop\test_experiment\dataset\test\case1_original\fake\svd\kakao_high\fake_svd_027.mp4,case1_original,kakao_high,svd,1,0.5564146,0.60964036,0.5125191,0.48820144,0.52125794,0.68646854,0.7523766,0.9936672,0.81083494,0.9999716,0.99794525,0.999879,0.9831661,0.93149364,0.9951231,0.66971785,0.9645224,0.8374788,0.58410066,0.94839406,0.8337311,0.97093683,0.972336,0.5528415,0.93045825,0.6631784,0.6018568,0.43224314,0.5116747,0.42181975
C:\Users\leejy\Desktop\test_experiment\dataset\test\case1_original\fake\svd\kakao_high\fake_svd_029.mp4,case1_original,kakao_high,svd,1,0.41111085,0.5594254,0.4520143,0.46784836,0.41943243,0.64419013,0.8926561,0.97433734,0.6579231,0.9983675,0.88038635,0.9962565,0.55180013,0.8113399,0.88899994,0.4532127,0.73786706,0.3034221,0.5742754,0.3233267,0.48826814,0.44580096,0.5709258,0.44549182,0.2725083,0.48316064,0.14688088,0.10026028,0.3376402,0.6602477
C:\Users\leejy\Desktop\test_experiment\dataset\test\case1_original\fake\svd\kakao_high\fake_svd_036.mp4,case1_original,kakao_high,svd,1,0.5073008,0.5482805,0.47337574,0.47893628,0.4929814,0.72095805,0.6997163,0.995142,0.7122322,0.9979966,0.9075583,0.8754147,0.8911497,0.5148272,0.86001676,0.45210123,0.47458553,0.55947053,0.57701874,0.9164094,0.41623297,0.122365795,0.37853447,0.4213137,0.41941014,0.51690024,0.25497246,0.754282,0.49380526,0.2308764
C:\Users\leejy\Desktop\test_experiment\dataset\test\case1_original\fake\svd\kakao_high\fake_svd_041.mp4,case1_original,kakao_high,svd,1,0.45481265,0.5530754,0.38420433,0.46796232,0.4719609,0.65787506,0.7897409,0.92620367,0.7281567,0.99583375,0.9308365,0.99477994,0.57684,0.7649355,0.6889656,0.18039526,0.4980545,0.34246156,0.19216008,0.5631978,0.50952417,0.6634237,0.6003055,0.39345056,0.4791381,0.9129032,0.7876047,0.96989965,0.79282224,0.88263035
C:\Users\leejy\Desktop\test_experiment\dataset\test\case1_original\fake\svd\kakao_high\fake_svd_051.mp4,case1_original,kakao_high,svd,1,0.43261763,0.51817286,0.5239304,0.549905,0.41037223,0.70224935,0.6941796,0.9712385,0.6351093,0.998844,0.9867133,0.9993625,0.80757445,0.9255671,0.94384134,0.9742149,0.98400164,0.9043341,0.82942295,0.9928509,0.99381906,0.99530905,0.994146,0.65109146,0.9931363,0.985663,0.9803562,0.99219924,0.9881765,0.98220253
C:\Users\leejy\Desktop\test_experiment\dataset\test\case1_original\fake\svd\kakao_high\fake_svd_056.mp4,case1_original,kakao_high,svd,1,0.43615666,0.53364617,0.39888927,0.40261233,0.46641266,0.53213644,0.69853514,0.8806432,0.49926758,0.9392481,0.80201334,0.9806178,0.8013923,0.2107663,0.41429797,0.89845514,0.99459416,0.9672095,0.4696723,0.9882222,0.9267028,0.9805993,0.93045825,0.51372945,0.91173136,0.7250163,0.6790191,0.82050544,0.91985875,0.82608134
C:\Users\leejy\Desktop\test_experiment\dataset\test\case1_original\fake\svd\kakao_high\fake_svd_057.mp4,case1_original,kakao_high,svd,1,0.5412876,0.54437566,0.5100656,0.52769494,0.45987198,0.73511904,0.5555859,0.9747491,0.8692713,0.9995876,0.9971771,0.9992372,0.9374832,0.97386926,0.9907051,0.91266996,0.92716575,0.85806197,0.7765382,0.9708817,0.9280836,0.8981875,0.92468774,0.6217024,0.92940843,0.99386686,0.9590777,0.9887228,0.9953994,0.9946774
C:\Users\leejy\Desktop\test_experiment\dataset\test\case1_original\fake\svd\kakao_high\fake_svd_058.mp4,case1_original,kakao_high,svd,1,0.40533105,0.5360245,0.47862023,0.51955175,0.48572165,0.80639565,0.7282171,0.99066,0.8707279,0.99968565,0.99887305,0.9999901,0.9651191,0.9719126,0.9955835,0.78695047,0.7116815,0.84657377,0.7195315,0.89729095,0.9783433,0.9697281,0.88483775,0.576229,0.92444927,0.98134655,0.9613528,0.8965235,0.9744348,0.967225
C:\Users\leejy\Desktop\test_experiment\dataset\test\case1_original\fake\svd\kakao_high\fake_svd_060.mp4,case1_original,kakao_high,svd,1,0.5302897,0.53980964,0.48077196,0.5537164,0.3962726,0.5846769,0.4604936,0.7577719,0.6175703,0.988514,0.967194,0.91074413,0.29670522,0.80363655,0.6237351,0.6773673,0.8812066,0.5416513,0.6250663,0.81655276,0.8296991,0.8337311,0.8100285,0.49975586,0.5472372,0.98741156,0.9418149,0.9400786,0.95013416,0.957715
C:\Users\leejy\Desktop\test_experiment\dataset\test\case1_original\fake\svd\kakao_high\fake_svd_063.mp4,case1_original,kakao_high,svd,1,0.48258913,0.6166762,0.48501274,0.52016115,0.41614398,0.6985544,0.49220338,0.41022456,0.67179364,0.12777501,0.906942,0.6855286,0.30378345,0.38716885,0.51598954,0.76703614,0.7791118,0.714628,0.7144787,0.823825,0.46766606,0.65539116,0.70058763,0.5110456,0.5881131,0.86194545,0.76895016,0.793946,0.9187722,0.7367322
C:\Users\leejy\Desktop\test_experiment\dataset\test\case1_original\fake\svd\kakao_high\fake_svd_071.mp4,case1_original,kakao_high,svd,1,0.5792219,0.54224217,0.60559493,0.4081588,0.5840636,0.7762839,0.85693204,0.99792516,0.8120489,0.9998977,0.98548245,0.99985456,0.976513,0.9905874,0.998242,0.8348113,0.9589241,0.9582651,0.6565069,0.9753431,0.94858485,0.9809125,0.8146434,0.54570943,0.9510514,0.9967206,0.98955137,0.99518895,0.9901211,0.9942139
C:\Users\leejy\Desktop\test_experiment\dataset\test\case1_original\fake\svd\kakao_high\fake_svd_072.mp4,case1_original,kakao_high,svd,1,0.47747803,0.5910153,0.4796141,0.5013199,0.5061909,0.65182596,0.70324385,0.99036634,0.58296597,0.9903617,0.8961605,0.99448806,0.6829439,0.783554,0.84058636,0.5072322,0.92617035,0.73871624,0.3675398,0.91294205,0.7747964,0.86669767,0.81249565,0.50164795,0.7564475,0.8614217,0.89218736,0.938124,0.97520185,0.6809316
C:\Users\leejy\Desktop\test_experiment\dataset\test\case1_original\fake\svd\kakao_high\fake_svd_088.mp4,case1_original,kakao_high,svd,1,0.40587547,0.58921415,0.4482904,0.46065283,0.57158726,0.64170307,0.70423645,0.69601,0.7220863,0.8366881,0.9258357,0.91928095,0.15507847,0.2693256,0.640411,0.18795107,0.0553617,0.03978781,0.12940273,0.067546695,0.2657852,0.17553806,0.19349004,0.40019253,0.28966358,0.5093068,0.6829439,0.34309408,0.2216875,0.42596337
C:\Users\leejy\Desktop\test_experiment\dataset\test\case1_original\fake\svd\kakao_high\fake_svd_108.mp4,case1_original,kakao_high,svd,1,0.3951652,0.48001212,0.46402866,0.4861638,0.50509626,0.5894912,0.75771594,0.9744834,0.79242414,0.9993129,0.9466954,0.9911527,0.3746763,0.8872046,0.9829874,0.6524352,0.79085356,0.46952027,0.48370937,0.9379537,0.7657247,0.95163894,0.9382939,0.5236031,0.8163332,0.74101865,0.34325916,0.20983377,0.6589801,0.62897736
C:\Users\leejy\Desktop\test_experiment\dataset\test\case1_original\fake\svd\kakao_high\fake_svd_109.mp4,case1_original,kakao_high,svd,1,0.51798236,0.55192846,0.46421838,0.48972464,0.51382095,0.56259704,0.78140354,0.9045662,0.78690183,0.7944647,0.67140996,0.9944343,0.33021465,0.8139419,0.74101865,0.4327824,0.4920799,0.2769838,0.5113201,0.4329379,0.61196554,0.4638541,0.58310694,0.5685356,0.439176,0.48288634,0.4846659,0.41778362,0.32387444,0.76916695
C:\Users\leejy\Desktop\test_experiment\dataset\test\case1_original\fake\svd\kakao_high\fake_svd_115.mp4,case1_original,kakao_high,svd,1,0.52132833,0.57406646,0.5139963,0.5597413,0.46868426,0.5433948,0.72423685,0.85518724,0.71814984,0.8366881,0.5136227,0.0035449788,0.6637234,0.17490298,0.026105916,0.9468429,0.96586746,0.89501905,0.6805868,0.978733,0.9734181,0.97800976,0.9013143,0.59278446,0.87525487,0.8984105,0.3094931,0.80609053,0.8882751,0.74498117
C:\Users\leejy\Desktop\test_experiment\dataset\test\case1_original\fake\svd\kakao_high\fake_svd_130.mp4,case1_original,kakao_high,svd,1,0.5414998,0.53046453,0.4757423,0.46879825,0.46643165,0.5504261,0.50689656,0.98722816,0.54371136,0.9819447,0.97381955,0.9999443,0.72739494,0.93851966,0.9695268,0.8213309,0.9432954,0.84386295,0.7241881,0.97624266,0.9395816,0.8747742,0.9191359,0.5131196,0.93952614,0.99492985,0.9654789,0.99541724,0.99190676,0.98977125
C:\Users\leejy\Desktop\test_experiment\dataset\test\case1_original\fake\svd\kakao_high\fake_svd_140.mp4,case1_original,kakao_high,svd,1,0.52318436,0.5182052,0.48662123,0.49117562,0.54137856,0.7217922,0.9321451,0.95430803,0.8698805,0.9746045,0.99356186,0.9998579,0.9890554,0.9915707,0.9927532,0.94834626,0.93674946,0.9329437,0.63973606,0.98571813,0.9674718,0.97550696,0.88418937,0.4442935,0.92286557,0.9644556,0.9526182,0.96909106,0.9702681,0.95998776
C:\Users\leejy\Desktop\test_experiment\dataset\test\case1_original\fake\svd\kakao_high\fake_svd_144.mp4,case1_original,kakao_high,svd,1,0.44909817,0.649523,0.47213584,0.5316349,0.5294459,0.7621587,0.6226315,0.8963875,0.61682045,0.99832886,0.9988213,0.9995408,0.9596866,0.99308276,0.86516714,0.97324073,0.9791955,0.9232643,0.6532721,0.9954791,0.9759464,0.9691787,0.96544635,0.56504375,0.921145,0.8546422,0.8840893,0.92338526,0.9402983,0.93367314
C:\Users\leejy\Desktop\test_experiment\dataset\test\case1_original\fake\svd\kakao_high\fake_svd_152.mp4,case1_original,kakao_high,svd,1,0.48617145,0.57146764,0.5329873,0.51662594,0.48691097,0.68228275,0.60876846,0.99532276,0.7960547,0.9999057,0.99897975,0.9999982,0.9935243,0.996557,0.9978636,0.59829754,0.06711741,0.573559,0.44878858,0.42754608,0.41649997,0.11904921,0.31864414,0.4873074,0.44380382,0.97090924,0.97583157,0.9869544,0.98846966,0.97786224
C:\Users\leejy\Desktop\test_experiment\dataset\test\case1_original\fake\svd\kakao_high\fake_svd_154.mp4,case1_original,kakao_high,svd,1,0.47022724,0.5523888,0.49592218,0.53474915,0.52024496,0.73062634,0.6576484,0.9813286,0.8124585,0.99816847,0.99543947,0.9978884,0.88247854,0.96378,0.99486035,0.92206234,0.9654789,0.91674536,0.6680957,0.96768624,0.9424538,0.97792566,0.9730877,0.6375669,0.9491535,0.9775858,0.9342753,0.9766692,0.9775,0.9708817
C:\Users\leejy\Desktop\test_experiment\dataset\test\case1_original\fake\svd\kakao_high\fake_svd_157.mp4,case1_original,kakao_high,svd,1,0.46354482,0.53795177,0.47811764,0.4705313,0.44280213,0.64768684,0.63440174,0.950411,0.67624587,0.8571051,0.7129822,0.99637836,0.878627,0.88759494,0.89302987,0.71383077,0.60447186,0.608594,0.7677334,0.8528742,0.5436811,0.18097353,0.66241443,0.5921655,0.65127176,0.90473473,0.8750948,0.97254544,0.93183565,0.91693145
C:\Users\leejy\Desktop\test_experiment\dataset\test\case1_original\fake\svd\kakao_high\fake_svd_163.mp4,case1_original,kakao_high,svd,1,0.44226763,0.5949705,0.53148675,0.5286551,0.56106454,0.5998954,0.92696756,0.65811545,0.48169765,0.9661958,0.96641046,0.9935868,0.9831176,0.73380965,0.9732661,0.3692724,0.8183016,0.5601323,0.21891974,0.8466094,0.5530527,0.46602345,0.5025634,0.2752271,0.48364842,0.427815,0.6861072,0.6924341,0.41300356,0.41525447
C:\Users\leejy\Desktop\test_experiment\dataset\test\case1_original\fake\svd\kakao_high\fake_svd_164.mp4,case1_original,kakao_high,svd,1,0.5302612,0.54585314,0.49613962,0.48278725,0.3837712,0.6742114,0.89228123,0.97856975,0.79310596,0.9997305,0.52299404,0.9990601,0.29895166,0.92762595,0.7242856,0.81227237,0.82796735,0.94959927,0.6735944,0.9780517,0.83887786,0.6931875,0.83169055,0.5464356,0.61754864,0.93108755,0.7920624,0.7727022,0.86459655,0.87191176
C:\Users\leejy\Desktop\test_experiment\dataset\test\case4_mixed\real\original\00001.mp4,case4_mixed,original,real,0,0.5585076,0.50623196,0.4973984,0.4984579,0.5662584,0.77769053,0.8523219,0.996123,0.8374539,0.9370381,0.8454327,0.81873685,0.8500023,0.71814984,0.9242787,0.83406925,0.91062486,0.79210263,0.59340316,0.9775858,0.90481883,0.82290184,0.7777644,0.6374823,0.8926561,0.926769,0.9628482,0.98777056,0.91348374,0.8605451
C:\Users\leejy\Desktop\test_experiment\dataset\test\case4_mixed\real\original\00006.mp4,case4_mixed,original,real,0,0.5507282,0.58082765,0.44583112,0.49251613,0.48436484,0.6393456,0.5946101,0.31043303,0.6186364,0.010844606,0.95150405,0.14057204,0.72671664,0.787523,0.3242889,0.98617804,0.98761624,0.97675806,0.91247517,0.9971771,0.9958093,0.9981756,0.9938548,0.6368967,0.99528164,0.9763557,0.9658996,0.9888204,0.9827738,0.93017334
C:\Users\leejy\Desktop\test_experiment\dataset\test\case4_mixed\real\original\00007.mp4,case4_mixed,original,real,0,0.5364267,0.52262855,0.47921425,0.40118918,0.46860066,0.6499398,0.78070426,0.9953181,0.6917577,0.7662171,0.9560224,0.9997757,0.95828474,0.79402584,0.69555134,0.9669453,0.9932156,0.9846051,0.58403397,0.9918121,0.9922294,0.9761292,0.9328826,0.5193385,0.92529744,0.90821165,0.94762397,0.958187,0.9535786,0.8861744
C:\Users\leejy\Desktop\test_experiment\dataset\test\case4_mixed\real\original\00008.mp4,case4_mixed,original,real,0,0.458576,0.6300592,0.51069856,0.4179098,0.60954595,0.44577077,0.71017,0.70344764,0.39361808,0.8329173,0.57893926,0.76629364,0.7107287,0.78133065,0.43317202,0.93367314,0.99425864,0.9143864,0.88353777,0.99518895,0.9870297,0.9923638,0.94762397,0.39896247,0.9841241,0.5229483,0.46174484,0.4813624,0.5684158,0.49356115
C:\Users\leejy\Desktop\test_experiment\dataset\test\case4_mixed\real\original\00022.mp4,case4_mixed,original,real,0,0.4035669,0.547585,0.4952966,0.5010376,0.54144675,0.6257812,0.5346125,0.995756,0.71065336,0.98666847,0.97038054,0.6708003,0.89058006,0.51308906,0.87324184,0.97396845,0.97085404,0.8574376,0.66763544,0.9981433,0.99021614,0.99495924,0.9828892,0.50219727,0.9609883,0.67249304,0.12231338,0.7904494,0.7612502,0.52877676
C:\Users\leejy\Desktop\test_experiment\dataset\test\case4_mixed\real\original\00023.mp4,case4_mixed,original,real,0,0.44605732,0.5435296,0.4565309,0.48439533,0.43833432,0.6603093,0.59738773,0.6104535,0.64690644,0.9698354,0.91655886,0.9657707,0.9455505,0.76646847,0.85471797,0.9879695,0.99540824,0.9686937,0.8110782,0.9972584,0.99783844,0.9992446,0.98768765,0.5663933,0.98199654,0.84594244,0.6358586,0.7220863,0.74945414,0.74372685
C:\Users\leejy\Desktop\test_experiment\dataset\test\case4_mixed\real\original\00026.mp4,case4_mixed,original,real,0,0.54162097,0.568835,0.44013837,0.44409758,0.49130338,0.69720966,0.84032446,0.9933524,0.7485591,0.99993074,0.99455196,0.99887747,0.96498734,0.87578696,0.966156,0.98201376,0.99939406,0.9923341,0.8372211,0.9996679,0.98521465,0.99594563,0.9876639,0.61676276,0.9745077,0.88676405,0.7871959,0.6611849,0.7981868,0.6181755
C:\Users\leejy\Desktop\test_experiment\dataset\test\case4_mixed\real\original\00028.mp4,case4_mixed,original,real,0,0.41774648,0.56674176,0.5187138,0.48566067,0.50277704,0.59179693,0.6246048,0.771241,0.49169996,0.9494003,0.92805094,0.20418318,0.4969483,0.54776645,0.4470378,0.98913974,0.9992606,0.9911698,0.9086584,0.99895966,0.99306935,0.996503,0.98686606,0.5554051,0.9774785,0.7837403,0.73946947,0.3304172,0.42049548,0.7925445
C:\Users\leejy\Desktop\test_experiment\dataset\test\case4_mixed\real\original\00035.mp4,case4_mixed,original,real,0,0.52668136,0.58744025,0.48898494,0.4991455,0.4975281,0.71032697,0.75797355,0.9166335,0.7943064,0.5207401,0.9783019,0.87185717,0.9298555,0.59463954,0.9067358,0.9953815,0.99823856,0.99342304,0.8946515,0.9998387,0.99454135,0.9939964,0.98521465,0.6357314,0.99066,0.8800259,0.83141696,0.9828562,0.9711565,0.9038049
C:\Users\leejy\Desktop\test_experiment\dataset\test\case4_mixed\real\original\00040.mp4,case4_mixed,original,real,0,0.531255,0.4704477,0.45949674,0.43041667,0.5467457,0.72804797,0.825097,0.9978002,0.787972,0.991032,0.70324385,0.9995592,0.8654801,0.52786416,0.76180446,0.74789226,0.8984996,0.74450254,0.37744027,0.92847365,0.7947835,0.8064718,0.81967694,0.3982894,0.77062666,0.78249633,0.6158101,0.91212356,0.6910806,0.7383862
C:\Users\leejy\Desktop\test_experiment\dataset\test\case4_mixed\real\original\00050.mp4,case4_mixed,original,real,0,0.4909144,0.55801845,0.5374814,0.5157114,0.45146254,0.64888364,0.8206851,0.96448904,0.72903776,0.9680053,0.81815636,0.98478174,0.7766388,0.8127931,0.74558365,0.9842911,0.99411184,0.9588278,0.8530579,0.9980354,0.99090964,0.9925827,0.98961186,0.5907497,0.97573924,0.8726732,0.8518912,0.7574357,0.9482025,0.8881781
C:\Users\leejy\Desktop\test_experiment\dataset\test\case4_mixed\real\original\00055.mp4,case4_mixed,original,real,0,0.507583,0.5046233,0.40973735,0.42538515,0.50422275,0.5594104,0.6971452,0.89288986,0.48023492,0.9436989,0.93726826,0.9983675,0.9158466,0.5649181,0.78099674,0.9075583,0.998345,0.98213416,0.53313917,0.9989698,0.9876401,0.9942139,0.967256,0.46793956,0.93738294,0.47067577,0.41819194,0.6917122,0.7711549,0.43351674
C:\Users\leejy\Desktop\test_experiment\dataset\test\case4_mixed\real\original\00056.mp4,case4_mixed,original,real,0,0.5569494,0.5641735,0.52826345,0.49427822,0.47929043,0.57869,0.3963602,0.62646705,0.6487445,0.13799648,0.36155912,0.25416172,0.65588725,0.39725134,0.4906932,0.95857656,0.96253246,0.90437645,0.77864933,0.98521465,0.98190993,0.9834705,0.95239735,0.52996284,0.8134608,0.31599978,0.044639207,0.2519697,0.48358744,0.2524762
C:\Users\leejy\Desktop\test_experiment\dataset\test\case4_mixed\real\original\00057.mp4,case4_mixed,original,real,0,0.45730335,0.5268373,0.49244747,0.5419676,0.4416843,0.72561216,0.7536027,0.98792297,0.87450653,0.99929166,0.99338466,0.99944824,0.9797453,0.82417905,0.9519973,0.9985923,0.99947566,0.9955011,0.90938526,0.9999299,0.99985516,0.99993896,0.9984452,0.6046908,0.99856746,0.9735694,0.97118384,0.9753666,0.9911011,0.9166335
C:\Users\leejy\Desktop\test_experiment\dataset\test\case4_mixed\real\original\00059.mp4,case4_mixed,original,real,0,0.51782995,0.5868188,0.52471817,0.4974518,0.5378911,0.6881673,0.6358728,0.92892635,0.5548323,0.967975,0.9856076,0.99739385,0.8339003,0.9003547,0.8615964,0.9073123,0.965152,0.8704046,0.78927433,0.9413314,0.95699733,0.99128854,0.9507779,0.42043597,0.7884814,0.61035186,0.17838266,0.32319316,0.2133362,0.35287052
C:\Users\leejy\Desktop\test_experiment\dataset\test\case4_mixed\real\original\00062.mp4,case4_mixed,original,real,0,0.45704585,0.5442413,0.46816748,0.5149339,0.40312988,0.7141548,0.53487825,0.52372485,0.6894624,0.14359254,0.80882335,0.027901376,0.5050047,0.4589549,0.6942508,0.9859904,0.99176437,0.9796871,0.9273962,0.99541724,0.9894907,0.9946255,0.9913054,0.6303152,0.993807,0.97869223,0.9846199,0.98947024,0.99543506,0.9769787
C:\Users\leejy\Desktop\test_experiment\dataset\test\case4_mixed\real\original\00070.mp4,case4_mixed,original,real,0,0.5365709,0.5723344,0.4919136,0.50146484,0.483496,0.79358625,0.48127097,0.89395916,0.7938261,0.9773924,0.4712841,0.9997423,0.7248703,0.6352525,0.7039313,0.81501174,0.9003547,0.90727115,0.6450011,0.95305705,0.93045825,0.9455505,0.80162543,0.47858977,0.8879841,0.7490872,0.5517624,0.4409808,0.91181,0.88646954
C:\Users\leejy\Desktop\test_experiment\dataset\test\case4_mixed\real\original\00071.mp4,case4_mixed,original,real,0,0.4806425,0.63020146,0.5053404,0.50245667,0.51669455,0.70876724,0.7269105,0.99586606,0.6993571,0.83748704,0.8168451,0.9901972,0.8599764,0.95888567,0.8384815,0.9862046,0.998147,0.9849274,0.8586593,0.99976546,0.99665606,0.9988028,0.99528164,0.62440807,0.99248135,0.98065484,0.98447126,0.9853279,0.99066,0.9484895
C:\Users\leejy\Desktop\test_experiment\dataset\test\case4_mixed\real\original\00087.mp4,case4_mixed,original,real,0,0.4545554,0.56792164,0.4854968,0.47342902,0.5214483,0.590639,0.60556585,0.63886344,0.61878043,0.43590152,0.8819204,0.98375374,0.58959824,0.48532525,0.8013923,0.9585377,0.94886994,0.91098195,0.5899526,0.9820826,0.94796216,0.9725193,0.9009663,0.51305854,0.92241246,0.99014014,0.98932695,0.9921233,0.98600394,0.99424744
C:\Users\leejy\Desktop\test_experiment\dataset\test\case4_mixed\real\original\00107.mp4,case4_mixed,original,real,0,0.46370226,0.55322623,0.49720767,0.51586384,0.5349162,0.64625794,0.7564475,0.83788544,0.7938311,0.9927812,0.98197925,0.9273633,0.88803256,0.79109573,0.93784,0.9175984,0.9505947,0.7550956,0.6347132,0.9718326,0.98157746,0.99306935,0.98557997,0.6098437,0.94839406,0.55321866,0.13117322,0.25963786,0.51305854,0.5873663
C:\Users\leejy\Desktop\test_experiment\dataset\test\case4_mixed\real\original\00108.mp4,case4_mixed,original,real,0,0.5788946,0.5563393,0.46711528,0.47134492,0.553279,0.6261242,0.7787755,0.891339,0.7077078,0.17057708,0.6326163,0.86298794,0.59409505,0.39174038,0.65544635,0.73115456,0.83433944,0.52975,0.4191872,0.8182653,0.9428234,0.9306476,0.89688534,0.5732903,0.78530854,0.9293763,0.92988735,0.92338526,0.8132013,0.93663365
C:\Users\leejy\Desktop\test_experiment\dataset\test\case4_mixed\real\original\00114.mp4,case4_mixed,original,real,0,0.5347871,0.5841229,0.5196127,0.521791,0.49555215,0.601791,0.6999214,0.95606345,0.7364124,0.99459934,0.990892,0.24517536,0.9850573,0.8336973,0.57287216,0.9400236,0.9574373,0.936894,0.7974779,0.9845606,0.9548583,0.9868787,0.9283439,0.58329237,0.8557909,0.6971967,0.121112876,0.59574246,0.88861394,0.59785736
C:\Users\leejy\Desktop\test_experiment\dataset\test\case4_mixed\real\original\00129.mp4,case4_mixed,original,real,0,0.53148293,0.55278116,0.5381338,0.45232424,0.4988327,0.54237854,0.6733528,0.99533635,0.6891095,0.99433607,0.9876639,0.9998093,0.9454246,0.975249,0.9922444,0.961642,0.99687636,0.96415305,0.71587116,0.99767226,0.9890765,0.9912378,0.96609205,0.47201416,0.9622497,0.5811583,0.39790916,0.7500039,0.787523,0.8374206
C:\Users\leejy\Desktop\test_experiment\dataset\test\case4_mixed\real\original\00139.mp4,case4_mixed,original,real,0,0.46315593,0.527501,0.5122542,0.4418386,0.55532974,0.79700434,0.7484098,0.99517965,0.8420206,0.9991928,0.9814889,0.9437118,0.96312666,0.8500023,0.83927345,0.9034647,0.9462997,0.8932861,0.55335444,0.9750835,0.97529614,0.94417685,0.91086304,0.47767597,0.8792764,0.7475238,0.38264596,0.2571583,0.6558322,0.8613634
C:\Users\leejy\Desktop\test_experiment\dataset\test\case4_mixed\real\original\00143.mp4,case4_mixed,original,real,0,0.4180286,0.6140903,0.5129785,0.4222664,0.48221573,0.5426342,0.5188814,0.8988553,0.6098292,0.9073123,0.35365137,0.001294368,0.6664425,0.12700157,0.35518757,0.98065484,0.9871169,0.9449947,0.79085356,0.9970247,0.9802808,0.9442283,0.957715,0.4877115,0.90623903,0.6517429,0.7765806,0.7844842,0.83874583,0.9142907
C:\Users\leejy\Desktop\test_experiment\dataset\test\case4_mixed\real\original\00151.mp4,case4_mixed,original,real,0,0.49132246,0.5479025,0.47689942,0.45833355,0.45765176,0.6312534,0.66271466,0.9207897,0.8031738,0.81735593,0.994146,0.9999367,0.9824905,0.97624266,0.9812029,0.8489722,0.5003357,0.8341875,0.47826228,0.6810775,0.9351691,0.8004581,0.84619683,0.43512127,0.68858624,0.60667324,0.66874504,0.607605,0.747662,0.67356753
C:\Users\leejy\Desktop\test_experiment\dataset\test\case4_mixed\real\original\00153.mp4,case4_mixed,original,real,0,0.42981824,0.52385426,0.5118043,0.48387703,0.5290049,0.6829439,0.7698814,0.825941,0.621067,0.9403257,0.9991048,0.997917,0.95511025,0.9654138,0.9970536,0.99620515,0.99909246,0.99537694,0.9073123,0.9998097,0.99750805,0.99943525,0.9967077,0.66747284,0.99582565,0.9882676,0.9887554,0.99712723,0.99751294,0.98475236
C:\Users\leejy\Desktop\test_experiment\dataset\test\case4_mixed\real\original\00156.mp4,case4_mixed,original,real,0,0.49488848,0.57224476,0.50983304,0.4690034,0.4674761,0.70388037,0.53271383,0.58154076,0.5696731,0.099131756,0.22665522,0.016947422,0.6149867,0.47932085,0.6541218,0.88627285,0.9181138,0.88543355,0.75059843,0.9645559,0.83004373,0.6947688,0.771241,0.59900147,0.8035209,0.7688633,0.8127931,0.9113377,0.91573364,0.8926561
C:\Users\leejy\Desktop\test_experiment\dataset\test\case4_mixed\real\original\00162.mp4,case4_mixed,original,real,0,0.45930347,0.60292405,0.53361773,0.5178757,0.6200179,0.55730325,0.78604853,0.51488817,0.44854704,0.36319503,0.43791363,0.7665777,0.83914167,0.23271315,0.48316064,0.72841036,0.92956835,0.8462603,0.41961822,0.9418684,0.82949203,0.60863763,0.68684286,0.27367145,0.66561437,0.8244619,0.88513595,0.9546897,0.68655396,0.9239362
C:\Users\leejy\Desktop\test_experiment\dataset\test\case4_mixed\real\original\00163.mp4,case4_mixed,original,real,0,0.48507372,0.55817646,0.5072245,0.462621,0.41803598,0.65999097,0.8233994,0.94600123,0.66074723,0.57439476,0.27091402,0.1779537,0.289874,0.4989624,0.30089962,0.45707613,0.2899745,0.5881797,0.37397584,0.13403744,0.52102184,0.34962985,0.513882,0.5249427,0.24889913,0.4369824,0.16491956,0.0921962,0.26241633,0.16151851
C:\Users\leejy\Desktop\test_experiment\dataset\test\case4_mixed\fake\pika\original\fake_pika_000.mp4,case4_mixed,original,pika,1,0.4513643,0.5037841,0.5017853,0.5937197,0.51635164,0.6466834,0.8348786,0.9953454,0.84872156,0.94772077,0.9872528,0.9704926,0.84990895,0.9899282,0.98300374,0.94781744,0.9329437,0.9399478,0.8590736,0.9689738,0.8244619,0.8429925,0.880797,0.57415605,0.83000934,0.9458012,0.9550264,0.955444,0.9246196,0.9546474
C:\Users\leejy\Desktop\test_experiment\dataset\test\case4_mixed\fake\pika\original\fake_pika_001.mp4,case4_mixed,original,pika,1,0.52768165,0.5384163,0.41926152,0.5433176,0.4621696,0.606615,0.7343101,0.85198355,0.84765273,0.974881,0.97090924,0.95757633,0.79637164,0.876423,0.953188,0.9697281,0.9814889,0.9741043,0.9064877,0.9943691,0.9017045,0.8129416,0.90821165,0.5243186,0.87514824,0.98607117,0.9877351,0.9907767,0.9878762,0.991339
C:\Users\leejy\Desktop\test_experiment\dataset\test\case4_mixed\fake\pika\original\fake_pika_002.mp4,case4_mixed,original,pika,1,0.50332636,0.54388547,0.43833432,0.5413558,0.53640395,0.7190755,0.68132937,0.98447126,0.8447135,0.9974191,0.9953181,0.99981266,0.9932288,0.98835784,0.9873018,0.9935243,0.9909622,0.97949183,0.945248,0.99862766,0.9798034,0.97046465,0.98102194,0.65506023,0.9496227,0.95561,0.9480585,0.9643886,0.98089427,0.9497627
C:\Users\leejy\Desktop\test_experiment\dataset\test\case4_mixed\fake\pika\original\fake_pika_003.mp4,case4_mixed,original,pika,1,0.5222098,0.60594475,0.50994736,0.4367722,0.46845627,0.7843191,0.9357587,0.997851,0.8321823,0.99980515,0.98892784,0.9995103,0.9590586,0.9847231,0.9959021,0.9913892,0.99456257,0.9924666,0.8993868,0.9990656,0.98557997,0.9973374,0.986992,0.6318783,0.98522884,0.99210805,0.997414,0.99533635,0.9942251,0.9940544
C:\Users\leejy\Desktop\test_experiment\dataset\test\case4_mixed\fake\pika\original\fake_pika_004.mp4,case4_mixed,original,pika,1,0.5417877,0.5464281,0.4956056,0.58388567,0.49316448,0.7198762,0.73692155,0.9645224,0.7935463,0.99632156,0.7989722,0.9847231,0.9600252,0.882883,0.9422947,0.9534921,0.96641046,0.958187,0.7867867,0.9928786,0.9560224,0.988514,0.96518475,0.5790248,0.96408546,0.7785651,0.6602271,0.9376119,0.9217811,0.9158089
C:\Users\leejy\Desktop\test_experiment\dataset\test\case4_mixed\fake\pika\original\fake_pika_005.mp4,case4_mixed,original,pika,1,0.5027923,0.5429844,0.5119835,0.55481726,0.53529584,0.70826304,0.94762397,0.77154243,0.5716657,0.74568206,0.5478194,0.8560318,0.59816545,0.9337335,0.79002446,0.98083925,0.99595356,0.9729081,0.89778495,0.9991541,0.98213416,0.9758546,0.9698712,0.6348192,0.9450455,0.917746,0.9439706,0.9672869,0.961642,0.9724409
C:\Users\leejy\Desktop\test_experiment\dataset\test\case4_mixed\fake\pika\original\fake_pika_006.mp4,case4_mixed,original,pika,1,0.5393396,0.61335236,0.4871359,0.5800696,0.49604806,0.63770795,0.92100316,0.9449439,0.82737535,0.9551808,0.7294234,0.9954261,0.66268736,0.88207287,0.9342294,0.98378503,0.9964064,0.9906961,0.90966654,0.9990619,0.99631435,0.99576014,0.98942953,0.6986185,0.991032,0.95659363,0.97517824,0.98657167,0.9909622,0.97708833
C:\Users\leejy\Desktop\test_experiment\dataset\test\case4_mixed\fake\pika\original\fake_pika_007.mp4,case4_mixed,original,pika,1,0.61745495,0.62974614,0.5532941,0.5832182,0.42605293,0.8141636,0.94644845,0.9861514,0.8269914,0.999941,0.9646725,0.9927672,0.9502266,0.9778412,0.9856698,0.9831176,0.9980882,0.9831661,0.9134452,0.9993228,0.9912209,0.9932811,0.97684664,0.52695143,0.98018634,0.9045662,0.8925157,0.9004423,0.9800149,0.79318607
C:\Users\leejy\Desktop\test_experiment\dataset\test\case4_mixed\fake\pika\original\fake_pika_008.mp4,case4_mixed,original,pika,1,0.60311395,0.5964405,0.5786863,0.5256351,0.5667081,0.9198948,0.9545628,0.99952626,0.9366916,0.9997881,0.99632865,0.9999846,0.9970536,0.9981433,0.99975747,0.98835784,0.99668854,0.96498734,0.87647593,0.99913067,0.9872528,0.98410887,0.9793935,0.5495198,0.98475236,0.97267544,0.9679902,0.9522199,0.9713746,0.8786791
C:\Users\leejy\Desktop\test_experiment\dataset\test\case4_mixed\fake\pika\original\fake_pika_009.mp4,case4_mixed,original,pika,1,0.57701874,0.5182833,0.48556924,0.55922985,0.46510658,0.82639676,0.94776917,0.9861914,0.81582016,0.9992889,0.99686414,0.9994611,0.9724148,0.9823047,0.9884807,0.99849594,0.99970454,0.9947084,0.94776917,0.9999225,0.9924666,0.99876726,0.99594563,0.63608474,0.9978884,0.9852856,0.98650694,0.99293363,0.98662347,0.9904959
C:\Users\leejy\Desktop\test_experiment\dataset\test\case4_mixed\fake\pika\original\fake_pika_010.mp4,case4_mixed,original,pika,1,0.5403176,0.39615577,0.42960882,0.50626343,0.47758463,0.6339487,0.8200375,0.581719,0.9029097,0.32525426,0.8004581,0.8617128,0.9059483,0.76699245,0.8756275,0.993346,0.9988531,0.9895008,0.9320833,0.99958104,0.9766692,0.9984988,0.9927532,0.64592993,0.98932695,0.98164797,0.964355,0.9932156,0.9573974,0.97175217
C:\Users\leejy\Desktop\test_experiment\dataset\test\case4_mixed\fake\pika\original\fake_pika_011.mp4,case4_mixed,original,pika,1,0.64579034,0.49232543,0.5060231,0.55157375,0.6144518,0.6586645,0.8742383,0.9531007,0.9366916,0.9957312,0.97947216,0.99642736,0.962356,0.95426536,0.9217811,0.99291986,0.99961627,0.98943967,0.9622143,0.99976677,0.9861914,0.99622726,0.98609793,0.6790191,0.9908744,0.9713746,0.989368,0.9815067,0.9927812,0.967101
C:\Users\leejy\Desktop\test_experiment\dataset\test\case4_mixed\fake\pika\original\fake_pika_012.mp4,case4_mixed,original,pika,1,0.52087146,0.58779526,0.42821842,0.5200317,0.4610168,0.8706248,0.8116014,0.9931363,0.88338697,0.9999777,0.99965405,0.9999511,0.99349916,0.99860877,0.99959236,0.98024315,0.9959299,0.9396923,0.8620035,0.99482024,0.9050709,0.93220687,0.9685601,0.6503415,0.95540243,0.98977125,0.983597,0.99522626,0.989791,0.97863114
C:\Users\leejy\Desktop\test_experiment\dataset\test\case4_mixed\fake\pika\original\fake_pika_013.mp4,case4_mixed,original,pika,1,0.57873094,0.6357314,0.48348838,0.47189248,0.45817444,0.6834723,0.9224824,0.99664307,0.87536144,0.9997893,0.9843062,0.9999033,0.99727446,0.998784,0.99906737,0.9978719,0.99968064,0.99756086,0.9657061,0.99991906,0.9954704,0.9988508,0.9969426,0.6184924,0.99827254,0.9931096,0.99158704,0.99195355,0.9774139,0.9762654
C:\Users\leejy\Desktop\test_experiment\dataset\test\case4_mixed\fake\pika\original\fake_pika_014.mp4,case4_mixed,original,pika,1,0.4964123,0.4967499,0.5312094,0.49975586,0.45329964,0.722845,0.89256257,0.9962126,0.85995805,0.9993563,0.9995627,0.99983454,0.99801993,0.9979849,0.9951137,0.9955835,0.9997367,0.99777216,0.97272736,0.99993813,0.9933717,0.9958901,0.9930153,0.650606,0.9925538,0.96771675,0.98157746,0.9694401,0.98370695,0.96628344
C:\Users\leejy\Desktop\test_experiment\dataset\test\case4_mixed\fake\pika\original\fake_pika_015.mp4,case4_mixed,original,pika,1,0.47790632,0.5590945,0.5000305,0.56490123,0.48532525,0.7061145,0.8451134,0.99942744,0.869991,0.98331094,0.9989975,0.9885251,0.9944126,0.9920002,0.99700147,0.99637127,0.9995915,0.9920466,0.9208609,0.9997273,0.97583157,0.99155444,0.9907141,0.6215983,0.9851147,0.99390244,0.99731135,0.99719906,0.9978802,0.98481095
C:\Users\leejy\Desktop\test_experiment\dataset\test\case4_mixed\fake\pika\original\fake_pika_016.mp4,case4_mixed,original,pika,1,0.5607338,0.6102938,0.5575442,0.4980545,0.55868816,0.8176473,0.8964329,0.99497885,0.9349913,0.9936365,0.9835022,0.9995479,0.9669453,0.93077356,0.90217954,0.9971607,0.9997459,0.9966723,0.96879715,0.99991906,0.9933201,0.9994673,0.99675864,0.6114105,0.99384296,0.967194,0.9459013,0.96017486,0.9749884,0.974893
C:\Users\leejy\Desktop\test_experiment\dataset\test\case4_mixed\fake\pika\original\fake_pika_017.mp4,case4_mixed,original,pika,1,0.5686554,0.51885855,0.5408026,0.45547107,0.5116251,0.7493338,0.9049869,0.99950254,0.8932628,0.99955493,0.9999037,0.99998486,0.9989818,0.9980882,0.99951875,0.99494946,0.9964412,0.98840266,0.93071055,0.99942183,0.99097973,0.99486035,0.9883128,0.64523166,0.97673583,0.917746,0.9650533,0.988425,0.98447126,0.978733
C:\Users\leejy\Desktop\test_experiment\dataset\test\case4_mixed\fake\pika\original\fake_pika_018.mp4,case4_mixed,original,pika,1,0.5658986,0.6390958,0.47310945,0.5711687,0.54876417,0.7611392,0.9232124,0.980375,0.8078778,0.99619776,0.9533619,0.9994319,0.966347,0.9876995,0.9683064,0.99262565,0.9992931,0.9903757,0.9380106,0.99969935,0.9897315,0.9978173,0.9806364,0.5562489,0.97949183,0.9327602,0.93505055,0.9574373,0.96882665,0.9384068
C:\Users\leejy\Desktop\test_experiment\dataset\test\case4_mixed\fake\pika\original\fake_pika_019.mp4,case4_mixed,original,pika,1,0.5664982,0.59991,0.5025482,0.5500655,0.53883153,0.75014114,0.9257686,0.9591926,0.85536855,0.99883956,0.966156,0.9999149,0.97754294,0.9807473,0.99044985,0.98586845,0.99879336,0.9803374,0.89152807,0.999539,0.98083925,0.9911527,0.98302,0.51452225,0.9788344,0.84058636,0.8138309,0.75864476,0.7710687,0.6470319
C:\Users\leejy\Desktop\test_experiment\dataset\test\case4_mixed\fake\pika\original\fake_pika_020.mp4,case4_mixed,original,pika,1,0.5479328,0.6145097,0.45974308,0.53038096,0.4243896,0.8233994,0.9265699,0.9956262,0.8344069,0.9998118,0.9951325,0.99999225,0.9991848,0.99812514,0.9957188,0.993807,0.99906915,0.990669,0.93611,0.99965334,0.9938788,0.9984238,0.99583375,0.66080195,0.99678373,0.96992815,0.96360916,0.97790456,0.98056203,0.9583042
C:\Users\leejy\Desktop\test_experiment\dataset\test\case4_mixed\fake\pika\original\fake_pika_021.mp4,case4_mixed,original,pika,1,0.5301301,0.43892986,0.43922862,0.49112034,0.55986166,0.5313158,0.9346938,0.9806364,0.41845927,0.89464426,0.89414424,0.9961004,0.93089926,0.91482496,0.9526182,0.9886901,0.9983059,0.9889705,0.87621135,0.99914074,0.9797259,0.9634031,0.96498734,0.6306707,0.93581736,0.8365546,0.710244,0.8916225,0.88353777,0.9192447
C:\Users\leejy\Desktop\test_experiment\dataset\test\case4_mixed\fake\pika\original\fake_pika_022.mp4,case4_mixed,original,pika,1,0.59032166,0.47862783,0.45819718,0.54010534,0.5547946,0.50613374,0.9480103,0.95594025,0.4639907,0.921499,0.8386137,0.9860174,0.90829307,0.9488225,0.7868276,0.8925157,0.99351174,0.96402633,0.688704,0.9876639,0.9199307,0.94176143,0.9352283,0.54734313,0.91505283,0.82439125,0.8952483,0.9129032,0.9163345,0.86344916
C:\Users\leejy\Desktop\test_experiment\dataset\test\case4_mixed\fake\pika\original\fake_pika_023.mp4,case4_mixed,original,pika,1,0.5427573,0.57336485,0.5158333,0.49514785,0.473992,0.7343101,0.9216402,0.99906915,0.8478418,0.99967813,0.9998074,0.999956,0.9986033,0.99650973,0.99935883,0.9519527,0.9902727,0.97118384,0.77261645,0.9972262,0.9418149,0.967256,0.9474783,0.5815259,0.971564,0.9467446,0.9617859,0.98022413,0.9744105,0.9668201
C:\Users\leejy\Desktop\test_experiment\dataset\test\case4_mixed\fake\pika\original\fake_pika_024.mp4,case4_mixed,original,pika,1,0.6033623,0.6252665,0.5497766,0.510405,0.53752697,0.80091596,0.91062486,0.99941957,0.7880128,0.9998909,0.99557483,0.99995613,0.9955403,0.9905874,0.9970794,0.9956176,0.9941233,0.9934802,0.92716575,0.9994547,0.99836427,0.9989183,0.99567693,0.72744334,0.99496907,0.87445295,0.7370872,0.94417685,0.93367314,0.85149026
C:\Users\leejy\Desktop\test_experiment\dataset\test\case4_mixed\fake\pika\original\fake_pika_025.mp4,case4_mixed,original,pika,1,0.4599402,0.65293336,0.517569,0.52661663,0.47487468,0.7774266,0.8759463,0.9985506,0.80509645,0.9988508,0.9997565,0.99999285,0.9994429,0.9970822,0.9995728,0.99572706,0.9956006,0.99495924,0.9327602,0.999673,0.99796116,0.99942744,0.99379504,0.64680886,0.99608517,0.9393595,0.83031917,0.96312666,0.9528382,0.92663634
C:\Users\leejy\Desktop\test_experiment\dataset\test\case4_mixed\fake\pika\original\fake_pika_026.mp4,case4_mixed,original,pika,1,0.60891384,0.5105728,0.53456885,0.59256345,0.51006943,0.8152325,0.9185533,0.9652504,0.91550726,0.9991491,0.96900314,0.9990054,0.9750835,0.98827887,0.9966168,0.9937709,0.99634284,0.99225944,0.9603984,0.9996983,0.99176437,0.9985392,0.99554896,0.6554325,0.992725,0.98067343,0.95803016,0.9777564,0.97865146,0.9789956
C:\Users\leejy\Desktop\test_experiment\dataset\test\case4_mixed\fake\pika\original\fake_pika_027.mp4,case4_mixed,original,pika,1,0.5224839,0.55718285,0.5165802,0.5158943,0.46721023,0.6683393,0.83927345,0.8607207,0.8527516,0.99490017,0.9667888,0.9237301,0.8901988,0.9513234,0.88783824,0.9899282,0.99843603,0.9904867,0.9588471,0.9997522,0.99196917,0.9950755,0.98524296,0.65208566,0.96360916,0.9967269,0.99791294,0.99835473,0.9962126,0.9967077
C:\Users\leejy\Desktop\test_experiment\dataset\test\case4_mixed\fake\pika\original\fake_pika_028.mp4,case4_mixed,original,pika,1,0.5579808,0.6414645,0.5377242,0.5587898,0.5793855,0.8070998,0.9379537,0.9768024,0.8689937,0.99929035,0.99632156,0.99983966,0.9956176,0.9948102,0.997917,0.9967077,0.99992716,0.99709916,0.9822196,0.9999702,0.9960776,0.99942744,0.9957848,0.5875882,0.9940544,0.9924374,0.99228936,0.9957684,0.9905874,0.99361163
C:\Users\leejy\Desktop\test_experiment\dataset\test\case4_mixed\fake\pika\original\fake_pika_029.mp4,case4_mixed,original,pika,1,0.44290003,0.42717266,0.44590652,0.5355084,0.5514228,0.7896395,0.6666596,0.48141953,0.37831554,0.85518724,0.5347947,0.462382,0.49610147,0.37992465,0.52883756,0.99182796,0.99916387,0.99409467,0.91386884,0.9996526,0.97949183,0.9887771,0.96771675,0.54146945,0.9794526,0.990329,0.9840936,0.99213856,0.98535615,0.9891816
C:\Users\leejy\Desktop\test_experiment\dataset\test\case4_mixed\fake\runway\original\fake_runway_000.mp4,case4_mixed,original,runway,1,0.465266,0.74460995,0.5380731,0.547706,0.5003662,0.8004581,0.8754147,0.95460516,0.7156818,0.9997092,0.94856703,0.9996587,0.96618783,0.9953725,0.9465967,0.995488,0.999941,0.9990283,0.9712657,0.9999443,0.99892044,0.9999814,0.9995197,0.6769937,0.9996673,0.99611557,0.9914556,0.99832565,0.9932156,0.9951609
C:\Users\leejy\Desktop\test_experiment\dataset\test\case4_mixed\fake\runway\original\fake_runway_001.mp4,case4_mixed,original,runway,1,0.56324285,0.5833814,0.4908648,0.6230042,0.51058805,0.8427984,0.8814109,0.9983897,0.8656789,0.99998176,0.9957229,0.99998236,0.996682,0.9910493,0.99844813,0.9981614,0.99994993,0.9992778,0.98046875,0.9999808,0.9991204,0.99982184,0.9976949,0.74558365,0.99736834,0.9202897,0.84357315,0.97376966,0.9494823,0.9644221
C:\Users\leejy\Desktop\test_experiment\dataset\test\case4_mixed\fake\runway\original\fake_runway_002.mp4,case4_mixed,original,runway,1,0.47615337,0.57752514,0.4282035,0.45048025,0.4574397,0.7913377,0.90950596,0.994146,0.8929365,0.99977833,0.99572706,0.9999943,0.9957437,0.99496907,0.99942636,0.99886864,0.9999546,0.9992889,0.97889495,0.9999938,0.99968064,0.9999659,0.9983865,0.75984967,0.9988508,0.98300374,0.9877587,0.98977125,0.9951041,0.9887771
C:\Users\leejy\Desktop\test_experiment\dataset\test\case4_mixed\fake\runway\original\fake_runway_003.mp4,case4_mixed,original,runway,1,0.54537654,0.5664589,0.38800916,0.53607005,0.53266823,0.8701566,0.74991226,0.9992606,0.82336396,0.998784,0.9672869,0.9994128,0.9907946,0.9500415,0.9880504,0.99837387,0.99994504,0.9988575,0.9827572,0.9999745,0.9990054,0.99988854,0.99758923,0.7334966,0.9975466,0.97984195,0.92262185,0.97678024,0.97885466,0.976038
C:\Users\leejy\Desktop\test_experiment\dataset\test\case4_mixed\fake\runway\original\fake_runway_004.mp4,case4_mixed,original,runway,1,0.6291055,0.575875,0.48984665,0.57983166,0.5192776,0.72671664,0.83508044,0.9931096,0.89729095,0.9995372,0.98552436,0.9992649,0.95735765,0.9962419,0.9908744,0.99955314,0.99997556,0.9996444,0.9803186,0.9999974,0.99861956,0.9998247,0.9983059,0.69642305,0.99879336,0.98892784,0.97550696,0.9913223,0.9872528,0.97933435
C:\Users\leejy\Desktop\test_experiment\dataset\test\case4_mixed\fake\runway\original\fake_runway_005.mp4,case4_mixed,original,runway,1,0.50201416,0.53940785,0.49647525,0.43719265,0.5175785,0.89423656,0.8482822,0.98900247,0.87997437,0.99956685,0.99494946,0.9999502,0.9935868,0.9953544,0.99459416,0.99928194,0.9999231,0.9996486,0.985342,0.99998355,0.99960417,0.9999676,0.99891615,0.71609455,0.9993881,0.99038494,0.99273914,0.9956091,0.9862046,0.9905691
C:\Users\leejy\Desktop\test_experiment\dataset\test\case4_mixed\fake\runway\original\fake_runway_006.mp4,case4_mixed,original,runway,1,0.5455279,0.64346933,0.5099894,0.4322132,0.4759707,0.7040202,0.7992073,0.9636776,0.83960253,0.9722044,0.9245856,0.99649614,0.95594025,0.89218736,0.9574373,0.9994105,0.9999355,0.9998491,0.9880734,0.9999975,0.9992592,0.99983907,0.99630713,0.6303436,0.9981067,0.9378969,0.9543506,0.9879462,0.97957015,0.97494066
C:\Users\leejy\Desktop\test_experiment\dataset\test\case4_mixed\fake\runway\original\fake_runway_007.mp4,case4_mixed,original,runway,1,0.50092316,0.5580636,0.50001526,0.45577952,0.53219724,0.8925157,0.908699,0.9989371,0.9329132,0.99989545,0.98551035,0.99993813,0.9922144,0.99399066,0.99943525,0.99877447,0.99995077,0.9993013,0.9798805,0.9999951,0.9984207,0.9998505,0.9976126,0.6310971,0.99821436,0.9027811,0.9407353,0.98833525,0.97212505,0.9573974
C:\Users\leejy\Desktop\test_experiment\dataset\test\case4_mixed\fake\runway\original\fake_runway_008.mp4,case4_mixed,original,runway,1,0.5126011,0.61312073,0.44586128,0.42453128,0.48185003,0.8451773,0.8856809,0.9895816,0.7718435,0.99910825,0.99653685,0.9999087,0.9928231,0.9849274,0.98739934,0.9967649,0.9998845,0.9993525,0.954393,0.9999478,0.99888617,0.9995197,0.9937588,0.68614006,0.99576014,0.9926684,0.9873018,0.99240804,0.9862709,0.99190676
C:\Users\leejy\Desktop\test_experiment\dataset\test\case4_mixed\fake\runway\original\fake_runway_009.mp4,case4_mixed,original,runway,1,0.42286208,0.58846056,0.44042414,0.5235954,0.45643252,0.80995333,0.89024657,0.9928924,0.842847,0.9999298,0.9936795,0.9999665,0.9974885,0.99279517,0.9990434,0.9969187,0.9998859,0.99920684,0.96961325,0.9999808,0.9984603,0.99988174,0.99769044,0.67505205,0.9989637,0.97800976,0.9784877,0.98102194,0.9776072,0.9864938
C:\Users\leejy\Desktop\test_experiment\dataset\test\case4_mixed\fake\runway\original\fake_runway_010.mp4,case4_mixed,original,runway,1,0.61054057,0.71933436,0.59184855,0.47989976,0.53482515,0.7609616,0.83267933,0.9741658,0.823701,0.99968493,0.9558166,0.999213,0.9797065,0.9930559,0.98989886,0.99634284,0.9997459,0.9982248,0.9831013,0.9999467,0.9937709,0.9986802,0.99549675,0.6786398,0.9972045,0.9965166,0.99820733,0.9961903,0.996682,0.9947084
C:\Users\leejy\Desktop\test_experiment\dataset\test\case4_mixed\fake\runway\original\fake_runway_011.mp4,case4_mixed,original,runway,1,0.52533835,0.57828444,0.5261602,0.46394515,0.5243947,0.87359273,0.87700355,0.9975751,0.85096467,0.9997843,0.97997653,0.9998005,0.98873377,0.9904406,0.9953815,0.99766773,0.9994429,0.9984114,0.9775,0.9999442,0.9981178,0.9995103,0.9966756,0.66437703,0.99826247,0.98331094,0.9819619,0.9866491,0.98663634,0.9899476
C:\Users\leejy\Desktop\test_experiment\dataset\test\case4_mixed\fake\runway\original\fake_runway_012.mp4,case4_mixed,original,runway,1,0.46657214,0.6474082,0.49465963,0.51843953,0.51055753,0.7204912,0.92663634,0.9851718,0.8174652,0.9962126,0.9753431,0.99665606,0.9920697,0.9763105,0.9755769,0.9993462,0.99991965,0.99961025,0.9766915,0.9999975,0.99911004,0.9997131,0.99727446,0.68006414,0.99896574,0.99240804,0.9791357,0.9930153,0.99196917,0.9714829
C:\Users\leejy\Desktop\test_experiment\dataset\test\case4_mixed\fake\runway\original\fake_runway_013.mp4,case4_mixed,original,runway,1,0.5141106,0.5592054,0.57612467,0.58050066,0.56388086,0.77704614,0.8148092,0.988425,0.8048473,0.9916842,0.6950276,0.9845309,0.9832145,0.75635755,0.9472348,0.99502736,0.99925333,0.99877447,0.95362175,0.9999708,0.99724776,0.99948466,0.99624926,0.6828117,0.9982248,0.9759235,0.9814889,0.9829055,0.9839245,0.94971603
C:\Users\leejy\Desktop\test_experiment\dataset\test\case4_mixed\fake\runway\original\fake_runway_014.mp4,case4_mixed,original,runway,1,0.54963404,0.6515766,0.51638204,0.42193884,0.3900764,0.8159669,0.79426533,0.9540518,0.82111585,0.99407744,0.945349,0.99677116,0.89606965,0.9693242,0.91715443,0.9965436,0.999539,0.9974885,0.9603984,0.99992156,0.9941347,0.99933845,0.9943581,0.6680145,0.9885914,0.9932811,0.9843062,0.9959693,0.9935743,0.9922444
C:\Users\leejy\Desktop\test_experiment\dataset\test\case4_mixed\fake\runway\original\fake_runway_015.mp4,case4_mixed,original,runway,1,0.41707855,0.58724797,0.52409214,0.5391045,0.5787458,0.75716645,0.524212,0.98885274,0.8060619,0.99816847,0.76073956,0.9853279,0.9130778,0.7777222,0.5108625,0.97782,0.943504,0.97786224,0.7424217,0.9989371,0.9291196,0.967163,0.8831352,0.557977,0.94024336,0.9791357,0.93195957,0.9866491,0.98102194,0.9763782
C:\Users\leejy\Desktop\test_experiment\dataset\test\case4_mixed\fake\runway\original\fake_runway_016.mp4,case4_mixed,original,runway,1,0.5196127,0.4800521,0.46195722,0.46207857,0.47452083,0.71396786,0.8433798,0.9450201,0.7117816,0.95880854,0.55419904,0.47237924,0.70811164,0.89152807,0.671309,0.9821684,0.9963924,0.978733,0.7422816,0.9991943,0.88483775,0.92290026,0.89805347,0.56445116,0.8733769,0.93941504,0.867092,0.9647889,0.9035498,0.9433476
C:\Users\leejy\Desktop\test_experiment\dataset\test\case4_mixed\fake\runway\original\fake_runway_017.mp4,case4_mixed,original,runway,1,0.55396533,0.5612693,0.48779538,0.42137322,0.557913,0.8337311,0.95292586,0.9656413,0.85702187,0.99738365,0.9657707,0.9997203,0.99047756,0.9740673,0.9859364,0.88125765,0.98651993,0.9671785,0.72267383,0.9879695,0.8084455,0.85591143,0.8892887,0.5229674,0.8720208,0.87048715,0.6623871,0.92290026,0.8728902,0.94781744
C:\Users\leejy\Desktop\test_experiment\dataset\test\case4_mixed\fake\runway\original\fake_runway_018.mp4,case4_mixed,original,runway,1,0.49010217,0.57625884,0.45401824,0.51680315,0.5144613,0.8205413,0.92827886,0.9920312,0.7564475,0.9991272,0.8367548,0.99492985,0.9561864,0.94192183,0.93663365,0.93991333,0.9844114,0.985129,0.82140255,0.9961903,0.9841393,0.9933975,0.952882,0.5738277,0.9672869,0.84208554,0.7467858,0.9448422,0.95036495,0.94386727
C:\Users\leejy\Desktop\test_experiment\dataset\test\case4_mixed\fake\runway\original\fake_runway_019.mp4,case4_mixed,original,runway,1,0.4577275,0.5671127,0.46358085,0.5550885,0.41798404,0.84772366,0.8693268,0.9736447,0.9226916,0.9938579,0.27975473,0.90422857,0.80814296,0.9327602,0.40868968,0.9161096,0.9408442,0.943086,0.6622779,0.9869419,0.9436599,0.9302684,0.89506495,0.5709818,0.9583042,0.9925103,0.9946672,0.9964551,0.99649614,0.969985
C:\Users\leejy\Desktop\test_experiment\dataset\test\case4_mixed\fake\runway\original\fake_runway_020.mp4,case4_mixed,original,runway,1,0.5103287,0.562582,0.52519,0.5486584,0.5072322,0.6894624,0.7643204,0.7948233,0.44261205,0.59383744,0.7471493,0.7982654,0.84872156,0.9560224,0.6964747,0.90515476,0.950503,0.8404064,0.6900372,0.9955576,0.88582915,0.8697699,0.86042774,0.5655237,0.89947516,0.9923934,0.989368,0.99813974,0.9941004,0.98283976
C:\Users\leejy\Desktop\test_experiment\dataset\test\case4_mixed\fake\runway\original\fake_runway_021.mp4,case4_mixed,original,runway,1,0.45637193,0.49686435,0.44390175,0.45043492,0.34254405,0.7213753,0.74789226,0.7450797,0.4623213,0.86042774,0.28066567,0.6594051,0.77390057,0.40066144,0.62498045,0.8662457,0.9750598,0.92863566,0.627238,0.99805814,0.83141696,0.7796576,0.68412554,0.49890137,0.53540206,0.9785903,0.9785493,0.99216896,0.98581403,0.98571813
C:\Users\leejy\Desktop\test_experiment\dataset\test\case4_mixed\fake\runway\original\fake_runway_022.mp4,case4_mixed,original,runway,1,0.48813754,0.4873074,0.45917845,0.5020752,0.36866137,0.68238854,0.7916198,0.87264615,0.43068603,0.70957285,0.29762304,0.6961133,0.85269034,0.43071598,0.57439476,0.7276853,0.81757444,0.87963873,0.52451646,0.95846003,0.8566325,0.74256176,0.801198,0.5643086,0.6980722,0.9706043,0.97737074,0.9823047,0.9917163,0.9863105
C:\Users\leejy\Desktop\test_experiment\dataset\test\case4_mixed\fake\runway\original\fake_runway_023.mp4,case4_mixed,original,runway,1,0.4439507,0.62548816,0.4883749,0.53198636,0.44248593,0.72535694,0.81859183,0.9563905,0.76559335,0.9736196,0.3026422,0.7816642,0.736211,0.9009663,0.7841951,0.96771675,0.9896318,0.98772323,0.7896395,0.9935868,0.91317457,0.8766872,0.90239483,0.57818025,0.8608962,0.9892441,0.97684664,0.99697804,0.99491996,0.98569053
C:\Users\leejy\Desktop\test_experiment\dataset\test\case4_mixed\fake\runway\original\fake_runway_024.mp4,case4_mixed,original,runway,1,0.5556161,0.55278116,0.56834096,0.4920089,0.491761,0.8707622,0.9080487,0.99453074,0.9043553,0.99936,0.99004436,0.9971495,0.98635,0.97324073,0.9626556,0.99173236,0.999539,0.99664634,0.97249323,0.9994319,0.9916681,0.9972045,0.9824568,0.5943453,0.97246706,0.9496227,0.9812928,0.99424744,0.9949886,0.9596487
C:\Users\leejy\Desktop\test_experiment\dataset\test\case4_mixed\fake\runway\original\fake_runway_025.mp4,case4_mixed,original,runway,1,0.53915006,0.5577851,0.51022196,0.5566858,0.41253015,0.84408796,0.90665317,0.98898125,0.78036976,0.9809491,0.69050694,0.5436508,0.86623156,0.9071478,0.5425925,0.96528316,0.9924521,0.9801768,0.88656783,0.9981792,0.98283976,0.9806178,0.9355235,0.63454866,0.9301416,0.969469,0.9659317,0.9851576,0.9891816,0.9739932
C:\Users\leejy\Desktop\test_experiment\dataset\test\case4_mixed\fake\runway\original\fake_runway_026.mp4,case4_mixed,original,runway,1,0.64057964,0.70309097,0.4371626,0.48688045,0.46739253,0.8532415,0.8746137,0.99595356,0.8715296,0.9979372,0.8597815,0.85167545,0.9780727,0.9847378,0.9457512,0.828731,0.9218515,0.9728952,0.6810775,0.98922324,0.8342719,0.81604016,0.67968386,0.6999727,0.7190878,0.9609151,0.9579516,0.9774355,0.9863105,0.95606345
C:\Users\leejy\Desktop\test_experiment\dataset\test\case4_mixed\fake\runway\original\fake_runway_027.mp4,case4_mixed,original,runway,1,0.60809964,0.6524075,0.5100084,0.51101506,0.42036164,0.75712156,0.9076402,0.9911612,0.84156543,0.9781146,0.7136187,0.9172285,0.96669465,0.98548245,0.8382168,0.7663811,0.9045662,0.9648717,0.6798433,0.9885914,0.84695786,0.8034052,0.7934263,0.64437896,0.7802442,0.9519527,0.9036774,0.95208645,0.9519527,0.94224155
C:\Users\leejy\Desktop\test_experiment\dataset\test\case4_mixed\fake\runway\original\fake_runway_028.mp4,case4_mixed,original,runway,1,0.5957572,0.6442811,0.5283813,0.49224916,0.5428633,0.7359264,0.6761657,0.9708817,0.86075,0.922935,0.93863225,0.96637875,0.98122096,0.973519,0.79889375,0.82573026,0.906156,0.9027811,0.677474,0.94901186,0.88418937,0.62498045,0.6453155,0.5991883,0.6024902,0.9948704,0.98376936,0.99644804,0.9955403,0.9930962
C:\Users\leejy\Desktop\test_experiment\dataset\test\case4_mixed\fake\runway\original\fake_runway_029.mp4,case4_mixed,original,runway,1,0.48003685,0.5598466,0.55763453,0.4942477,0.49723056,0.8305941,0.80609053,0.9279858,0.7898017,0.92924803,0.76332945,0.9723885,0.93189764,0.73720545,0.8692713,0.8683252,0.8669231,0.9062806,0.54927796,0.954393,0.95589906,0.8566325,0.7995206,0.5958013,0.7336427,0.97917557,0.8283148,0.992062,0.9789956,0.94796216
C:\Users\leejy\Desktop\test_experiment\dataset\test\case4_mixed\fake\svd\original\fake_svd_002.mp4,case4_mixed,original,svd,1,0.5824613,0.5447863,0.49987793,0.49184486,0.5174795,0.7763263,0.80871004,0.9957767,0.8964329,0.984516,0.9697281,0.9961903,0.9864287,0.80658615,0.97467697,0.99804676,0.99988806,0.9983516,0.93439513,0.99996805,0.9989837,0.99980134,0.99632156,0.7311201,0.99903214,0.99792105,0.9990728,0.9995859,0.99843913,0.9918595
C:\Users\leejy\Desktop\test_experiment\dataset\test\case4_mixed\fake\svd\original\fake_svd_007.mp4,case4_mixed,original,svd,1,0.54988235,0.5703014,0.4658317,0.5074324,0.48882478,0.63221896,0.6252951,0.16674323,0.5772273,0.05207227,0.8216889,0.95447797,0.61320764,0.7442848,0.21816924,0.008745182,0.0030278354,0.012970388,0.18097353,0.008711384,0.013096005,0.0058426056,0.038142428,0.34782782,0.052473098,0.103159875,0.088820286,0.17617498,0.19368058,0.061875984
C:\Users\leejy\Desktop\test_experiment\dataset\test\case4_mixed\fake\svd\original\fake_svd_008.mp4,case4_mixed,original,svd,1,0.5321289,0.52571124,0.4638085,0.3973829,0.50643885,0.7272012,0.72335833,0.9809491,0.6666596,0.71273226,0.964355,0.9999968,0.99128014,0.9519973,0.9145581,0.8747742,0.9738444,0.964355,0.4701284,0.9814534,0.9492005,0.9571178,0.8729984,0.4735355,0.8539737,0.9123581,0.8932163,0.94728357,0.8422802,0.9007919
C:\Users\leejy\Desktop\test_experiment\dataset\test\case4_mixed\fake\svd\original\fake_svd_009.mp4,case4_mixed,original,svd,1,0.47217008,0.64310515,0.5267498,0.39823088,0.5810133,0.5532639,0.667588,0.6759785,0.40386072,0.9565531,0.6754971,0.9924448,0.76109487,0.8917168,0.66806865,0.8887587,0.9883802,0.88237715,0.8622937,0.99398476,0.945248,0.9636776,0.8989885,0.32999194,0.9755304,0.8583034,0.8305941,0.72267383,0.84221536,0.8915753
C:\Users\leejy\Desktop\test_experiment\dataset\test\case4_mixed\fake\svd\original\fake_svd_023.mp4,case4_mixed,original,svd,1,0.3946383,0.5037994,0.48434964,0.4733377,0.55679125,0.6568234,0.64373535,0.992397,0.77100945,0.9998276,0.9990746,0.9999969,0.99594563,0.9781146,0.99594563,0.9437636,0.86960393,0.84126616,0.5958895,0.9944126,0.9605836,0.98650694,0.98020524,0.4099883,0.89767283,0.8100285,0.47371808,0.87482774,0.9425596,0.8221177
C:\Users\leejy\Desktop\test_experiment\dataset\test\case4_mixed\fake\svd\original\fake_svd_024.mp4,case4_mixed,original,svd,1,0.49252373,0.5067745,0.45598772,0.55734843,0.41819194,0.77076685,0.69835675,0.99375266,0.80193585,0.9997843,0.9990545,0.99997544,0.99440175,0.992961,0.9845606,0.9611345,0.98617804,0.92209744,0.6633419,0.9951703,0.9937709,0.9982522,0.9762654,0.62277126,0.9766692,0.934455,0.8253787,0.94143915,0.9652504,0.73815036
C:\Users\leejy\Desktop\test_experiment\dataset\test\case4_mixed\fake\svd\original\fake_svd_027.mp4,case4_mixed,original,svd,1,0.5489229,0.6136997,0.47652635,0.46869183,0.47777495,0.73443514,0.88710684,0.9978173,0.85811025,0.9999893,0.99862766,0.999905,0.99179614,0.9636776,0.99203897,0.88089955,0.9927812,0.9563905,0.7159704,0.99718815,0.98024315,0.997537,0.99038494,0.63798994,0.97644573,0.65218604,0.52409023,0.47110158,0.59596294,0.46485603
C:\Users\leejy\Desktop\test_experiment\dataset\test\case4_mixed\fake\svd\original\fake_svd_029.mp4,case4_mixed,original,svd,1,0.48084435,0.569082,0.4524452,0.440898,0.45133027,0.69795,0.90469265,0.98970175,0.67869973,0.99941623,0.95460516,0.9948303,0.8203975,0.879043,0.8579467,0.73616356,0.90582335,0.5580862,0.67680687,0.8327813,0.6945617,0.62563825,0.70740473,0.45628864,0.4054193,0.48447156,0.43106022,0.17738298,0.5775922,0.5895318
C:\Users\leejy\Desktop\test_experiment\dataset\test\case4_mixed\fake\svd\original\fake_svd_036.mp4,case4_mixed,original,svd,1,0.5290619,0.55362594,0.48720065,0.49324077,0.5095203,0.7261344,0.78220534,0.9971827,0.8272881,0.99634284,0.98607117,0.99991214,0.98054343,0.9615338,0.9719126,0.10842474,0.090052985,0.25262594,0.42240787,0.5926961,0.26521388,0.05649606,0.22721201,0.49017462,0.26826996,0.29767406,0.14445032,0.4683128,0.3477586,0.17238072
C:\Users\leejy\Desktop\test_experiment\dataset\test\case4_mixed\fake\svd\original\fake_svd_041.mp4,case4_mixed,original,svd,1,0.5325543,0.47780734,0.4153286,0.4707461,0.4565612,0.74195457,0.8163332,0.9913475,0.79258466,0.98093086,0.967732,0.99921453,0.8060524,0.8988553,0.8884688,0.7785231,0.9610981,0.8847382,0.4180434,0.9790157,0.82566,0.9434519,0.8415002,0.449453,0.7590022,0.94815457,0.8610131,0.9914887,0.9075583,0.93674946
C:\Users\leejy\Desktop\test_experiment\dataset\test\case4_mixed\fake\svd\original\fake_svd_051.mp4,case4_mixed,original,svd,1,0.45690954,0.51441556,0.52607644,0.6003495,0.41125864,0.7212035,0.83899325,0.9962419,0.8336634,0.9996989,0.98934746,0.9997594,0.9470392,0.93439513,0.97112906,0.99615306,0.9971495,0.98383164,0.9080487,0.9992084,0.9969897,0.99866986,0.9943581,0.6123821,0.9941347,0.98947024,0.9834705,0.99242276,0.9913223,0.98657167
C:\Users\leejy\Desktop\test_experiment\dataset\test\case4_mixed\fake\svd\original\fake_svd_056.mp4,case4_mixed,original,svd,1,0.46542168,0.5193861,0.40536046,0.41621816,0.494057,0.5677419,0.6756844,0.9679902,0.52938503,0.985129,0.9716986,0.9994023,0.95150405,0.63482636,0.81545305,0.9326989,0.9979888,0.9871911,0.5886231,0.99832565,0.9904221,0.99776995,0.973519,0.5203745,0.9722571,0.7200731,0.627666,0.76559335,0.8940517,0.74720114
C:\Users\leejy\Desktop\test_experiment\dataset\test\case4_mixed\fake\svd\original\fake_svd_057.mp4,case4_mixed,original,svd,1,0.5665282,0.5500258,0.543772,0.5460801,0.4741594,0.71442884,0.59041023,0.9876401,0.84234506,0.99764496,0.9973218,0.9999502,0.9922444,0.97682446,0.9915707,0.982524,0.992062,0.96688277,0.89796406,0.99863833,0.98707956,0.9877351,0.984516,0.62100595,0.96792966,0.99153805,0.9499023,0.98342276,0.99344844,0.9939964
C:\Users\leejy\Desktop\test_experiment\dataset\test\case4_mixed\fake\svd\original\fake_svd_058.mp4,case4_mixed,original,svd,1,0.45407873,0.5473072,0.4855387,0.5130281,0.4947512,0.8111156,0.7076952,0.997459,0.8745802,0.99970406,0.9994579,0.9999827,0.99173236,0.9931363,0.9968087,0.9465967,0.957715,0.95565146,0.8217605,0.9894601,0.993346,0.9898892,0.9456007,0.5573409,0.93769747,0.9257015,0.9296323,0.8632188,0.9264702,0.908618
C:\Users\leejy\Desktop\test_experiment\dataset\test\case4_mixed\fake\svd\original\fake_svd_060.mp4,case4_mixed,original,svd,1,0.56490874,0.5722747,0.4843801,0.55157375,0.41179076,0.66066515,0.54160583,0.9925103,0.7579064,0.9985814,0.9848984,0.9955142,0.7823301,0.9084962,0.88036066,0.937783,0.98617804,0.8784707,0.8129416,0.9869292,0.9600252,0.9713746,0.9507321,0.47919902,0.76799446,0.9897315,0.96628344,0.9537512,0.96408546,0.9594972
C:\Users\leejy\Desktop\test_experiment\dataset\test\case4_mixed\fake\svd\original\fake_svd_063.mp4,case4_mixed,original,svd,1,0.50358576,0.6107147,0.47903144,0.53222,0.39677647,0.74857634,0.5287615,0.59284335,0.7190878,0.21733752,0.9811307,0.77407146,0.81503016,0.843702,0.94143915,0.9216402,0.96050966,0.9345745,0.7815808,0.9899087,0.8116014,0.8641386,0.8774768,0.5287159,0.76838577,0.7718435,0.7218658,0.88909626,0.8813599,0.7163179
C:\Users\leejy\Desktop\test_experiment\dataset\test\case4_mixed\fake\svd\original\fake_svd_071.mp4,case4_mixed,original,svd,1,0.59825355,0.52613163,0.5813328,0.41949934,0.5822535,0.76158285,0.81644297,0.99457306,0.7483523,0.9995819,0.9540518,0.9997831,0.98707956,0.98482555,0.9974738,0.9113377,0.9867517,0.9787533,0.7279271,0.99140584,0.97520185,0.99053264,0.91767234,0.60401946,0.9648882,0.9570375,0.8228307,0.67613894,0.8056322,0.9368073
C:\Users\leejy\Desktop\test_experiment\dataset\test\case4_mixed\fake\svd\original\fake_svd_072.mp4,case4_mixed,original,svd,1,0.49444222,0.5681762,0.4932827,0.47134113,0.5214026,0.67763406,0.7192604,0.9949886,0.63849723,0.9799574,0.93367314,0.9989392,0.95379424,0.7833159,0.9410612,0.53506804,0.94127744,0.6716321,0.34692842,0.9391645,0.8098782,0.8510886,0.8242498,0.52208036,0.7028679,0.84389514,0.85494524,0.93651766,0.972336,0.5837373
C:\Users\leejy\Desktop\test_experiment\dataset\test\case4_mixed\fake\svd\original\fake_svd_088.mp4,case4_mixed,original,svd,1,0.42051592,0.58749944,0.4590155,0.4810272,0.5608841,0.7241881,0.7771307,0.9448931,0.8026482,0.994729,0.98327893,0.99806195,0.7826625,0.7010995,0.94600123,0.26822203,0.14163724,0.051558185,0.17486776,0.22017473,0.43122485,0.22764099,0.23678085,0.42369646,0.42560524,0.44580096,0.5758862,0.23806274,0.18705843,0.37937838
C:\Users\leejy\Desktop\test_experiment\dataset\test\case4_mixed\fake\svd\original\fake_svd_108.mp4,case4_mixed,original,svd,1,0.43584147,0.47314942,0.47261503,0.47872305,0.532182,0.6562453,0.8009646,0.992474,0.79905057,0.9997023,0.99434716,0.99832886,0.89379704,0.96249723,0.9942642,0.9201462,0.9683214,0.83682144,0.6120633,0.99700147,0.96309197,0.98771137,0.9821854,0.5644586,0.9068596,0.7107789,0.21280403,0.17809659,0.6372777,0.621225
C:\Users\leejy\Desktop\test_experiment\dataset\test\case4_mixed\fake\svd\original\fake_svd_109.mp4,case4_mixed,original,svd,1,0.51935947,0.57224286,0.4811148,0.49897146,0.53399366,0.6869495,0.80788255,0.97724086,0.85931,0.9947187,0.8654801,0.99951684,0.6482298,0.8952024,0.9395538,0.45093358,0.47595546,0.2681741,0.5143088,0.6109849,0.7524221,0.7152749,0.73545164,0.57728684,0.4805701,0.6543428,0.6712551,0.63091236,0.54146945,0.87573385
C:\Users\leejy\Desktop\test_experiment\dataset\test\case4_mixed\fake\svd\original\fake_svd_115.mp4,case4_mixed,original,svd,1,0.5576496,0.5988988,0.51155645,0.5641285,0.48146906,0.63468486,0.77932185,0.987092,0.7474086,0.9976102,0.9942251,0.997813,0.9927321,0.9306476,0.61673385,0.97366965,0.99401975,0.97671366,0.78894925,0.9978173,0.99603915,0.99227446,0.9516839,0.5516341,0.9497627,0.86545163,0.23335674,0.608405,0.9133293,0.6584175
C:\Users\leejy\Desktop\test_experiment\dataset\test\case4_mixed\fake\svd\original\fake_svd_130.mp4,case4_mixed,original,svd,1,0.5543649,0.5339291,0.483999,0.47902575,0.46886662,0.5861676,0.6300592,0.99648935,0.6742114,0.9958093,0.991339,0.9999676,0.90295243,0.93189764,0.99457306,0.9737945,0.9879695,0.95936424,0.8663023,0.9944666,0.98932695,0.97074324,0.9700135,0.60547835,0.9776499,0.99248135,0.9773924,0.99649614,0.9925827,0.9909972
C:\Users\leejy\Desktop\test_experiment\dataset\test\case4_mixed\fake\svd\original\fake_svd_140.mp4,case4_mixed,original,svd,1,0.53048736,0.51506925,0.4976273,0.4878583,0.54676837,0.73810315,0.94197524,0.9091839,0.911692,0.97852874,0.9972638,0.99997973,0.9942363,0.9908213,0.997065,0.9916033,0.997399,0.99050516,0.8288696,0.9996338,0.9920157,0.9967013,0.97790456,0.5594405,0.9871293,0.97074324,0.9366916,0.96975684,0.9744834,0.96969944
C:\Users\leejy\Desktop\test_experiment\dataset\test\case4_mixed\fake\svd\original\fake_svd_144.mp4,case4_mixed,original,svd,1,0.4698547,0.62096643,0.4960328,0.5477362,0.49597177,0.81297874,0.6782204,0.98625773,0.6447985,0.99877924,0.9974738,0.98548245,0.9674411,0.98799264,0.9579909,0.98597693,0.99329424,0.9653485,0.7252596,0.9988167,0.9843664,0.9791357,0.9759923,0.5346277,0.92100316,0.8650531,0.8822251,0.91730267,0.96891505,0.9458513
C:\Users\leejy\Desktop\test_experiment\dataset\test\case4_mixed\fake\svd\original\fake_svd_152.mp4,case4_mixed,original,svd,1,0.5044021,0.5644136,0.5243947,0.5294459,0.4662684,0.70937157,0.6482437,0.99437994,0.79526085,0.9995479,0.9993026,0.9999976,0.9952632,0.9951231,0.99776995,0.7816642,0.37192047,0.7401744,0.52877676,0.8326453,0.8037136,0.30512765,0.5689262,0.47041726,0.467818,0.9582651,0.9706599,0.98220253,0.98722816,0.9796871
C:\Users\leejy\Desktop\test_experiment\dataset\test\case4_mixed\fake\svd\original\fake_svd_154.mp4,case4_mixed,original,svd,1,0.4512056,0.5544705,0.51137346,0.53157413,0.5053709,0.7424217,0.7390577,0.99400806,0.7622471,0.999795,0.9986594,0.9997017,0.9794526,0.98955137,0.99693656,0.97863114,0.99657035,0.97794676,0.7720154,0.9974241,0.9818231,0.9956937,0.97726256,0.63512343,0.9702681,0.9609151,0.8852848,0.9601375,0.96858984,0.93686515
C:\Users\leejy\Desktop\test_experiment\dataset\test\case4_mixed\fake\svd\original\fake_svd_157.mp4,case4_mixed,original,svd,1,0.51509017,0.55077344,0.49028137,0.44197407,0.48233765,0.63883525,0.66137636,0.9478657,0.6873677,0.7595823,0.6007155,0.9484895,0.8911971,0.82204634,0.9146154,0.93306583,0.9548583,0.9230738,0.83867973,0.9933072,0.89688534,0.82183194,0.86726075,0.6258884,0.8342381,0.8774768,0.84305704,0.9334308,0.9026525,0.8524448
C:\Users\leejy\Desktop\test_experiment\dataset\test\case4_mixed\fake\svd\original\fake_svd_163.mp4,case4_mixed,original,svd,1,0.4855387,0.6136273,0.52499974,0.55510366,0.57367843,0.6699068,0.93599313,0.73692155,0.47657967,0.92209744,0.9865976,0.9984207,0.9902351,0.80570865,0.9859093,0.56504375,0.92310846,0.78699136,0.28736767,0.9380106,0.8308688,0.7237002,0.67217034,0.30928442,0.70710135,0.40695032,0.73876333,0.66874504,0.53607005,0.416856
C:\Users\leejy\Desktop\test_experiment\dataset\test\case4_mixed\fake\svd\original\fake_svd_164.mp4,case4_mixed,original,svd,1,0.54366595,0.56167316,0.49489614,0.47094953,0.4226536,0.77137023,0.8913863,0.9928092,0.80016553,0.9998306,0.47164908,0.99865675,0.4112882,0.93127525,0.65855473,0.9057817,0.89442116,0.9611892,0.713132,0.9920157,0.9567556,0.89029425,0.9337335,0.55892897,0.78137237,0.9399685,0.7985798,0.7829116,0.8564525,0.86281466
C:\Users\leejy\Desktop\test_experiment\dataset\test\case4_mixed\real\instagram\00001.mp4,case4_mixed,instagram,real,0,0.54344636,0.5068527,0.5076822,0.49820518,0.5673674,0.7829712,0.84389514,0.9967077,0.83844846,0.98799264,0.914329,0.91117966,0.9032942,0.734798,0.9470882,0.8143852,0.92121595,0.80276823,0.596771,0.97999567,0.89947516,0.8236832,0.7976356,0.6595696,0.8997397,0.93177354,0.9670388,0.9898892,0.92746186,0.8729443
C:\Users\leejy\Desktop\test_experiment\dataset\test\case4_mixed\real\instagram\00006.mp4,case4_mixed,instagram,real,0,0.53685164,0.5732903,0.44480592,0.49158555,0.48100814,0.64363736,0.56338924,0.40135047,0.6076632,0.018378446,0.9448931,0.22676224,0.72083527,0.6984323,0.31043303,0.98625773,0.98635,0.97467697,0.9207184,0.9971717,0.99589807,0.9984421,0.9935243,0.63121074,0.99553156,0.9774571,0.9620006,0.9887554,0.9830526,0.92998284
C:\Users\leejy\Desktop\test_experiment\dataset\test\case4_mixed\real\instagram\00007.mp4,case4_mixed,instagram,real,0,0.52844024,0.5129061,0.48190334,0.40465447,0.4762447,0.6516321,0.784773,0.996271,0.68071944,0.8369214,0.9587699,0.99983203,0.9590394,0.8112651,0.7570318,0.96672606,0.9941233,0.98704207,0.6098873,0.99390244,0.991339,0.97917557,0.9404078,0.5162296,0.92882955,0.8998277,0.94018847,0.95594025,0.94980925,0.87256473
C:\Users\leejy\Desktop\test_experiment\dataset\test\case4_mixed\real\instagram\00008.mp4,case4_mixed,instagram,real,0,0.45597824,0.63321185,0.50641596,0.41466177,0.6106494,0.456955,0.69902337,0.72228223,0.41436556,0.85989916,0.52297115,0.6692046,0.7110799,0.7985012,0.4061846,0.93367314,0.99349916,0.91781974,0.8811555,0.9951041,0.9878996,0.99324185,0.94957596,0.41747928,0.98617804,0.54243916,0.4686994,0.4895035,0.52213746,0.47460073
C:\Users\leejy\Desktop\test_experiment\dataset\test\case4_mixed\real\instagram\00022.mp4,case4_mixed,instagram,real,0,0.39925525,0.5456035,0.4930806,0.50411975,0.53513634,0.63287157,0.5102525,0.99460983,0.7138432,0.99629277,0.97543687,0.41854838,0.86177105,0.3877121,0.8891204,0.9698712,0.96309197,0.8663977,0.6599533,0.9979652,0.98913974,0.9954261,0.9802808,0.5121436,0.96021223,0.7037022,0.11571067,0.7975174,0.7672759,0.5236031
C:\Users\leejy\Desktop\test_experiment\dataset\test\case4_mixed\real\instagram\00023.mp4,case4_mixed,instagram,real,0,0.4322132,0.53354174,0.45342824,0.47673193,0.43137458,0.670797,0.6078669,0.68763,0.63204867,0.97803074,0.9011404,0.9563905,0.9222025,0.7383272,0.80954903,0.98535615,0.9941004,0.9652504,0.7892337,0.99665606,0.99779165,0.99925333,0.98749614,0.5651562,0.98400164,0.7987368,0.56079394,0.6404391,0.7426084,0.7336904
C:\Users\leejy\Desktop\test_experiment\dataset\test\case4_mixed\real\instagram\00026.mp4,case4_mixed,instagram,real,0,0.5401963,0.5563318,0.43056634,0.431674,0.4701208,0.7065576,0.81249565,0.99164385,0.76091725,0.9999398,0.9953181,0.9991066,0.9665054,0.85003346,0.97344345,0.9820655,0.9994,0.9923267,0.84038997,0.99965465,0.98518616,0.99621993,0.98892784,0.629376,0.97840524,0.8850863,0.80267155,0.67551714,0.83413684,0.6455111
C:\Users\leejy\Desktop\test_experiment\dataset\test\case4_mixed\real\instagram\00028.mp4,case4_mixed,instagram,real,0,0.41406935,0.56840456,0.53161216,0.4881614,0.4941409,0.6159184,0.62240195,0.8962514,0.4858436,0.9915952,0.95013416,0.5260384,0.46605572,0.61168647,0.47371808,0.9898892,0.99943846,0.99182796,0.91524243,0.99906737,0.9912378,0.99632865,0.9845606,0.56468374,0.9755304,0.79842263,0.7645841,0.36758238,0.4063171,0.8067765
C:\Users\leejy\Desktop\test_experiment\dataset\test\case4_mixed\real\instagram\00035.mp4,case4_mixed,instagram,real,0,0.5208391,0.5825801,0.48933953,0.4971619,0.49096778,0.7212035,0.7555919,0.9566342,0.7858432,0.7906415,0.98667485,0.97573924,0.9546686,0.5821347,0.9326989,0.9943141,0.9979532,0.9927672,0.8850863,0.99983716,0.9941347,0.9943251,0.9827738,0.62946147,0.9884919,0.8892887,0.83788544,0.98242307,0.9722571,0.9027383
C:\Users\leejy\Desktop\test_experiment\dataset\test\case4_mixed\real\instagram\00040.mp4,case4_mixed,instagram,real,0,0.53397846,0.46613166,0.4582824,0.4285622,0.5537843,0.7321372,0.8413048,0.99723697,0.772359,0.9961606,0.7692103,0.99980897,0.87679267,0.4896255,0.7850615,0.7426084,0.8967949,0.7405674,0.35983855,0.9318046,0.77330196,0.7690802,0.7920624,0.39197314,0.72117895,0.7756048,0.6403829,0.90561485,0.68056023,0.71163136
C:\Users\leejy\Desktop\test_experiment\dataset\test\case4_mixed\real\instagram\00050.mp4,case4_mixed,instagram,real,0,0.4925533,0.56090665,0.54107547,0.52217174,0.43968722,0.62415034,0.813868,0.9613528,0.7300975,0.9756467,0.8611883,0.98518616,0.8194242,0.86539483,0.7437966,0.9851147,0.9945201,0.9589625,0.8664153,0.99804294,0.99029154,0.9914556,0.98951083,0.5989135,0.97311324,0.8762642,0.8672045,0.7902067,0.9516839,0.89552265
C:\Users\leejy\Desktop\test_experiment\dataset\test\case4_mixed\real\instagram\00055.mp4,case4_mixed,instagram,real,0,0.5070491,0.5034732,0.41609952,0.43658826,0.50719786,0.58527523,0.7177049,0.91531825,0.48779538,0.96672606,0.95585793,0.9976859,0.9273633,0.5856937,0.7892337,0.9278225,0.99871826,0.9844862,0.5664008,0.9992175,0.98752034,0.9960083,0.9743129,0.49365267,0.9416005,0.48681948,0.41810283,0.69802076,0.7764535,0.42314515
C:\Users\leejy\Desktop\test_experiment\dataset\test\case4_mixed\real\instagram\00056.mp4,case4_mixed,instagram,real,0,0.5537994,0.5593954,0.52707314,0.48587412,0.48986956,0.5881279,0.39866978,0.7458036,0.6449522,0.3196521,0.3877483,0.28385586,0.68594944,0.44779232,0.56051296,0.95869267,0.958187,0.8961605,0.7750094,0.98739934,0.97879386,0.98279023,0.9418149,0.53518957,0.806205,0.3313631,0.0553617,0.28992426,0.5242729,0.2805671
C:\Users\leejy\Desktop\test_experiment\dataset\test\case4_mixed\real\instagram\00057.mp4,case4_mixed,instagram,real,0,0.4649927,0.5101762,0.49000683,0.5266623,0.43283862,0.7414401,0.7563126,0.99329424,0.8639952,0.9998067,0.99525404,0.9991817,0.98524296,0.8407172,0.96122557,0.99808455,0.99935,0.9945148,0.90286684,0.99991345,0.99984455,0.9999572,0.9987356,0.6103083,0.99897975,0.9758546,0.969985,0.97788346,0.991891,0.93403506
C:\Users\leejy\Desktop\test_experiment\dataset\test\case4_mixed\real\instagram\00059.mp4,case4_mixed,instagram,real,0,0.52014595,0.58198625,0.51087207,0.48910695,0.5462541,0.69165355,0.64857763,0.9405718,0.55290186,0.9752254,0.9919224,0.99648935,0.8296301,0.9281487,0.8816658,0.8992099,0.96472245,0.8690909,0.7876047,0.93784,0.9462501,0.9902727,0.95292586,0.44174638,0.8013535,0.5677569,0.16398025,0.2764463,0.21153897,0.4222068
C:\Users\leejy\Desktop\test_experiment\dataset\test\case4_mixed\real\instagram\00062.mp4,case4_mixed,instagram,real,0,0.4534585,0.5483712,0.47162628,0.5225144,0.4018895,0.71887815,0.5527208,0.7605173,0.70932126,0.24526575,0.85758924,0.071073666,0.51488817,0.49566662,0.7336904,0.98549646,0.9911011,0.98134655,0.9348725,0.9966102,0.9860443,0.9924666,0.98986953,0.64985645,0.99210805,0.9805248,0.9874721,0.991339,0.99609274,0.97949183
C:\Users\leejy\Desktop\test_experiment\dataset\test\case4_mixed\real\instagram\00070.mp4,case4_mixed,instagram,real,0,0.54153764,0.5835,0.5009918,0.49798584,0.48547772,0.7867867,0.48919848,0.8829839,0.799638,0.9822708,0.31568322,0.9995178,0.6372213,0.4807225,0.5611246,0.8045595,0.8873511,0.8927964,0.6325826,0.9400786,0.9390807,0.9636776,0.8327813,0.48346546,0.899431,0.75328517,0.5596962,0.41084862,0.9032942,0.8850366
C:\Users\leejy\Desktop\test_experiment\dataset\test\case4_mixed\real\instagram\00071.mp4,case4_mixed,instagram,real,0,0.48478502,0.6277516,0.5091542,0.5004883,0.5112896,0.71203196,0.72521096,0.99740905,0.7133318,0.9060314,0.8840393,0.9954261,0.8927964,0.9578532,0.8694931,0.9876401,0.997981,0.98507166,0.85806566,0.99976856,0.99603915,0.998743,0.99540824,0.6126863,0.99193794,0.9830526,0.9872528,0.9871044,0.9913726,0.9537082
C:\Users\leejy\Desktop\test_experiment\dataset\test\case4_mixed\real\instagram\00087.mp4,case4_mixed,instagram,real,0,0.4584093,0.56024516,0.48775822,0.47530088,0.52479804,0.6083653,0.6552533,0.7363784,0.6270382,0.6356749,0.91928095,0.99373454,0.77942675,0.50662816,0.88413936,0.9499023,0.9393595,0.89991575,0.5548323,0.9789554,0.93593454,0.9702681,0.90422857,0.5222022,0.9175246,0.98986953,0.9884919,0.9916358,0.98475236,0.9940428
C:\Users\leejy\Desktop\test_experiment\dataset\test\case4_mixed\real\instagram\00107.mp4,case4_mixed,instagram,real,0,0.46540266,0.55208695,0.48984665,0.51860714,0.5395064,0.66969085,0.7893555,0.91398406,0.7889899,0.99698395,0.9905509,0.9890131,0.9038472,0.9032942,0.95789254,0.9055731,0.93189764,0.7163179,0.63417524,0.969985,0.9801293,0.9924666,0.98466414,0.6178009,0.93980294,0.548749,0.12373573,0.28736767,0.57287216,0.58207536
C:\Users\leejy\Desktop\test_experiment\dataset\test\case4_mixed\real\instagram\00108.mp4,case4_mixed,instagram,real,0,0.5791178,0.5548926,0.46532485,0.46624178,0.55256236,0.6359858,0.7876659,0.9137535,0.6861598,0.36658975,0.46904904,0.8693268,0.48029587,0.2505459,0.5529924,0.7204666,0.8301815,0.5551941,0.41226393,0.8107413,0.9308365,0.9212869,0.88318557,0.5613351,0.7824132,0.93749756,0.9589241,0.9535786,0.8821743,0.9517288
C:\Users\leejy\Desktop\test_experiment\dataset\test\case4_mixed\real\instagram\00114.mp4,case4_mixed,instagram,real,0,0.5300997,0.5959924,0.5153417,0.5262971,0.4971924,0.6061998,0.7102768,0.9713746,0.73613685,0.99706787,0.98022413,0.05300977,0.97671366,0.72933906,0.44791308,0.9514138,0.96360916,0.9324533,0.81735593,0.9886464,0.9470392,0.98242307,0.90821165,0.6101341,0.8557306,0.77636874,0.13095081,0.64521766,0.9081302,0.6245941
C:\Users\leejy\Desktop\test_experiment\dataset\test\case4_mixed\real\instagram\00129.mp4,case4_mixed,instagram,real,0,0.51872903,0.5601173,0.5305253,0.44841874,0.4988861,0.5690745,0.67851335,0.99630713,0.7046177,0.99666256,0.98835784,0.9998983,0.9559813,0.97389406,0.99013054,0.9556928,0.9957767,0.9502727,0.7051763,0.997358,0.98715407,0.990892,0.9626381,0.4969483,0.96253246,0.59231293,0.432303,0.77551985,0.79366624,0.84363765
C:\Users\leejy\Desktop\test_experiment\dataset\test\case4_mixed\real\instagram\00139.mp4,case4_mixed,instagram,real,0,0.46330008,0.52223074,0.51574755,0.44120646,0.5593126,0.82050544,0.75202966,0.99509466,0.8446654,0.9989141,0.9872773,0.96084166,0.973519,0.8720208,0.8510886,0.89533985,0.9408984,0.89776254,0.5563996,0.9796482,0.9763557,0.9429286,0.90958625,0.49078473,0.8669795,0.7728737,0.4161811,0.28791794,0.68489665,0.87584007
C:\Users\leejy\Desktop\test_experiment\dataset\test\case4_mixed\real\instagram\00143.mp4,case4_mixed,instagram,real,0,0.41322553,0.6222872,0.51372945,0.42143276,0.48050913,0.5726033,0.55697197,0.96669465,0.6099308,0.9807288,0.4649471,0.015891112,0.7943451,0.2247353,0.47475293,0.9821684,0.98975134,0.94784164,0.80448276,0.99751294,0.9791158,0.950411,0.9585377,0.484765,0.89506495,0.7182981,0.8079157,0.81501174,0.8839893,0.9118885
C:\Users\leejy\Desktop\test_experiment\dataset\test\case4_mixed\real\instagram\00151.mp4,case4_mixed,instagram,real,0,0.49096397,0.53702617,0.47122324,0.45684895,0.45874274,0.62214375,0.6664425,0.9383786,0.8193158,0.9169385,0.9956176,0.99997807,0.98772323,0.98279023,0.9864938,0.8543386,0.5116251,0.8230441,0.47808906,0.71584636,0.9314625,0.7789858,0.8444732,0.45506236,0.67062175,0.59851754,0.6758181,0.6207653,0.74003345,0.6754971
C:\Users\leejy\Desktop\test_experiment\dataset\test\case4_mixed\real\instagram\00153.mp4,case4_mixed,instagram,real,0,0.4043163,0.511709,0.5156504,0.49211186,0.52868545,0.7221843,0.7913075,0.94544977,0.7266681,0.99712163,0.99930537,0.99972516,0.9678689,0.98549646,0.99738365,0.9968945,0.99940586,0.99603146,0.9074353,0.9998996,0.99746394,0.9994967,0.99648935,0.6666324,0.995858,0.9892855,0.98913974,0.99736315,0.99765414,0.9839091
C:\Users\leejy\Desktop\test_experiment\dataset\test\case4_mixed\real\instagram\00156.mp4,case4_mixed,instagram,real,0,0.4940646,0.57110894,0.5032272,0.47590405,0.46933025,0.68124986,0.52409214,0.6101631,0.5691942,0.109271355,0.23673674,0.04084572,0.7106283,0.60281444,0.6801355,0.8967949,0.92756045,0.88722897,0.7665559,0.969985,0.7876863,0.60279256,0.7068485,0.60192996,0.7460696,0.7581862,0.818011,0.9092645,0.9147487,0.89228123
C:\Users\leejy\Desktop\test_experiment\dataset\test\case4_mixed\real\instagram\00162.mp4,case4_mixed,instagram,real,0,0.45203695,0.59988075,0.5222555,0.5098864,0.62363476,0.5740963,0.79105544,0.6279512,0.4474603,0.45956117,0.46361122,0.870322,0.88161486,0.17114776,0.510283,0.6751224,0.9116528,0.7911361,0.39682758,0.9240733,0.7946241,0.5799878,0.64243245,0.28194898,0.6638733,0.79502225,0.8394709,0.93891287,0.6352825,0.90523857
C:\Users\leejy\Desktop\test_experiment\dataset\test\case4_mixed\real\instagram\00163.mp4,case4_mixed,instagram,real,0,0.48418954,0.56001204,0.505081,0.46791485,0.41076922,0.6601107,0.8206132,0.9416005,0.6631238,0.61138195,0.24256429,0.22414035,0.27270195,0.5122046,0.3100673,0.46235168,0.28866935,0.59490436,0.39596596,0.13111758,0.4450384,0.29449388,0.49755862,0.5233594,0.21101007,0.4337566,0.17043896,0.09534946,0.2670735,0.17064616
C:\Users\leejy\Desktop\test_experiment\dataset\test\case4_mixed\fake\pika\instagram\fake_pika_000.mp4,case4_mixed,instagram,pika,1,0.43327132,0.4944918,0.5001068,0.5843527,0.5156504,0.6410573,0.8595459,0.9922294,0.8568123,0.9470882,0.98780584,0.9689445,0.87302554,0.988514,0.98046875,0.94957596,0.9408442,0.9314586,0.8468629,0.9719393,0.8151222,0.8407172,0.8804891,0.53740555,0.81021625,0.9442283,0.9565531,0.9615338,0.9222726,0.95806944
C:\Users\leejy\Desktop\test_experiment\dataset\test\case4_mixed\fake\pika\instagram\fake_pika_001.mp4,case4_mixed,instagram,pika,1,0.5249731,0.5333386,0.43044657,0.54564893,0.46845627,0.6057553,0.7731308,0.84978426,0.82952654,0.97852874,0.95806944,0.9380956,0.79036856,0.8845887,0.9337034,0.9675945,0.97769254,0.9757624,0.90623903,0.99366105,0.88548297,0.7895584,0.8857304,0.54942906,0.8693268,0.98439646,0.98545444,0.9885251,0.9867389,0.9897315
C:\Users\leejy\Desktop\test_experiment\dataset\test\case4_mixed\fake\pika\instagram\fake_pika_002.mp4,case4_mixed,instagram,pika,1,0.51691556,0.55514884,0.43833432,0.53326833,0.5262819,0.7110172,0.67356753,0.99209267,0.85518724,0.99808455,0.9950755,0.99986017,0.9945201,0.98886347,0.99242276,0.99256825,0.99111825,0.97933435,0.94224155,0.99854493,0.9719126,0.9630572,0.9769348,0.6556117,0.9425596,0.95270634,0.9389689,0.9630224,0.9771756,0.9478657
C:\Users\leejy\Desktop\test_experiment\dataset\test\case4_mixed\fake\pika\instagram\fake_pika_003.mp4,case4_mixed,instagram,pika,1,0.5549077,0.593786,0.49186778,0.42960882,0.4653875,0.7851439,0.94143915,0.9980957,0.7942254,0.9998535,0.9921233,0.9994429,0.9674411,0.9889064,0.9967429,0.9906871,0.9944988,0.9932876,0.90105337,0.9989759,0.9843062,0.99675864,0.9879695,0.64416915,0.98535615,0.9935243,0.99758446,0.99566853,0.99425864,0.9940428
C:\Users\leejy\Desktop\test_experiment\dataset\test\case4_mixed\fake\pika\instagram\fake_pika_004.mp4,case4_mixed,instagram,pika,1,0.54444945,0.5477362,0.49481216,0.5724688,0.49334756,0.74507385,0.7552762,0.969985,0.76383626,0.9989936,0.8687154,0.98961186,0.9680808,0.8957508,0.96653706,0.95190793,0.96805066,0.9610981,0.79198194,0.99374664,0.9407897,0.9843364,0.96609205,0.56952345,0.9627082,0.7874412,0.6809316,0.9397477,0.9216402,0.9119669
C:\Users\leejy\Desktop\test_experiment\dataset\test\case4_mixed\fake\pika\instagram\fake_pika_005.mp4,case4_mixed,instagram,pika,1,0.5079034,0.5343847,0.50970334,0.5631827,0.540291,0.7286035,0.938435,0.8103922,0.5365709,0.9147487,0.6777407,0.9347534,0.6355052,0.9539661,0.8404555,0.9809856,0.99621993,0.9730877,0.8947435,0.9992834,0.97997653,0.97254544,0.9650533,0.64142936,0.9349319,0.90982693,0.9265035,0.9614977,0.9534488,0.969814
C:\Users\leejy\Desktop\test_experiment\dataset\test\case4_mixed\fake\pika\instagram\fake_pika_006.mp4,case4_mixed,instagram,pika,1,0.53810346,0.5948455,0.4867566,0.55103016,0.5004482,0.6599533,0.9302051,0.9708817,0.8134978,0.9870609,0.82183194,0.99496907,0.7040584,0.8511504,0.9445169,0.9853984,0.995858,0.9898499,0.90632194,0.99895155,0.99504673,0.994729,0.9899476,0.6838221,0.9902351,0.9640178,0.9720986,0.9890976,0.9911355,0.97836393
C:\Users\leejy\Desktop\test_experiment\dataset\test\case4_mixed\fake\pika\instagram\fake_pika_007.mp4,case4_mixed,instagram,pika,1,0.5969619,0.58683366,0.5573334,0.57878304,0.44613272,0.8153244,0.9335521,0.9886901,0.8070808,0.9999691,0.967194,0.99576014,0.9635748,0.9789554,0.9901687,0.9803374,0.9983059,0.9836912,0.91062486,0.9992489,0.9923341,0.99262565,0.97925514,0.57182634,0.98238933,0.8891444,0.8774768,0.9022657,0.98083925,0.80570865
C:\Users\leejy\Desktop\test_experiment\dataset\test\case4_mixed\fake\pika\instagram\fake_pika_008.mp4,case4_mixed,instagram,pika,1,0.5922539,0.5881058,0.5325467,0.50636256,0.5253155,0.9343353,0.9565531,0.99975365,0.930395,0.9999083,0.99400806,0.99998987,0.99688846,0.99812144,0.99977964,0.99002504,0.9975418,0.9694546,0.88710684,0.9992175,0.98926485,0.988425,0.9868913,0.57648236,0.9898107,0.966156,0.9635748,0.94468933,0.9672869,0.8524448
C:\Users\leejy\Desktop\test_experiment\dataset\test\case4_mixed\fake\pika\instagram\fake_pika_009.mp4,case4_mixed,instagram,pika,1,0.5677869,0.5189271,0.48100433,0.55734843,0.47081262,0.8517988,0.91490096,0.9907767,0.753716,0.99966335,0.997285,0.9997241,0.9791158,0.98739934,0.99256104,0.9987081,0.9997918,0.9957848,0.9589625,0.9999405,0.9928924,0.9991239,0.9960699,0.63636017,0.9981505,0.9847378,0.98706704,0.993255,0.98677725,0.99140584
C:\Users\leejy\Desktop\test_experiment\dataset\test\case4_mixed\fake\pika\instagram\fake_pika_010.mp4,case4_mixed,instagram,pika,1,0.5682661,0.4081588,0.42009398,0.50014496,0.4697331,0.65168744,0.8092759,0.49438503,0.89561397,0.46897304,0.8244619,0.86960393,0.9251961,0.8539127,0.8959331,0.99333304,0.9987888,0.98677725,0.93403506,0.9995461,0.97175217,0.99849594,0.9926967,0.677734,0.9894091,0.9773276,0.9593071,0.99219924,0.9532751,0.96882665
C:\Users\leejy\Desktop\test_experiment\dataset\test\case4_mixed\fake\pika\instagram\fake_pika_011.mp4,case4_mixed,instagram,pika,1,0.6454552,0.508771,0.55793566,0.58631563,0.6090301,0.66139,0.87888706,0.9260366,0.94208187,0.99664307,0.9801103,0.99776995,0.9634031,0.96628344,0.9107044,0.99193794,0.9996118,0.9887988,0.9675945,0.99975175,0.98552436,0.99522626,0.98574555,0.68407935,0.9894907,0.9662516,0.98835784,0.97966766,0.9916358,0.96408546
C:\Users\leejy\Desktop\test_experiment\dataset\test\case4_mixed\fake\pika\instagram\fake_pika_012.mp4,case4_mixed,instagram,pika,1,0.49193645,0.6389198,0.44670588,0.5519662,0.46280685,0.85512674,0.86731696,0.99724776,0.88759494,0.99999106,0.9997508,0.9999914,0.99620515,0.99949956,0.99968565,0.9808209,0.99580115,0.9495292,0.8656222,0.9957104,0.91086304,0.9417078,0.97386926,0.6768402,0.96432143,0.9899282,0.98421544,0.99454135,0.9908213,0.97838473
C:\Users\leejy\Desktop\test_experiment\dataset\test\case4_mixed\fake\pika\instagram\fake_pika_013.mp4,case4_mixed,instagram,pika,1,0.58514565,0.6312534,0.5076231,0.46872982,0.44831306,0.70212173,0.88793546,0.99803144,0.8346092,0.99991715,0.9902727,0.99995244,0.99719363,0.9972691,0.9984145,0.99791294,0.9997565,0.9975799,0.97121114,0.9999316,0.9946774,0.99835795,0.99635005,0.6340903,0.9981541,0.99174845,0.991339,0.99262565,0.98089427,0.976513
C:\Users\leejy\Desktop\test_experiment\dataset\test\case4_mixed\fake\pika\instagram\fake_pika_014.mp4,case4_mixed,instagram,pika,1,0.54235584,0.49841312,0.54371136,0.51351595,0.4741214,0.7331176,0.93980294,0.9965064,0.84559214,0.9995272,0.99953544,0.9999012,0.99752253,0.9981541,0.99621993,0.9958418,0.9997613,0.9975775,0.971779,0.99994504,0.9933717,0.9964551,0.9941347,0.6711743,0.99349916,0.9630224,0.9747251,0.9675945,0.9841851,0.9643886
C:\Users\leejy\Desktop\test_experiment\dataset\test\case4_mixed\fake\pika\instagram\fake_pika_015.mp4,case4_mixed,instagram,pika,1,0.46748373,0.55315834,0.48733792,0.55569893,0.49536145,0.69613904,0.84366983,0.99894947,0.87043214,0.99273914,0.9994374,0.9985306,0.9954704,0.9961456,0.997981,0.9966756,0.99965405,0.9939672,0.9404625,0.9997726,0.97389406,0.99060565,0.9878293,0.6436934,0.9824905,0.9928231,0.9970421,0.99635005,0.99771273,0.98466414
C:\Users\leejy\Desktop\test_experiment\dataset\test\case4_mixed\fake\pika\instagram\fake_pika_016.mp4,case4_mixed,instagram,pika,1,0.5530075,0.606513,0.5601323,0.50079155,0.57117623,0.83318895,0.90448195,0.9945201,0.9384633,0.99757034,0.9856215,0.9997398,0.9764905,0.94463825,0.94463825,0.99723697,0.9997075,0.9964168,0.97267544,0.9999311,0.9943031,0.999188,0.9963994,0.63595754,0.9948303,0.9628482,0.9428234,0.96253246,0.9720986,0.9765801
C:\Users\leejy\Desktop\test_experiment\dataset\test\case4_mixed\fake\pika\instagram\fake_pika_017.mp4,case4_mixed,instagram,pika,1,0.55096227,0.53047216,0.52924055,0.43492627,0.51847,0.75585103,0.90523857,0.9994735,0.891811,0.99978477,0.99986935,0.9999763,0.99879575,0.99760795,0.9989718,0.9949397,0.9969663,0.9902822,0.93220687,0.99955577,0.9931096,0.99638534,0.99060565,0.64949524,0.9827406,0.93171144,0.96909106,0.98878795,0.9850429,0.97877365
C:\Users\leejy\Desktop\test_experiment\dataset\test\case4_mixed\fake\pika\instagram\fake_pika_018.mp4,case4_mixed,instagram,pika,1,0.55189073,0.6358021,0.47029567,0.5653737,0.55573666,0.77182204,0.92438114,0.9870297,0.7922233,0.99644804,0.95398754,0.99948776,0.9737447,0.9871911,0.96936774,0.9901211,0.99903595,0.9889492,0.9322685,0.9995408,0.9901211,0.9981969,0.9825743,0.58931756,0.9835022,0.93263763,0.92988735,0.95610446,0.96958447,0.93686515
C:\Users\leejy\Desktop\test_experiment\dataset\test\case4_mixed\fake\pika\instagram\fake_pika_019.mp4,case4_mixed,instagram,pika,1,0.55603796,0.59463954,0.49784854,0.5392941,0.53692,0.74019784,0.93587595,0.95388025,0.8441522,0.999134,0.96073127,0.99993527,0.9847963,0.97953105,0.9930356,0.9874236,0.99913067,0.9860308,0.9024378,0.9997209,0.9801103,0.9903476,0.980034,0.5429844,0.980034,0.8274799,0.78357476,0.7359264,0.7502784,0.61579543
C:\Users\leejy\Desktop\test_experiment\dataset\test\case4_mixed\fake\pika\instagram\fake_pika_020.mp4,case4_mixed,instagram,pika,1,0.5451949,0.56154543,0.5001068,0.5490419,0.46317106,0.8092006,0.9093048,0.9924374,0.81924355,0.9999106,0.9973061,0.9999852,0.99927634,0.99806577,0.99709916,0.99424744,0.9992792,0.99057823,0.94772077,0.99974483,0.99170023,0.9975274,0.9941233,0.6765131,0.99637127,0.9722044,0.96472245,0.9787533,0.97947216,0.9614615
C:\Users\leejy\Desktop\test_experiment\dataset\test\case4_mixed\fake\pika\instagram\fake_pika_021.mp4,case4_mixed,instagram,pika,1,0.51400393,0.43754935,0.43255022,0.49212712,0.56901467,0.5443473,0.93149364,0.98557997,0.41170207,0.91586536,0.9156582,0.99679,0.93089926,0.9253649,0.9558166,0.988085,0.99843913,0.9884362,0.8734309,0.9990978,0.9746528,0.9621432,0.96995664,0.63199186,0.938576,0.8216889,0.72580653,0.90772206,0.90039855,0.91266996
C:\Users\leejy\Desktop\test_experiment\dataset\test\case4_mixed\fake\pika\instagram\fake_pika_022.mp4,case4_mixed,instagram,pika,1,0.5822387,0.4925619,0.45640975,0.5338532,0.5414998,0.5114573,0.9501803,0.97275317,0.45780328,0.953188,0.8647108,0.98977125,0.9265035,0.9539661,0.83433944,0.900486,0.9951231,0.9667575,0.70679796,0.98741156,0.9164094,0.93913656,0.93033177,0.5488549,0.91145587,0.8369547,0.90681833,0.9144819,0.91030645,0.8692713
C:\Users\leejy\Desktop\test_experiment\dataset\test\case4_mixed\fake\pika\instagram\fake_pika_023.mp4,case4_mixed,instagram,pika,1,0.503889,0.574378,0.49703982,0.5030212,0.4779958,0.7489266,0.8977402,0.99847525,0.85989916,0.999764,0.9998809,0.9999783,0.99900347,0.99540824,0.99944824,0.9604726,0.992837,0.97221756,0.7737297,0.9973061,0.9556928,0.9737447,0.95822614,0.628988,0.98159516,0.93045825,0.95719784,0.9801673,0.9739189,0.9629179
C:\Users\leejy\Desktop\test_experiment\dataset\test\case4_mixed\fake\pika\instagram\fake_pika_024.mp4,case4_mixed,instagram,pika,1,0.5682361,0.6282934,0.54542947,0.5200698,0.55760443,0.8013438,0.93622667,0.9987649,0.8157468,0.99987245,0.99792516,0.99995255,0.9962999,0.98623115,0.9973658,0.99622726,0.9961755,0.9949935,0.9375548,0.9996686,0.9982248,0.99879575,0.9946878,0.74295825,0.99425864,0.88171685,0.7634176,0.94509614,0.9392481,0.8589554
C:\Users\leejy\Desktop\test_experiment\dataset\test\case4_mixed\fake\pika\instagram\fake_pika_025.mp4,case4_mixed,instagram,pika,1,0.48686138,0.63312674,0.51978034,0.5275143,0.48114908,0.76474893,0.92107415,0.99940693,0.7807461,0.99926203,0.9997986,0.99998176,0.9996458,0.99771273,0.99968374,0.9948102,0.9954704,0.99467236,0.9293763,0.9995505,0.9958741,0.9985562,0.99047756,0.66844755,0.995037,0.92827886,0.81397885,0.96131647,0.9522199,0.9240733
C:\Users\leejy\Desktop\test_experiment\dataset\test\case4_mixed\fake\pika\instagram\fake_pika_026.mp4,case4_mixed,instagram,pika,1,0.61138195,0.50468427,0.523447,0.56745356,0.4860418,0.81578344,0.9242787,0.9766692,0.91383046,0.99946004,0.9816127,0.9996886,0.9879695,0.99298817,0.9980957,0.9939143,0.99582565,0.9909184,0.9606575,0.99962664,0.9888419,0.9977787,0.99437994,0.666334,0.9915052,0.97662467,0.94024336,0.97409195,0.97730595,0.97608364
C:\Users\leejy\Desktop\test_experiment\dataset\test\case4_mixed\fake\pika\instagram\fake_pika_027.mp4,case4_mixed,instagram,pika,1,0.5182414,0.56992745,0.524486,0.51781476,0.46848664,0.68331385,0.8523219,0.8515212,0.80041915,0.9958741,0.97360706,0.93546456,0.91034627,0.9540518,0.8988553,0.985663,0.99727446,0.98777056,0.95577544,0.99939525,0.9919848,0.99527246,0.9861647,0.68410575,0.9700419,0.9966365,0.9977482,0.9983612,0.99664307,0.99683964
C:\Users\leejy\Desktop\test_experiment\dataset\test\case4_mixed\fake\pika\instagram\fake_pika_028.mp4,case4_mixed,instagram,pika,1,0.55848503,0.648188,0.53266823,0.5399613,0.5768325,0.8017612,0.94808245,0.97800976,0.8806945,0.99949265,0.9964688,0.99987113,0.9966299,0.9963642,0.997917,0.9958175,0.9998872,0.99678373,0.9819447,0.9999585,0.9947187,0.99929583,0.9936487,0.629433,0.99291986,0.99178034,0.9911011,0.9955142,0.99031025,0.99381906
C:\Users\leejy\Desktop\test_experiment\dataset\test\case4_mixed\fake\pika\instagram\fake_pika_029.mp4,case4_mixed,instagram,pika,1,0.44090554,0.4250085,0.4490906,0.53353417,0.5526906,0.78695047,0.66167694,0.4852319,0.3662213,0.8382168,0.52938503,0.46891224,0.50079346,0.37073785,0.5251862,0.9916842,0.99896777,0.9938788,0.9361684,0.9996026,0.9832949,0.9922444,0.9783226,0.55244917,0.9840477,0.9895716,0.9831176,0.99175644,0.9854124,0.9890765
C:\Users\leejy\Desktop\test_experiment\dataset\test\case4_mixed\fake\runway\instagram\fake_runway_000.mp4,case4_mixed,instagram,runway,1,0.4847002,0.71587116,0.54162097,0.51067954,0.47688413,0.7689067,0.870322,0.9563089,0.68041426,0.9996451,0.9537512,0.999757,0.9769568,0.9967524,0.9635748,0.9967333,0.9999683,0.9992706,0.97813547,0.99996674,0.99908364,0.9999856,0.9995728,0.67313796,0.99966073,0.99576014,0.99002504,0.9981578,0.9930559,0.995037
C:\Users\leejy\Desktop\test_experiment\dataset\test\case4_mixed\fake\runway\instagram\fake_runway_001.mp4,case4_mixed,instagram,runway,1,0.580025,0.5894801,0.4871511,0.6163154,0.51409537,0.8272009,0.8705423,0.99806577,0.8739159,0.99999356,0.9960508,0.99997854,0.9966036,0.99419135,0.99835795,0.998319,0.9999628,0.9992944,0.98197925,0.9999788,0.99890125,0.99981266,0.99738365,0.7148707,0.9972691,0.92709976,0.8515212,0.97455615,0.9511422,0.9679902
C:\Users\leejy\Desktop\test_experiment\dataset\test\case4_mixed\fake\runway\instagram\fake_runway_002.mp4,case4_mixed,instagram,runway,1,0.46135047,0.60632366,0.4093979,0.4139509,0.46708867,0.7980295,0.9170801,0.996597,0.88575506,0.9998907,0.9969126,0.9999937,0.9972904,0.9952077,0.999572,0.99889696,0.9999616,0.9993513,0.982971,0.99999475,0.999617,0.99995315,0.99824536,0.7438664,0.9988373,0.9841241,0.9889064,0.99060565,0.9954261,0.98951083
C:\Users\leejy\Desktop\test_experiment\dataset\test\case4_mixed\fake\runway\instagram\fake_runway_003.mp4,case4_mixed,instagram,runway,1,0.5199441,0.56695163,0.39440504,0.51772326,0.5189119,0.8720208,0.7981868,0.9995345,0.80247813,0.99966395,0.9776499,0.9997316,0.9936733,0.9649544,0.9939672,0.99849594,0.99995494,0.9990471,0.9861113,0.99997747,0.99896777,0.9999043,0.9975799,0.7456705,0.99791294,0.9797065,0.9247557,0.97813547,0.97917557,0.973519
C:\Users\leejy\Desktop\test_experiment\dataset\test\case4_mixed\fake\runway\instagram\fake_runway_004.mp4,case4_mixed,instagram,runway,1,0.6388071,0.55158883,0.48015875,0.57139295,0.48858842,0.72076154,0.8458788,0.9911612,0.90344334,0.9996947,0.9872528,0.9992519,0.96411926,0.99596137,0.9916842,0.9994418,0.9999691,0.9994241,0.98046875,0.9999956,0.9988643,0.99987364,0.99890983,0.70227486,0.99916387,0.9875923,0.9693242,0.9898303,0.9868281,0.97513086
C:\Users\leejy\Desktop\test_experiment\dataset\test\case4_mixed\fake\runway\instagram\fake_runway_005.mp4,case4_mixed,instagram,runway,1,0.4593793,0.52908087,0.48698717,0.41084492,0.4993591,0.8923282,0.8195325,0.99128854,0.89665926,0.9997508,0.99696034,0.9999616,0.9967333,0.9967333,0.99683964,0.9993228,0.99993896,0.9996686,0.9879695,0.9999813,0.99956006,0.99995553,0.9987356,0.7073542,0.99920684,0.98953116,0.99279517,0.9946878,0.9857043,0.9894192
C:\Users\leejy\Desktop\test_experiment\dataset\test\case4_mixed\fake\runway\instagram\fake_runway_006.mp4,case4_mixed,instagram,runway,1,0.52587867,0.6355901,0.4847993,0.45397285,0.4667848,0.69489825,0.7913176,0.9407353,0.8146434,0.97339284,0.9175984,0.99744415,0.9677472,0.90665317,0.967132,0.9992175,0.9999299,0.99980587,0.98866826,0.99999464,0.9993411,0.99989927,0.99758446,0.6573185,0.9984542,0.9333094,0.9567152,0.98617804,0.9811488,0.9721515
C:\Users\leejy\Desktop\test_experiment\dataset\test\case4_mixed\fake\runway\instagram\fake_runway_007.mp4,case4_mixed,instagram,runway,1,0.4979992,0.53540206,0.51690024,0.4459838,0.5358727,0.87321484,0.91546947,0.99895966,0.9283439,0.9998085,0.9837382,0.99994934,0.9910059,0.9960776,0.9994715,0.9989818,0.99996424,0.9994286,0.9832628,0.9999951,0.99849594,0.9998623,0.9978258,0.6168493,0.9985306,0.89533985,0.9403531,0.9864026,0.971537,0.95751673
C:\Users\leejy\Desktop\test_experiment\dataset\test\case4_mixed\fake\runway\instagram\fake_runway_008.mp4,case4_mixed,instagram,runway,1,0.5222631,0.61961514,0.44283223,0.4143063,0.46754447,0.84556025,0.87125593,0.9899476,0.7977932,0.9993881,0.99677116,0.999905,0.99504673,0.98475236,0.9892545,0.9968149,0.99990165,0.9992792,0.9563089,0.999964,0.99887747,0.99957854,0.9939731,0.69029164,0.9963924,0.9930962,0.9873018,0.9915216,0.9863237,0.99219924
C:\Users\leejy\Desktop\test_experiment\dataset\test\case4_mixed\fake\runway\instagram\fake_runway_009.mp4,case4_mixed,instagram,runway,1,0.41383246,0.58180064,0.41498777,0.5178223,0.45543322,0.8232929,0.8715296,0.9953635,0.84084797,0.9999677,0.99551857,0.9999589,0.99794525,0.9939261,0.99879336,0.99735296,0.999908,0.9992944,0.97032446,0.9999832,0.9979292,0.99984026,0.9976495,0.67783403,0.9987331,0.975249,0.97682446,0.97852874,0.9772191,0.9848984
C:\Users\leejy\Desktop\test_experiment\dataset\test\case4_mixed\fake\runway\instagram\fake_runway_010.mp4,case4_mixed,instagram,runway,1,0.60853595,0.7201223,0.5823426,0.47005236,0.5542895,0.7499581,0.8360867,0.98427594,0.8000679,0.99977654,0.95239735,0.9987005,0.9790157,0.9922144,0.98943967,0.99675864,0.9998029,0.99852777,0.9836442,0.99995184,0.9936487,0.9987031,0.99494946,0.65555656,0.99694854,0.99656373,0.9983059,0.9956262,0.9966691,0.9951984
C:\Users\leejy\Desktop\test_experiment\dataset\test\case4_mixed\fake\runway\instagram\fake_runway_011.mp4,case4_mixed,instagram,runway,1,0.5145985,0.55071306,0.5380428,0.47753134,0.5323036,0.87705624,0.86815757,0.9972904,0.8219749,0.9995908,0.9936241,0.99987996,0.99371004,0.9940659,0.9963642,0.99803144,0.9996679,0.998784,0.98199654,0.9999622,0.99843305,0.9997358,0.99736834,0.6687586,0.9982109,0.9838161,0.98279023,0.9871788,0.98663634,0.9891816
C:\Users\leejy\Desktop\test_experiment\dataset\test\case4_mixed\fake\runway\instagram\fake_runway_012.mp4,case4_mixed,instagram,runway,1,0.47202554,0.6584175,0.50863564,0.5047911,0.5003662,0.71671456,0.9258693,0.99095356,0.82942295,0.9971661,0.9828068,0.998743,0.9943251,0.98228765,0.97458035,0.99937975,0.9999528,0.9996309,0.9790958,0.9999976,0.99915576,0.99984825,0.99800056,0.6749349,0.999213,0.99273914,0.9798997,0.992837,0.99248135,0.97396845
C:\Users\leejy\Desktop\test_experiment\dataset\test\case4_mixed\fake\runway\instagram\fake_runway_013.mp4,case4_mixed,instagram,runway,1,0.5274382,0.57605755,0.5795194,0.55853766,0.5917527,0.749179,0.82667685,0.98475236,0.81497496,0.99225944,0.75328517,0.9898303,0.98765194,0.7719295,0.9510514,0.99504673,0.9992206,0.9987503,0.95869267,0.9999764,0.99603915,0.9987551,0.99591404,0.6711709,0.9970708,0.9792154,0.98283976,0.98199654,0.98657167,0.9509148
C:\Users\leejy\Desktop\test_experiment\dataset\test\case4_mixed\fake\runway\instagram\fake_runway_014.mp4,case4_mixed,instagram,runway,1,0.5550885,0.65113306,0.5085441,0.40214264,0.3958638,0.82417905,0.7191618,0.95751673,0.8274799,0.9957188,0.93127525,0.9977083,0.8924688,0.9712929,0.932176,0.9969663,0.99970514,0.9974516,0.9685006,0.9999453,0.99494946,0.9993525,0.99457306,0.6349678,0.9905874,0.9931629,0.9847378,0.9947901,0.9938309,0.9905691
C:\Users\leejy\Desktop\test_experiment\dataset\test\case4_mixed\fake\runway\instagram\fake_runway_015.mp4,case4_mixed,instagram,runway,1,0.40809983,0.58026284,0.51740706,0.5414998,0.5674273,0.76829886,0.53114855,0.9912039,0.8074986,0.9987625,0.7657686,0.9793935,0.91425246,0.7836368,0.47511822,0.971564,0.9180404,0.97151,0.7113306,0.9986356,0.92683524,0.96612406,0.86025184,0.54193914,0.93784,0.97991896,0.9334308,0.9868787,0.9814889,0.9753431
C:\Users\leejy\Desktop\test_experiment\dataset\test\case4_mixed\fake\runway\instagram\fake_runway_016.mp4,case4_mixed,instagram,runway,1,0.5124486,0.47587174,0.4704401,0.46882105,0.4800559,0.7076383,0.84110916,0.9446415,0.65387326,0.9403531,0.56418854,0.45187068,0.69323933,0.8446014,0.62592417,0.9832306,0.9960776,0.9769568,0.757346,0.99931085,0.8856809,0.9267028,0.89991575,0.55403316,0.8625833,0.93963695,0.88268095,0.9644556,0.9008356,0.9463493
C:\Users\leejy\Desktop\test_experiment\dataset\test\case4_mixed\fake\runway\instagram\fake_runway_017.mp4,case4_mixed,instagram,runway,1,0.5643461,0.55292445,0.46653417,0.41384724,0.55565375,0.8372211,0.94784164,0.9812928,0.8472424,0.9984692,0.9600627,0.99968183,0.9907946,0.97386926,0.9830526,0.87450653,0.9856215,0.96406865,0.7111802,0.98544043,0.79889375,0.86993575,0.8850863,0.51555896,0.85669243,0.8797679,0.7057343,0.93195957,0.8899121,0.9518632
C:\Users\leejy\Desktop\test_experiment\dataset\test\case4_mixed\fake\runway\instagram\fake_runway_018.mp4,case4_mixed,instagram,runway,1,0.49105167,0.5803892,0.44131932,0.53099847,0.5172051,0.8248149,0.9390248,0.98801583,0.7411123,0.99909246,0.87131065,0.99732697,0.9657222,0.952882,0.94825053,0.943504,0.98651993,0.98432124,0.82741016,0.9965503,0.9796092,0.9881765,0.9480103,0.56387335,0.95735765,0.86499614,0.7923839,0.9570375,0.95430803,0.9467446
C:\Users\leejy\Desktop\test_experiment\dataset\test\case4_mixed\fake\runway\instagram\fake_runway_019.mp4,case4_mixed,instagram,runway,1,0.458379,0.57643765,0.47094953,0.5570981,0.3989039,0.8392724,0.8666695,0.9843062,0.914939,0.9926967,0.38566384,0.9003109,0.87128335,0.94639885,0.50164795,0.91648406,0.9408984,0.9392481,0.6762726,0.9863105,0.93651766,0.9152046,0.8941904,0.5690895,0.94834626,0.9938309,0.9948303,0.9967524,0.9966234,0.9743861
C:\Users\leejy\Desktop\test_experiment\dataset\test\case4_mixed\fake\runway\instagram\fake_runway_020.mp4,case4_mixed,instagram,runway,1,0.5156961,0.573559,0.530571,0.5485375,0.5037841,0.6768603,0.7336427,0.8176837,0.41736054,0.59185594,0.74642795,0.8077641,0.86703575,0.9537082,0.6391168,0.92653674,0.9534921,0.8610715,0.73091453,0.9969066,0.883236,0.8548847,0.8452412,0.54639024,0.8917168,0.99268264,0.9887771,0.998103,0.99403125,0.98240626
C:\Users\leejy\Desktop\test_experiment\dataset\test\case4_mixed\fake\runway\instagram\fake_runway_021.mp4,case4_mixed,instagram,runway,1,0.4571973,0.5006714,0.43341184,0.45736393,0.33638552,0.7129822,0.70452875,0.7659437,0.39533845,0.9129032,0.26118955,0.56598383,0.7599387,0.35549513,0.6451758,0.8671483,0.9721515,0.93077356,0.61204886,0.997917,0.8238959,0.8143852,0.66569585,0.5013428,0.5698826,0.9796871,0.97482115,0.9911527,0.98398626,0.984063
C:\Users\leejy\Desktop\test_experiment\dataset\test\case4_mixed\fake\runway\instagram\fake_runway_022.mp4,case4_mixed,instagram,runway,1,0.49628073,0.49102882,0.45603123,0.4940036,0.3681501,0.66896135,0.6837627,0.8883478,0.46059215,0.8069287,0.3121079,0.6762993,0.82983696,0.40689144,0.5826098,0.6838419,0.8057851,0.86731696,0.50872713,0.95292586,0.84325075,0.7003058,0.7776799,0.54256034,0.69528633,0.97433734,0.979354,0.98623115,0.993346,0.9869292
C:\Users\leejy\Desktop\test_experiment\dataset\test\case4_mixed\fake\runway\instagram\fake_runway_023.mp4,case4_mixed,instagram,runway,1,0.45073712,0.62872803,0.4879174,0.5349921,0.44203427,0.7300253,0.8233284,0.9669453,0.7520581,0.99083006,0.3272214,0.80976534,0.7791538,0.88592786,0.7707022,0.9718859,0.99170023,0.9876401,0.8113773,0.99495924,0.9214283,0.8911497,0.9137535,0.5666481,0.86275685,0.9871788,0.9747491,0.9966949,0.99459416,0.98370695
C:\Users\leejy\Desktop\test_experiment\dataset\test\case4_mixed\fake\runway\instagram\fake_runway_024.mp4,case4_mixed,instagram,runway,1,0.5562941,0.5368593,0.5709444,0.49838638,0.5151321,0.9081302,0.8868621,0.99603146,0.89858866,0.99963665,0.9904959,0.9956006,0.98555213,0.9726495,0.9606575,0.9925827,0.99953806,0.99608517,0.97543687,0.9994418,0.99209267,0.9975274,0.9806919,0.60658586,0.9735945,0.9551521,0.9831013,0.99529076,0.9957188,0.9598375
C:\Users\leejy\Desktop\test_experiment\dataset\test\case4_mixed\fake\runway\instagram\fake_runway_025.mp4,case4_mixed,instagram,runway,1,0.5350149,0.5555181,0.50592774,0.550698,0.42907053,0.8390098,0.91034627,0.9848984,0.7522401,0.964355,0.7224536,0.42324942,0.87784374,0.88856554,0.5158352,0.9688562,0.9936241,0.98066413,0.896614,0.9984692,0.9820655,0.9834705,0.937783,0.6565619,0.92296976,0.9664738,0.96580297,0.98557997,0.98803884,0.97262347
C:\Users\leejy\Desktop\test_experiment\dataset\test\case4_mixed\fake\runway\instagram\fake_runway_026.mp4,case4_mixed,instagram,runway,1,0.6494675,0.69118476,0.43890542,0.4864535,0.47645786,0.876423,0.88597727,0.99675864,0.86194545,0.99839276,0.8796129,0.8250265,0.98292196,0.9852572,0.95430803,0.84019345,0.9380106,0.97229654,0.71849567,0.99128014,0.8096525,0.84408796,0.6937583,0.6889656,0.7296161,0.9647889,0.9597998,0.9798805,0.9875683,0.9590777
C:\Users\leejy\Desktop\test_experiment\dataset\test\case4_mixed\fake\runway\instagram\fake_runway_027.mp4,case4_mixed,instagram,runway,1,0.6288919,0.63207704,0.4915646,0.49539196,0.40812933,0.76016134,0.9113377,0.9935806,0.81699115,0.9841851,0.6826266,0.8921404,0.96411926,0.9802997,0.8528742,0.71515054,0.8940055,0.9635062,0.6464092,0.98680264,0.8183742,0.7745834,0.7479843,0.6220002,0.74186105,0.9411694,0.8906752,0.9402983,0.945248,0.93379396
C:\Users\leejy\Desktop\test_experiment\dataset\test\case4_mixed\fake\runway\instagram\fake_runway_028.mp4,case4_mixed,instagram,runway,1,0.6123676,0.64567864,0.5273165,0.49096778,0.5381945,0.7397516,0.707632,0.9806919,0.86838096,0.9639839,0.92879725,0.96458924,0.9820826,0.9748452,0.79795074,0.8275496,0.90303797,0.9040169,0.7011762,0.9518632,0.8891444,0.6238353,0.62224054,0.59232396,0.6294401,0.9948303,0.98283976,0.99653685,0.995008,0.9932681
C:\Users\leejy\Desktop\test_experiment\dataset\test\case4_mixed\fake\runway\instagram\fake_runway_029.mp4,case4_mixed,instagram,runway,1,0.47188485,0.55864304,0.5534449,0.5149339,0.49407607,0.82741016,0.8080293,0.9217107,0.74307483,0.92703366,0.75927,0.98557997,0.9369228,0.80201334,0.88252914,0.8592509,0.85536855,0.90882045,0.5571527,0.9566747,0.9554855,0.85102665,0.79889375,0.58367807,0.7423751,0.98018634,0.83107454,0.9905874,0.9790558,0.9502727
C:\Users\leejy\Desktop\test_experiment\dataset\test\case4_mixed\fake\svd\instagram\fake_svd_002.mp4,case4_mixed,instagram,svd,1,0.56040305,0.54694235,0.48977423,0.4977951,0.5022049,0.7911361,0.8089743,0.9982827,0.9107044,0.9993135,0.99031025,0.99861145,0.99258983,0.8755211,0.9885472,0.9983418,0.9998981,0.9983125,0.9450455,0.9999734,0.99907815,0.99990535,0.9974738,0.7424779,0.99947053,0.9980083,0.99916553,0.99960643,0.9984452,0.99173236
C:\Users\leejy\Desktop\test_experiment\dataset\test\case4_mixed\fake\svd\instagram\fake_svd_007.mp4,case4_mixed,instagram,svd,1,0.5474641,0.56828105,0.46862343,0.5037002,0.49041104,0.6252022,0.60147655,0.19559407,0.5664683,0.082623295,0.8996516,0.9811669,0.7004852,0.7920624,0.26927757,0.008140463,0.002872748,0.015998371,0.20890425,0.008124709,0.014420068,0.0061929906,0.045948204,0.339458,0.052086018,0.10781264,0.097734325,0.17938676,0.20096903,0.063134894
C:\Users\leejy\Desktop\test_experiment\dataset\test\case4_mixed\fake\svd\instagram\fake_svd_008.mp4,case4_mixed,instagram,svd,1,0.5399613,0.52127504,0.47530466,0.39542598,0.50839156,0.7152251,0.6802218,0.99153805,0.6675812,0.7417676,0.9774355,0.9999975,0.9906871,0.96312666,0.9208609,0.8683252,0.9718593,0.9644556,0.47962555,0.98020524,0.9383503,0.94839406,0.86042774,0.46994597,0.8369214,0.9124362,0.8959331,0.95159405,0.82810634,0.89796406
C:\Users\leejy\Desktop\test_experiment\dataset\test\case4_mixed\fake\svd\instagram\fake_svd_009.mp4,case4_mixed,instagram,svd,1,0.46727097,0.6410573,0.523054,0.3952217,0.5825133,0.5555558,0.66706294,0.6710396,0.42996782,0.97259754,0.8053261,0.99346113,0.8054027,0.87212974,0.72193927,0.8928432,0.9887988,0.8810532,0.8645393,0.99474937,0.945248,0.957715,0.8981429,0.32990423,0.97009856,0.8490974,0.8275496,0.7149516,0.8358188,0.8901988
C:\Users\leejy\Desktop\test_experiment\dataset\test\case4_mixed\fake\svd\instagram\fake_svd_023.mp4,case4_mixed,instagram,svd,1,0.3944342,0.49456808,0.48531005,0.4635505,0.54782695,0.6894102,0.6327155,0.9936702,0.8018728,0.99971646,0.99900347,0.99999785,0.9969246,0.9856353,0.9974788,0.9253649,0.81779283,0.81170404,0.56317526,0.993255,0.95755655,0.98555213,0.977132,0.4423354,0.8981429,0.78082967,0.35944846,0.867092,0.93177354,0.7883796
C:\Users\leejy\Desktop\test_experiment\dataset\test\case4_mixed\fake\svd\instagram\fake_svd_024.mp4,case4_mixed,instagram,svd,1,0.4755825,0.4929814,0.45401824,0.5561284,0.4160476,0.7621587,0.7238727,0.9910493,0.794365,0.9998807,0.9993345,0.9999746,0.9934738,0.9945095,0.9894499,0.9610615,0.98571813,0.9202717,0.674801,0.9948902,0.9936733,0.9980276,0.9763105,0.61705124,0.97957015,0.9396923,0.85636246,0.9489646,0.97093683,0.7658561
C:\Users\leejy\Desktop\test_experiment\dataset\test\case4_mixed\fake\svd\instagram\fake_svd_027.mp4,case4_mixed,instagram,svd,1,0.5560078,0.60865223,0.47018158,0.47867352,0.4736496,0.7338395,0.8852848,0.9979493,0.864475,0.9999877,0.99854493,0.9999114,0.9920466,0.96580297,0.99227446,0.85299677,0.9898303,0.9460759,0.6919399,0.99580115,0.97879386,0.99712163,0.99054176,0.63640964,0.9812749,0.66500276,0.57110894,0.53157413,0.62643844,0.47989976
C:\Users\leejy\Desktop\test_experiment\dataset\test\case4_mixed\fake\svd\instagram\fake_svd_029.mp4,case4_mixed,instagram,svd,1,0.47679278,0.5739321,0.4470529,0.43861985,0.44926426,0.7102768,0.89715594,0.99210805,0.70316744,0.9994286,0.9668514,0.99727446,0.87987113,0.92262185,0.872293,0.7515114,0.88842046,0.5606135,0.6689884,0.8231153,0.70176417,0.6998189,0.7100758,0.45953846,0.44173324,0.5191557,0.46929222,0.20817894,0.60948056,0.61660403
C:\Users\leejy\Desktop\test_experiment\dataset\test\case4_mixed\fake\svd\instagram\fake_svd_036.mp4,case4_mixed,instagram,svd,1,0.5287311,0.5548474,0.48919848,0.48813468,0.5058286,0.73885757,0.79129744,0.9973477,0.82794124,0.9986929,0.97887486,0.9999374,0.9790558,0.9381523,0.9656736,0.10212547,0.10343124,0.27006492,0.42246744,0.55567634,0.2912832,0.052814025,0.24157885,0.50366205,0.22365248,0.30048895,0.16151851,0.48424673,0.36122105,0.18520921
C:\Users\leejy\Desktop\test_experiment\dataset\test\case4_mixed\fake\svd\instagram\fake_svd_041.mp4,case4_mixed,instagram,svd,1,0.53111815,0.47796533,0.4182365,0.4731532,0.45877302,0.7738579,0.83960253,0.99659365,0.7997748,0.996682,0.9817007,0.99988043,0.88769233,0.9509604,0.9384633,0.8130158,0.9637117,0.8996516,0.4621089,0.98293835,0.8133867,0.93367314,0.84504944,0.45035937,0.7795317,0.950411,0.89256257,0.9921537,0.92719865,0.9418684
C:\Users\leejy\Desktop\test_experiment\dataset\test\case4_mixed\fake\svd\instagram\fake_svd_051.mp4,case4_mixed,instagram,svd,1,0.46395272,0.5268677,0.53661644,0.60344994,0.3963602,0.72469985,0.87173444,0.9971495,0.81571007,0.99983966,0.9931629,0.99986756,0.96614,0.95388025,0.97925514,0.9960622,0.99704784,0.98481095,0.91022664,0.9992592,0.99693656,0.9985104,0.99368566,0.61472654,0.99368566,0.988514,0.983597,0.99261135,0.9928509,0.9870171
C:\Users\leejy\Desktop\test_experiment\dataset\test\case4_mixed\fake\svd\instagram\fake_svd_056.mp4,case4_mixed,instagram,svd,1,0.46763188,0.5176166,0.4039783,0.41793948,0.49449944,0.57436496,0.66166335,0.9566747,0.5028076,0.98878795,0.98154205,0.9991623,0.9547741,0.5615079,0.8118998,0.9427181,0.9979849,0.9863171,0.60560954,0.99857855,0.9882449,0.99820733,0.9787127,0.5652388,0.9759923,0.7040075,0.62148345,0.774626,0.89506495,0.7538293
C:\Users\leejy\Desktop\test_experiment\dataset\test\case4_mixed\fake\svd\instagram\fake_svd_057.mp4,case4_mixed,instagram,svd,1,0.5633329,0.54102427,0.54965574,0.5377128,0.48736838,0.7376309,0.6284644,0.9869795,0.84305704,0.9981324,0.9976265,0.99992657,0.99202347,0.98244,0.9923786,0.98383164,0.9923044,0.9691057,0.90821165,0.9986749,0.986904,0.9882449,0.9849274,0.60654944,0.97134733,0.99349916,0.9628831,0.98220253,0.99444515,0.9945095
C:\Users\leejy\Desktop\test_experiment\dataset\test\case4_mixed\fake\svd\instagram\fake_svd_058.mp4,case4_mixed,instagram,svd,1,0.4408905,0.54604226,0.486484,0.5100084,0.49526992,0.79310596,0.7336547,0.9982039,0.86873627,0.999866,0.9996295,0.9999858,0.9930153,0.9944343,0.9971607,0.9430336,0.9540518,0.9511876,0.8248149,0.9887771,0.9951703,0.9916033,0.95292586,0.5727153,0.9478657,0.91413754,0.90623903,0.84006226,0.9146726,0.91030645
C:\Users\leejy\Desktop\test_experiment\dataset\test\case4_mixed\fake\svd\instagram\fake_svd_060.mp4,case4_mixed,instagram,svd,1,0.5546212,0.57290196,0.48332834,0.55118114,0.40512508,0.66530186,0.53110296,0.9955662,0.7221475,0.9990728,0.99219924,0.99850464,0.8326453,0.92379886,0.93266827,0.9240733,0.9798997,0.8423532,0.78128886,0.9827572,0.9410612,0.9668514,0.93593454,0.48380083,0.7403621,0.98913974,0.9642206,0.94791394,0.95857656,0.9611345
C:\Users\leejy\Desktop\test_experiment\dataset\test\case4_mixed\fake\svd\instagram\fake_svd_063.mp4,case4_mixed,instagram,svd,1,0.49110508,0.60673153,0.48497462,0.5248285,0.40757653,0.7601058,0.52571887,0.7157221,0.7316821,0.60533255,0.9869669,0.950411,0.8617128,0.83907574,0.9510514,0.9291838,0.9613528,0.9405445,0.79198194,0.9883465,0.7757747,0.87514824,0.86298794,0.5147662,0.7669488,0.7954198,0.73890465,0.8811555,0.9014011,0.72193927
C:\Users\leejy\Desktop\test_experiment\dataset\test\case4_mixed\fake\svd\instagram\fake_svd_071.mp4,case4_mixed,instagram,svd,1,0.59995395,0.4964524,0.57508105,0.40755445,0.6081942,0.77381516,0.82678175,0.99674594,0.75904685,0.999539,0.9709919,0.9999012,0.9887771,0.98825616,0.9981178,0.91413754,0.9848984,0.9784259,0.73105854,0.99190676,0.9759694,0.9924666,0.91928095,0.59372705,0.96768624,0.96958447,0.8740772,0.77029204,0.83914167,0.94458723
C:\Users\leejy\Desktop\test_experiment\dataset\test\case4_mixed\fake\svd\instagram\fake_svd_072.mp4,case4_mixed,instagram,svd,1,0.492293,0.5643386,0.49436212,0.46991935,0.5252014,0.6837627,0.75482464,0.9969426,0.65610766,0.99210805,0.9432431,0.999652,0.9678385,0.82189554,0.9518632,0.52597755,0.9462501,0.6937324,0.37015423,0.94924754,0.77321637,0.8255897,0.818011,0.5248818,0.6574559,0.8587778,0.8590145,0.9409528,0.974701,0.6033477
C:\Users\leejy\Desktop\test_experiment\dataset\test\case4_mixed\fake\svd\instagram\fake_svd_088.mp4,case4_mixed,instagram,svd,1,0.4268143,0.583322,0.45892456,0.47773692,0.55419904,0.7220863,0.79048985,0.9563089,0.8029868,0.9957104,0.9850429,0.99933714,0.83771956,0.7103772,0.95362175,0.2887195,0.16465074,0.06167788,0.18253478,0.28007457,0.45962182,0.23152734,0.2671691,0.4008373,0.4377033,0.4593793,0.5861231,0.25128007,0.20067514,0.38543248
C:\Users\leejy\Desktop\test_experiment\dataset\test\case4_mixed\fake\svd\instagram\fake_svd_108.mp4,case4_mixed,instagram,svd,1,0.43007255,0.46198753,0.47741333,0.4824082,0.53371644,0.65408903,0.8060142,0.9950755,0.80240077,0.99985707,0.9967333,0.99910825,0.9343353,0.967101,0.9956559,0.9160345,0.9715909,0.8472108,0.6220576,0.9967649,0.96378,0.98947024,0.9823386,0.5675172,0.91255313,0.68378913,0.1869842,0.15974101,0.64154524,0.580352
C:\Users\leejy\Desktop\test_experiment\dataset\test\case4_mixed\fake\svd\instagram\fake_svd_109.mp4,case4_mixed,instagram,svd,1,0.5075983,0.56644386,0.47528183,0.4914197,0.5293622,0.687571,0.7922533,0.97869223,0.86790586,0.99502736,0.8969304,0.9997608,0.67791396,0.92607003,0.9508008,0.47458553,0.51290226,0.29808256,0.54607254,0.6685422,0.76339555,0.6728693,0.7372528,0.5800547,0.50216675,0.67399687,0.6827324,0.63133866,0.5359486,0.8622937
C:\Users\leejy\Desktop\test_experiment\dataset\test\case4_mixed\fake\svd\instagram\fake_svd_115.mp4,case4_mixed,instagram,svd,1,0.56172574,0.5932264,0.5138514,0.55807114,0.47915334,0.64450485,0.8336634,0.99184376,0.76162714,0.9993563,0.9976172,0.99972254,0.9966234,0.9693822,0.82177836,0.974893,0.9938548,0.9748332,0.7985405,0.9979372,0.99554896,0.99351174,0.94791394,0.5893767,0.9480103,0.86965925,0.26654816,0.66486675,0.9147107,0.70176417
C:\Users\leejy\Desktop\test_experiment\dataset\test\case4_mixed\fake\svd\instagram\fake_svd_130.mp4,case4_mixed,instagram,svd,1,0.55956084,0.53383034,0.47833464,0.47824326,0.4662076,0.592195,0.6383,0.996183,0.67869973,0.99700147,0.99193794,0.9999691,0.8931697,0.926769,0.99317604,0.9718593,0.9873262,0.96171397,0.86865973,0.9941233,0.98651993,0.96814114,0.9759923,0.6178586,0.9783226,0.990329,0.97782,0.9960083,0.9913726,0.99165195
C:\Users\leejy\Desktop\test_experiment\dataset\test\case4_mixed\fake\svd\instagram\fake_svd_140.mp4,case4_mixed,instagram,svd,1,0.5302593,0.50448406,0.506866,0.47152552,0.5462919,0.7588682,0.9503189,0.9348725,0.9129808,0.9840477,0.99740905,0.99998796,0.9956727,0.9913809,0.9974039,0.99083894,0.99656373,0.98799264,0.82161736,0.99958676,0.9933717,0.9971827,0.98080254,0.5723045,0.9878528,0.9677472,0.9235233,0.96329963,0.9678385,0.9597998
C:\Users\leejy\Desktop\test_experiment\dataset\test\case4_mixed\fake\svd\instagram\fake_svd_144.mp4,case4_mixed,instagram,svd,1,0.47689942,0.6236921,0.49465963,0.55766463,0.49160847,0.8104414,0.67319167,0.99106663,0.63920134,0.9990245,0.99804294,0.9944343,0.9689885,0.9909622,0.9549844,0.9862179,0.9943581,0.9670699,0.7176307,0.99879813,0.97966766,0.973519,0.9704367,0.54269665,0.9222025,0.8481565,0.8379518,0.8993868,0.9500878,0.93403506
C:\Users\leejy\Desktop\test_experiment\dataset\test\case4_mixed\fake\svd\instagram\fake_svd_152.mp4,case4_mixed,instagram,svd,1,0.5005264,0.54719186,0.52116656,0.51391244,0.47453988,0.71943295,0.6526843,0.99460983,0.8149013,0.9997658,0.9994715,0.9999964,0.99595356,0.9941801,0.9980882,0.74747777,0.36223567,0.70911986,0.55063,0.81249565,0.84803075,0.4305364,0.61458194,0.515315,0.51360744,0.9571178,0.96929514,0.9822196,0.9867005,0.97966766
C:\Users\leejy\Desktop\test_experiment\dataset\test\case4_mixed\fake\svd\instagram\fake_svd_154.mp4,case4_mixed,instagram,svd,1,0.45507753,0.544983,0.5092305,0.51553226,0.49397308,0.78199726,0.7130322,0.99705935,0.79226345,0.9998362,0.9990508,0.999962,0.9838005,0.99565166,0.9978594,0.9834863,0.99738365,0.9812928,0.7895584,0.99821436,0.98102194,0.99550545,0.9756001,0.6535693,0.9729338,0.9546474,0.8843892,0.95540243,0.97093683,0.9310248
C:\Users\leejy\Desktop\test_experiment\dataset\test\case4_mixed\fake\svd\instagram\fake_svd_157.mp4,case4_mixed,instagram,svd,1,0.5122828,0.54443055,0.4961091,0.4449265,0.47944275,0.6426568,0.66856927,0.94994867,0.6864488,0.8715603,0.6919659,0.9811669,0.90448195,0.885582,0.9278551,0.93077356,0.9532315,0.92721516,0.84777886,0.9923044,0.877739,0.79198194,0.85995805,0.60571164,0.822617,0.8584518,0.84530497,0.9158842,0.90393215,0.84389514
C:\Users\leejy\Desktop\test_experiment\dataset\test\case4_mixed\fake\svd\instagram\fake_svd_163.mp4,case4_mixed,instagram,svd,1,0.47883347,0.60181296,0.5303619,0.544317,0.5673149,0.6563279,0.92563426,0.7593147,0.4797474,0.9516727,0.9888204,0.99899954,0.9909972,0.8807458,0.9875444,0.5776936,0.924347,0.78212214,0.2962469,0.94168097,0.8152325,0.73815036,0.66847456,0.31137452,0.7218658,0.416856,0.7511465,0.6509389,0.5549529,0.42377096
C:\Users\leejy\Desktop\test_experiment\dataset\test\case4_mixed\fake\svd\instagram\fake_svd_164.mp4,case4_mixed,instagram,svd,1,0.5407723,0.5564975,0.49369845,0.4681523,0.42498612,0.7702489,0.89185816,0.9948902,0.8100097,0.99990046,0.5621465,0.9995092,0.47871163,0.94905907,0.7094879,0.90878,0.8989441,0.96432143,0.7036004,0.99293363,0.9545628,0.88368845,0.9378969,0.5646987,0.79865825,0.9346938,0.7896395,0.7806625,0.86528105,0.87578696
C:\Users\leejy\Desktop\test_experiment\dataset\test\case4_mixed\real\kakao_normal\00001.mp4,case4_mixed,kakao_normal,real,0,0.5543046,0.51395816,0.50296783,0.4944727,0.5669179,0.7756884,0.84006226,0.99718815,0.8355842,0.97249323,0.86112994,0.8938666,0.8736062,0.7292608,0.9375548,0.81316423,0.9191359,0.82439125,0.58195657,0.9807842,0.8890481,0.80685264,0.79270506,0.6568234,0.8920464,0.9302684,0.96631527,0.9887554,0.910426,0.8715842
C:\Users\leejy\Desktop\test_experiment\dataset\test\case4_mixed\real\kakao_normal\00006.mp4,case4_mixed,kakao_normal,real,0,0.5460044,0.57511085,0.4439168,0.4958726,0.48002926,0.6425867,0.5803446,0.32761455,0.602354,0.017484374,0.9649213,0.19829695,0.77274513,0.6517567,0.3760501,0.98607117,0.98672616,0.97719735,0.9240733,0.9974039,0.99650973,0.9983386,0.9935369,0.63990486,0.9951703,0.974701,0.96405166,0.9873262,0.98376936,0.9246537
C:\Users\leejy\Desktop\test_experiment\dataset\test\case4_mixed\real\kakao_normal\00007.mp4,case4_mixed,kakao_normal,real,0,0.5259509,0.5100542,0.47122324,0.40783447,0.47286984,0.65110534,0.82761925,0.996557,0.68660647,0.7413114,0.957794,0.99986017,0.9518184,0.7735587,0.75480205,0.9664738,0.9930559,0.9857867,0.5835594,0.9920466,0.99097973,0.9766915,0.9335521,0.5152541,0.92366123,0.8961151,0.9497627,0.9628831,0.9492005,0.8677098
C:\Users\leejy\Desktop\test_experiment\dataset\test\case4_mixed\real\kakao_normal\00008.mp4,case4_mixed,kakao_normal,real,0,0.45407873,0.6318499,0.5084697,0.4141286,0.61159223,0.45308036,0.6977827,0.6979178,0.39834794,0.84110916,0.5261431,0.74460995,0.749179,0.71330684,0.4424257,0.93569994,0.9941004,0.9201104,0.88161486,0.99533635,0.9878528,0.9935993,0.9520419,0.42018318,0.98607117,0.5058896,0.45394257,0.4677572,0.5386192,0.48965603
C:\Users\leejy\Desktop\test_experiment\dataset\test\case4_mixed\real\kakao_normal\00022.mp4,case4_mixed,kakao_normal,real,0,0.39545515,0.5567009,0.4919326,0.5009155,0.54123455,0.6357314,0.51208264,0.99568945,0.7081747,0.9944126,0.97510713,0.54516464,0.89533985,0.5193233,0.9094255,0.9718859,0.96853036,0.8744328,0.65698844,0.99826247,0.9901592,0.9957684,0.9815244,0.48657548,0.9628482,0.71849567,0.13089524,0.81721,0.7933862,0.5560983
C:\Users\leejy\Desktop\test_experiment\dataset\test\case4_mixed\real\kakao_normal\00023.mp4,case4_mixed,kakao_normal,real,0,0.43038678,0.53475106,0.45492616,0.47680804,0.43257266,0.66006285,0.5956984,0.5554352,0.64074826,0.9706843,0.9223426,0.9554855,0.93784,0.7515114,0.84321856,0.98527133,0.99437994,0.9653485,0.8041369,0.99703634,0.9971495,0.999049,0.9873262,0.5590192,0.98279023,0.83237296,0.60553664,0.70866644,0.75712156,0.72870004
C:\Users\leejy\Desktop\test_experiment\dataset\test\case4_mixed\real\kakao_normal\00026.mp4,case4_mixed,kakao_normal,real,0,0.5325315,0.55665565,0.42656046,0.43049148,0.48059297,0.702243,0.83528215,0.9921766,0.76053953,0.9999181,0.9951041,0.998743,0.9737447,0.8890481,0.9701552,0.98087597,0.99931884,0.9922294,0.83914167,0.9996395,0.9868281,0.99533635,0.9877587,0.62440807,0.97792566,0.8955684,0.825941,0.6861467,0.8247444,0.6516182
C:\Users\leejy\Desktop\test_experiment\dataset\test\case4_mixed\real\kakao_normal\00028.mp4,case4_mixed,kakao_normal,real,0,0.41004735,0.5619023,0.5186224,0.4859046,0.49664313,0.58363354,0.6121068,0.83702135,0.5008545,0.967101,0.93505055,0.34496737,0.49353063,0.5605835,0.47055414,0.98873377,0.9992312,0.9907678,0.907189,0.99893504,0.98998636,0.99324185,0.9817007,0.5560078,0.96814114,0.7801604,0.73772544,0.32707694,0.40843162,0.78886795
C:\Users\leejy\Desktop\test_experiment\dataset\test\case4_mixed\real\kakao_normal\00035.mp4,case4_mixed,kakao_normal,real,0,0.5236221,0.5836484,0.47956842,0.5019683,0.49700928,0.7208106,0.75971603,0.92348886,0.77696157,0.7060511,0.9802997,0.9549004,0.9325147,0.5569268,0.9056566,0.9954261,0.99827254,0.99376476,0.8984105,0.99985933,0.9944988,0.99209267,0.9836912,0.64011574,0.9891816,0.8925157,0.84536886,0.9836912,0.97369474,0.91231906
C:\Users\leejy\Desktop\test_experiment\dataset\test\case4_mixed\real\kakao_normal\00040.mp4,case4_mixed,kakao_normal,real,0,0.53159505,0.47393113,0.45075977,0.43660235,0.5533469,0.72311395,0.83128005,0.99732697,0.7967079,0.99454135,0.6556634,0.9995995,0.8744798,0.4886189,0.77390057,0.74288833,0.89395916,0.7355288,0.35129023,0.92529744,0.7717575,0.79518133,0.7862948,0.3847243,0.7486216,0.79157954,0.63326854,0.91006696,0.682415,0.7334041
C:\Users\leejy\Desktop\test_experiment\dataset\test\case4_mixed\real\kakao_normal\00050.mp4,case4_mixed,kakao_normal,real,0,0.4899973,0.55758935,0.53444546,0.52185196,0.44469285,0.63414687,0.8214383,0.9598375,0.72083527,0.9535786,0.82587075,0.9882676,0.784381,0.8352149,0.7933062,0.98475236,0.99517965,0.9613709,0.8590145,0.9980392,0.99083894,0.9918121,0.9896918,0.59859085,0.9748691,0.8810532,0.87434566,0.8130901,0.95679593,0.906156
C:\Users\leejy\Desktop\test_experiment\dataset\test\case4_mixed\real\kakao_normal\00055.mp4,case4_mixed,kakao_normal,real,0,0.50448596,0.5034675,0.411569,0.43043536,0.50643885,0.57313347,0.72594017,0.9037624,0.49426296,0.96223205,0.9438154,0.99835473,0.91359943,0.5728945,0.694199,0.9155828,0.9987381,0.98467153,0.5552694,0.9991943,0.9867005,0.99549675,0.971779,0.48700246,0.93991333,0.46511415,0.38188204,0.65810597,0.77381516,0.42254934
C:\Users\leejy\Desktop\test_experiment\dataset\test\case4_mixed\real\kakao_normal\00056.mp4,case4_mixed,kakao_normal,real,0,0.55845493,0.55858284,0.52644545,0.48778012,0.48547772,0.58719987,0.38049996,0.68829817,0.65849984,0.18839864,0.34975478,0.23493281,0.6541218,0.4238306,0.5361156,0.95494246,0.95787287,0.8959331,0.77483904,0.9845011,0.97773504,0.9820826,0.9408984,0.534734,0.8092006,0.3422967,0.052814025,0.2784039,0.52993244,0.2631731
C:\Users\leejy\Desktop\test_experiment\dataset\test\case4_mixed\real\kakao_normal\00057.mp4,case4_mixed,kakao_normal,real,0,0.47328442,0.51979554,0.49511737,0.53209084,0.4422789,0.7326875,0.754282,0.98932695,0.86846465,0.99963737,0.992961,0.9992834,0.9819619,0.7897206,0.9500182,0.99837387,0.9994837,0.99559206,0.9060314,0.9999219,0.99985313,0.99994326,0.9986223,0.615969,0.99871063,0.9743861,0.9709644,0.978733,0.99108386,0.926769
C:\Users\leejy\Desktop\test_experiment\dataset\test\case4_mixed\real\kakao_normal\00059.mp4,case4_mixed,kakao_normal,real,0,0.51146114,0.5833814,0.51550937,0.49835202,0.53840685,0.6858311,0.637849,0.9436599,0.54939884,0.97285664,0.990892,0.99622726,0.8439272,0.92100316,0.8697146,0.90690076,0.96408546,0.8599654,0.7881351,0.9438154,0.96095175,0.99291986,0.9546897,0.4491057,0.8007699,0.58374107,0.1673547,0.28470027,0.20032293,0.36302567
C:\Users\leejy\Desktop\test_experiment\dataset\test\case4_mixed\real\kakao_normal\00062.mp4,case4_mixed,kakao_normal,real,0,0.45407116,0.5452555,0.46986994,0.52217174,0.4076355,0.71583384,0.5310916,0.5436584,0.7308185,0.19276719,0.82513225,0.026430637,0.5112286,0.51287556,0.6999727,0.9834387,0.98998636,0.9807103,0.9238675,0.99525404,0.9889064,0.9938309,0.99140584,0.62460846,0.9939143,0.9803562,0.9868153,0.9906961,0.99588215,0.97923523
C:\Users\leejy\Desktop\test_experiment\dataset\test\case4_mixed\real\kakao_normal\00070.mp4,case4_mixed,kakao_normal,real,0,0.5256808,0.5768697,0.49932864,0.49047965,0.47670147,0.78874594,0.480113,0.8965235,0.7967278,0.9686196,0.42073348,0.99952805,0.68360436,0.5654188,0.5929465,0.80486643,0.891339,0.9029097,0.6475545,0.9449439,0.937669,0.9576358,0.8242498,0.47676235,0.900267,0.7586,0.56618345,0.42773843,0.9107044,0.8882267
C:\Users\leejy\Desktop\test_experiment\dataset\test\case4_mixed\real\kakao_normal\00071.mp4,case4_mixed,kakao_normal,real,0,0.48007116,0.62983155,0.5036468,0.49612436,0.5163135,0.71273226,0.7116815,0.9964619,0.7033967,0.8609547,0.8448575,0.99619776,0.8809764,0.96369463,0.83775276,0.9866877,0.9978884,0.9847378,0.85518724,0.999708,0.99621993,0.99856466,0.99541724,0.6199028,0.9918121,0.983518,0.98722816,0.9875564,0.9919224,0.9563497
C:\Users\leejy\Desktop\test_experiment\dataset\test\case4_mixed\real\kakao_normal\00087.mp4,case4_mixed,kakao_normal,real,0,0.46029648,0.56574863,0.48345217,0.48175862,0.52749145,0.6043588,0.63119656,0.7461101,0.6423203,0.61068565,0.8895289,0.99304235,0.6934989,0.5194223,0.83274734,0.95068645,0.9352283,0.90567744,0.56661814,0.9784877,0.9392481,0.97550696,0.9091839,0.5284726,0.92653674,0.9896318,0.98866826,0.99178034,0.98522884,0.99394965
C:\Users\leejy\Desktop\test_experiment\dataset\test\case4_mixed\real\kakao_normal\00107.mp4,case4_mixed,kakao_normal,real,0,0.4516137,0.55071306,0.5002899,0.5222022,0.53993475,0.6611849,0.78894925,0.88696,0.8016788,0.9971439,0.9698426,0.9560224,0.8807202,0.81757444,0.9153939,0.90821165,0.9397477,0.722527,0.6173108,0.9638821,0.9790157,0.9920002,0.98319834,0.6200754,0.9433998,0.549837,0.124266125,0.29355636,0.53831583,0.60399026
C:\Users\leejy\Desktop\test_experiment\dataset\test\case4_mixed\real\kakao_normal\00108.mp4,case4_mixed,kakao_normal,real,0,0.5807533,0.55972624,0.46421838,0.4658469,0.5510604,0.6431332,0.78481936,0.9306161,0.7119819,0.3280987,0.63899016,0.9341553,0.57899874,0.35984206,0.6787829,0.7351666,0.8491599,0.5496406,0.4390858,0.8356512,0.93930376,0.93581736,0.90481883,0.57406646,0.79861903,0.93071055,0.9431908,0.92696756,0.8192074,0.9409528
C:\Users\leejy\Desktop\test_experiment\dataset\test\case4_mixed\real\kakao_normal\00114.mp4,case4_mixed,kakao_normal,real,0,0.53310883,0.5859899,0.5180395,0.5224306,0.49295855,0.6320983,0.70410925,0.96691406,0.72517145,0.9971439,0.9860174,0.1631119,0.982971,0.68533117,0.4923102,0.9418149,0.9550264,0.92936033,0.80609053,0.9845606,0.9471371,0.98715407,0.91884506,0.604574,0.86573577,0.62763745,0.08100938,0.4921576,0.85213745,0.523329
C:\Users\leejy\Desktop\test_experiment\dataset\test\case4_mixed\real\kakao_normal\00129.mp4,case4_mixed,kakao_normal,real,0,0.52724046,0.55701715,0.53839546,0.44561246,0.49874115,0.55217755,0.65577704,0.9948001,0.70138085,0.9964134,0.9875444,0.999826,0.9463741,0.9732915,0.9912548,0.95292586,0.99633574,0.9589433,0.6870529,0.9971384,0.988085,0.98971164,0.9650203,0.49029663,0.9627432,0.58136064,0.42763573,0.7660312,0.8123469,0.83148545
C:\Users\leejy\Desktop\test_experiment\dataset\test\case4_mixed\real\kakao_normal\00139.mp4,case4_mixed,kakao_normal,real,0,0.4608196,0.5289916,0.5095813,0.44100338,0.5567536,0.7867457,0.75105524,0.99444515,0.84389514,0.999134,0.982971,0.95473194,0.97121114,0.84318626,0.82976806,0.89372754,0.9447403,0.8985442,0.5523888,0.97726256,0.9769348,0.94018847,0.9097468,0.48913744,0.87065226,0.7488118,0.3938512,0.26307842,0.662469,0.8684367
C:\Users\leejy\Desktop\test_experiment\dataset\test\case4_mixed\real\kakao_normal\00143.mp4,case4_mixed,kakao_normal,real,0,0.4138176,0.6133813,0.5021057,0.4084242,0.48050913,0.54749054,0.51862615,0.94427973,0.60515755,0.9592689,0.5466928,0.010550081,0.7903609,0.18319145,0.51894236,0.9822196,0.9906419,0.9507321,0.8079915,0.9975799,0.9776072,0.9489646,0.96295285,0.5095318,0.90460837,0.64924514,0.8023621,0.8091629,0.8446654,0.90998703
C:\Users\leejy\Desktop\test_experiment\dataset\test\case4_mixed\real\kakao_normal\00151.mp4,case4_mixed,kakao_normal,real,0,0.4906837,0.5385965,0.4704629,0.4543057,0.45644006,0.625724,0.6741041,0.943634,0.80942667,0.93126935,0.99532723,0.99997294,0.9853984,0.98089427,0.98680264,0.8504065,0.5054014,0.8397504,0.4715386,0.6928498,0.9187358,0.73748916,0.81486446,0.44549182,0.65025216,0.6123386,0.66085666,0.6182908,0.7435406,0.6713628
C:\Users\leejy\Desktop\test_experiment\dataset\test\case4_mixed\real\kakao_normal\00153.mp4,case4_mixed,kakao_normal,real,0,0.4213807,0.518769,0.5175252,0.49382052,0.5252471,0.70755625,0.76736313,0.9113771,0.6769136,0.9920466,0.9992161,0.9994887,0.9728308,0.9784877,0.99813974,0.9970247,0.9993345,0.9961792,0.9131358,0.99988854,0.997399,0.99938214,0.9967206,0.69323933,0.9959299,0.9887771,0.9898107,0.9974191,0.9977569,0.9839708
C:\Users\leejy\Desktop\test_experiment\dataset\test\case4_mixed\real\kakao_normal\00156.mp4,case4_mixed,kakao_normal,real,0,0.4933323,0.573559,0.5049589,0.46590382,0.47159585,0.6885731,0.53041893,0.55355054,0.5702117,0.07739554,0.20505732,0.014227046,0.64010173,0.49734497,0.6419837,0.8892406,0.92064714,0.88088673,0.7583764,0.9700703,0.7629543,0.69269395,0.7584211,0.6072993,0.78703237,0.75864476,0.8104039,0.90540594,0.9120844,0.8916225
C:\Users\leejy\Desktop\test_experiment\dataset\test\case4_mixed\real\kakao_normal\00162.mp4,case4_mixed,kakao_normal,real,0,0.45589498,0.60020304,0.5187214,0.5115946,0.61878043,0.57838863,0.7911361,0.5827285,0.4555619,0.42178997,0.40167314,0.80933726,0.85675234,0.1523788,0.49273735,0.7142794,0.9201462,0.8295611,0.412471,0.9380106,0.8119744,0.5748722,0.6809316,0.27904198,0.6551154,0.8275496,0.9007919,0.95755655,0.6836703,0.9269346
C:\Users\leejy\Desktop\test_experiment\dataset\test\case4_mixed\real\kakao_normal\00163.mp4,case4_mixed,kakao_normal,real,0,0.4842124,0.5610945,0.5051039,0.465826,0.41409898,0.65755475,0.83155376,0.9397477,0.66426814,0.5192776,0.22609939,0.18068422,0.29818472,0.5061032,0.30089962,0.46022823,0.28017303,0.60474914,0.38138518,0.121320926,0.49116609,0.30685472,0.49345437,0.5167174,0.2351962,0.433202,0.16566059,0.09041373,0.25781178,0.1573957
C:\Users\leejy\Desktop\test_experiment\dataset\test\case4_mixed\fake\pika\kakao_normal\fake_pika_000.mp4,case4_mixed,kakao_normal,pika,1,0.44826022,0.4992218,0.49902347,0.5865746,0.5114726,0.6587469,0.83528215,0.9941233,0.85818464,0.9491535,0.986992,0.9502727,0.81193715,0.9881309,0.9820826,0.93312675,0.9234544,0.9285506,0.85216826,0.961678,0.79438496,0.8463874,0.8724018,0.5717367,0.8406518,0.943504,0.9593071,0.961171,0.92716575,0.95426536
C:\Users\leejy\Desktop\test_experiment\dataset\test\case4_mixed\fake\pika\kakao_normal\fake_pika_001.mp4,case4_mixed,kakao_normal,pika,1,0.52379334,0.54135394,0.42757598,0.5446349,0.4656001,0.614394,0.73848045,0.8443448,0.8471476,0.97284365,0.9669453,0.9257015,0.7678639,0.87310666,0.9405718,0.9677472,0.98192734,0.97511905,0.90894175,0.99400806,0.88769233,0.7992073,0.8984105,0.535645,0.87997437,0.9841546,0.9849128,0.9886901,0.9875444,0.9904406
C:\Users\leejy\Desktop\test_experiment\dataset\test\case4_mixed\fake\pika\kakao_normal\fake_pika_002.mp4,case4_mixed,kakao_normal,pika,1,0.51528454,0.54760015,0.43804887,0.5386022,0.5306014,0.71667737,0.692642,0.9868787,0.846308,0.997981,0.99279517,0.99957937,0.99021614,0.9812029,0.9851003,0.9925249,0.98971164,0.9803562,0.9443824,0.99860066,0.97068775,0.9591543,0.9769787,0.6660761,0.94266534,0.953665,0.9431384,0.9630572,0.97931457,0.9471371
C:\Users\leejy\Desktop\test_experiment\dataset\test\case4_mixed\fake\pika\kakao_normal\fake_pika_003.mp4,case4_mixed,kakao_normal,pika,1,0.54876417,0.59577185,0.50384516,0.4364419,0.47332248,0.7779332,0.9276915,0.99746895,0.8320832,0.99984765,0.9912209,0.99972945,0.9693242,0.98557997,0.9971551,0.989368,0.9933975,0.9924886,0.8928432,0.9987081,0.98045003,0.99649614,0.98586845,0.63990486,0.9852997,0.9930153,0.99749833,0.9951984,0.99356186,0.9933975
C:\Users\leejy\Desktop\test_experiment\dataset\test\case4_mixed\fake\pika\kakao_normal\fake_pika_004.mp4,case4_mixed,kakao_normal,pika,1,0.5427118,0.55207187,0.49287462,0.57624394,0.4945986,0.72130173,0.7302899,0.9656413,0.7895584,0.9986462,0.8255897,0.9876401,0.9659639,0.8741309,0.96415305,0.95426536,0.9632651,0.96528316,0.78654087,0.9933072,0.94261247,0.9818231,0.9554855,0.5613651,0.9518184,0.76180446,0.6472131,0.9351691,0.9186994,0.9092645
C:\Users\leejy\Desktop\test_experiment\dataset\test\case4_mixed\fake\pika\kakao_normal\fake_pika_005.mp4,case4_mixed,kakao_normal,pika,1,0.49517837,0.5434691,0.517148,0.54589856,0.54166645,0.7108792,0.94138527,0.8346345,0.55240107,0.91212356,0.6119329,0.8940517,0.6061051,0.95230865,0.8081808,0.98159516,0.9957684,0.9749884,0.9029952,0.99925774,0.97943294,0.97052056,0.9681712,0.64431953,0.9462997,0.9140609,0.94957596,0.96653706,0.9565531,0.9756929
C:\Users\leejy\Desktop\test_experiment\dataset\test\case4_mixed\fake\pika\kakao_normal\fake_pika_006.mp4,case4_mixed,kakao_normal,pika,1,0.53775454,0.60868126,0.49746707,0.5656886,0.5049742,0.65301627,0.91978675,0.9664738,0.82079285,0.9789202,0.73796153,0.99644804,0.6822033,0.85675234,0.93915397,0.9828892,0.99583375,0.9899282,0.9026096,0.99894744,0.99554896,0.9952356,0.9914141,0.7000272,0.99047756,0.96309197,0.97691274,0.98799264,0.991891,0.9789755
C:\Users\leejy\Desktop\test_experiment\dataset\test\case4_mixed\fake\pika\kakao_normal\fake_pika_007.mp4,case4_mixed,kakao_normal,pika,1,0.62789416,0.603815,0.56190604,0.5878618,0.4472792,0.83910865,0.9254997,0.9875803,0.8889517,0.9999684,0.9785903,0.9971827,0.961678,0.97724086,0.9879695,0.9831013,0.99822825,0.98482555,0.91505283,0.99939644,0.99047756,0.992062,0.98041254,0.53752697,0.98134655,0.9081302,0.89805347,0.91078377,0.9809856,0.79881525
C:\Users\leejy\Desktop\test_experiment\dataset\test\case4_mixed\fake\pika\kakao_normal\fake_pika_008.mp4,case4_mixed,kakao_normal,pika,1,0.59930927,0.59483075,0.53855854,0.53681374,0.55362594,0.9274291,0.950411,0.9995908,0.9465967,0.99988127,0.99601597,0.9999933,0.9964688,0.9987031,0.99978894,0.99002504,0.99737346,0.9680808,0.8864204,0.99922824,0.9847378,0.9828068,0.9821854,0.570092,0.98518616,0.97966766,0.97863114,0.9637117,0.9798227,0.9128255
C:\Users\leejy\Desktop\test_experiment\dataset\test\case4_mixed\fake\pika\kakao_normal\fake_pika_009.mp4,case4_mixed,kakao_normal,pika,1,0.5850419,0.5187138,0.4661298,0.55475694,0.467742,0.82161736,0.9300781,0.9899768,0.81331253,0.99946004,0.9974837,0.999765,0.98365986,0.9892441,0.9935993,0.9985923,0.9997603,0.9952077,0.9521755,0.99992776,0.99240804,0.9990226,0.9967333,0.6279227,0.99851626,0.98623115,0.9864287,0.9931229,0.9866491,0.9911355
C:\Users\leejy\Desktop\test_experiment\dataset\test\case4_mixed\fake\pika\kakao_normal\fake_pika_010.mp4,case4_mixed,kakao_normal,pika,1,0.5468289,0.39598057,0.4150174,0.5044097,0.47277474,0.6547292,0.8398654,0.60021764,0.8988109,0.44200414,0.81130254,0.89733595,0.9207184,0.8329853,0.8978745,0.99304235,0.99883276,0.9884807,0.93367314,0.99961853,0.97838473,0.99885535,0.99279517,0.6448684,0.9899282,0.97891515,0.9610615,0.992961,0.9532751,0.970771
C:\Users\leejy\Desktop\test_experiment\dataset\test\case4_mixed\fake\pika\kakao_normal\fake_pika_011.mp4,case4_mixed,kakao_normal,pika,1,0.6168493,0.502182,0.5167288,0.5206601,0.6187228,0.60311395,0.87873113,0.9431908,0.9399685,0.99508023,0.9722044,0.99594563,0.96242666,0.95239735,0.89858866,0.98965186,0.99943405,0.9879346,0.95998776,0.99968123,0.98819935,0.9960238,0.9872528,0.70484626,0.99140584,0.9720191,0.9900636,0.98220253,0.9931496,0.9678689
C:\Users\leejy\Desktop\test_experiment\dataset\test\case4_mixed\fake\pika\kakao_normal\fake_pika_012.mp4,case4_mixed,kakao_normal,pika,1,0.52416825,0.615709,0.49429345,0.49837303,0.4932255,0.8749614,0.86787784,0.9947901,0.88156396,0.9999838,0.99972624,0.9999355,0.9947901,0.99911004,0.99958426,0.9791357,0.9964825,0.95098317,0.87131065,0.99595356,0.92064714,0.9322685,0.97212505,0.65755045,0.96160597,0.9886901,0.9831176,0.9949397,0.9900058,0.9793935
C:\Users\leejy\Desktop\test_experiment\dataset\test\case4_mixed\fake\pika\kakao_normal\fake_pika_013.mp4,case4_mixed,kakao_normal,pika,1,0.5877065,0.61196184,0.4722119,0.47499645,0.46377057,0.67806053,0.9066944,0.9980276,0.8536079,0.99985516,0.98546845,0.9998945,0.99486035,0.99832565,0.9989759,0.9977393,0.9996288,0.99727964,0.9649544,0.9999094,0.99584997,0.99860877,0.99709916,0.64052343,0.99851626,0.9925249,0.9921841,0.99302894,0.9789956,0.97118384
C:\Users\leejy\Desktop\test_experiment\dataset\test\case4_mixed\fake\pika\kakao_normal\fake_pika_014.mp4,case4_mixed,kakao_normal,pika,1,0.49648294,0.49966428,0.55256987,0.49160847,0.46468902,0.72664386,0.9049869,0.9973061,0.8466094,0.99955493,0.99954695,0.9999168,0.9982351,0.9983321,0.9969426,0.9960699,0.9997713,0.99780875,0.97151,0.9999503,0.993255,0.9970822,0.9950563,0.6937324,0.9947187,0.96425414,0.9763331,0.9709919,0.9840936,0.9727791
C:\Users\leejy\Desktop\test_experiment\dataset\test\case4_mixed\fake\pika\kakao_normal\fake_pika_015.mp4,case4_mixed,kakao_normal,pika,1,0.47310376,0.5570623,0.49691775,0.55091125,0.48834443,0.7230407,0.83128005,0.9993333,0.86182916,0.9956176,0.9992735,0.9919224,0.99401975,0.9921537,0.99757034,0.99589807,0.9996402,0.99266124,0.92703366,0.9996506,0.97957015,0.99101454,0.9897315,0.64360934,0.9861914,0.9931363,0.99682117,0.99680245,0.9976495,0.9847231
C:\Users\leejy\Desktop\test_experiment\dataset\test\case4_mixed\fake\pika\kakao_normal\fake_pika_016.mp4,case4_mixed,kakao_normal,pika,1,0.55805606,0.6093353,0.5649387,0.5171366,0.57320064,0.8333246,0.90448195,0.99248135,0.9400786,0.99757034,0.98571813,0.9995016,0.97889495,0.94901186,0.93941504,0.99679,0.9997154,0.99664956,0.9694979,0.9999138,0.9950755,0.99955577,0.9973477,0.6636281,0.99572706,0.96864927,0.9514138,0.967163,0.97863114,0.97881407
C:\Users\leejy\Desktop\test_experiment\dataset\test\case4_mixed\fake\pika\kakao_normal\fake_pika_017.mp4,case4_mixed,kakao_normal,pika,1,0.5644736,0.5155894,0.5440142,0.4595915,0.5098635,0.7547343,0.90473473,0.99948174,0.89688534,0.99972135,0.9998568,0.99998,0.9988643,0.9983516,0.9993148,0.9944666,0.99605453,0.9871416,0.9295044,0.99935883,0.9901211,0.9957684,0.9888958,0.6268597,0.9789755,0.91359943,0.96069443,0.98774695,0.9838005,0.97708833
C:\Users\leejy\Desktop\test_experiment\dataset\test\case4_mixed\fake\pika\kakao_normal\fake_pika_018.mp4,case4_mixed,kakao_normal,pika,1,0.55419904,0.6450501,0.46280685,0.5714229,0.5511208,0.75709915,0.92908734,0.9843364,0.800653,0.99790895,0.9595731,0.9997086,0.97423947,0.99025387,0.9765465,0.9905143,0.99913067,0.98885274,0.93367314,0.999608,0.9881765,0.99736315,0.98190993,0.56574863,0.9792947,0.93569994,0.93980294,0.9598375,0.9729338,0.9443824
C:\Users\leejy\Desktop\test_experiment\dataset\test\case4_mixed\fake\pika\kakao_normal\fake_pika_019.mp4,case4_mixed,kakao_normal,pika,1,0.54989743,0.59546316,0.5034179,0.5492629,0.54283303,0.7550053,0.9274948,0.9694112,0.84990895,0.9995327,0.97917557,0.999941,0.9862445,0.98508596,0.9927462,0.9882449,0.9990226,0.9851147,0.89733595,0.9996215,0.98054343,0.9927532,0.9834863,0.54873395,0.9832628,0.83781904,0.7973991,0.7396576,0.7605617,0.61909586
C:\Users\leejy\Desktop\test_experiment\dataset\test\case4_mixed\fake\pika\kakao_normal\fake_pika_020.mp4,case4_mixed,kakao_normal,pika,1,0.5372538,0.57845557,0.46917063,0.53578156,0.4665418,0.8451773,0.91192764,0.99386686,0.82949203,0.99985147,0.99566853,0.9999914,0.9993525,0.9970305,0.99764496,0.9932288,0.99912554,0.9912294,0.9343353,0.9996259,0.9928924,0.99839276,0.99566853,0.6839607,0.99709916,0.9720191,0.96485513,0.97828114,0.98166555,0.9576358
C:\Users\leejy\Desktop\test_experiment\dataset\test\case4_mixed\fake\pika\kakao_normal\fake_pika_021.mp4,case4_mixed,kakao_normal,pika,1,0.5229788,0.4283231,0.43079826,0.4914254,0.56520873,0.53234154,0.92369556,0.9865976,0.41466177,0.93930376,0.8566025,0.9961903,0.92563426,0.91383046,0.94092566,0.9878528,0.9980506,0.9890765,0.8632764,0.9990226,0.97628796,0.95430803,0.9636434,0.6210527,0.93306583,0.83748704,0.73301274,0.9052804,0.8894809,0.9232124
C:\Users\leejy\Desktop\test_experiment\dataset\test\case4_mixed\fake\pika\kakao_normal\fake_pika_022.mp4,case4_mixed,kakao_normal,pika,1,0.58456767,0.47526282,0.45353413,0.5313082,0.541227,0.50825423,0.9500878,0.9678385,0.45765176,0.94642365,0.8085212,0.9870046,0.9174507,0.9604354,0.81268156,0.9037624,0.9948102,0.9663312,0.7028361,0.9887228,0.92827886,0.9389689,0.93587595,0.55103016,0.9151667,0.81471705,0.89199936,0.91648406,0.9107044,0.86448216
C:\Users\leejy\Desktop\test_experiment\dataset\test\case4_mixed\fake\pika\kakao_normal\fake_pika_023.mp4,case4_mixed,kakao_normal,pika,1,0.5210447,0.5757595,0.51199114,0.5147586,0.49630746,0.7493395,0.9320215,0.99879813,0.8513358,0.9998118,0.9998202,0.99995387,0.9981933,0.9954791,0.99922824,0.9512782,0.9899282,0.9696851,0.76401234,0.9968087,0.9462997,0.97280496,0.953665,0.61794955,0.9721515,0.93622667,0.9610615,0.9807842,0.97396845,0.9632651
C:\Users\leejy\Desktop\test_experiment\dataset\test\case4_mixed\fake\pika\kakao_normal\fake_pika_024.mp4,case4_mixed,kakao_normal,pika,1,0.57242405,0.6243508,0.5415604,0.50567603,0.5351592,0.80597603,0.92643696,0.99889696,0.7993248,0.99992776,0.99491996,0.9999577,0.99583375,0.9924959,0.9962638,0.9956006,0.9941233,0.99346113,0.9240733,0.9993988,0.9982893,0.9984053,0.9947391,0.747662,0.9933072,0.8802834,0.76129454,0.94762397,0.9393595,0.85600173
C:\Users\leejy\Desktop\test_experiment\dataset\test\case4_mixed\fake\pika\kakao_normal\fake_pika_025.mp4,case4_mixed,kakao_normal,pika,1,0.4668456,0.64790964,0.52077055,0.5232833,0.47999114,0.7769193,0.89823216,0.99889696,0.83834916,0.99918,0.999841,0.9999887,0.99958915,0.99821436,0.99969995,0.99525404,0.99630713,0.9952678,0.9324533,0.9996451,0.99727446,0.99907637,0.99225944,0.6715783,0.99568534,0.9357587,0.8337988,0.96267307,0.954393,0.9278225
C:\Users\leejy\Desktop\test_experiment\dataset\test\case4_mixed\fake\pika\kakao_normal\fake_pika_026.mp4,case4_mixed,kakao_normal,pika,1,0.60206157,0.50646937,0.5305557,0.5907792,0.50206757,0.81021625,0.90681833,0.9667104,0.91359943,0.99936634,0.97706646,0.99929583,0.98102194,0.99333304,0.996503,0.99420255,0.9959378,0.9925322,0.96425414,0.9996424,0.9940659,0.9991573,0.99686414,0.6987022,0.9953454,0.9771756,0.9394706,0.9720986,0.9714559,0.97331697
C:\Users\leejy\Desktop\test_experiment\dataset\test\case4_mixed\fake\pika\kakao_normal\fake_pika_027.mp4,case4_mixed,kakao_normal,pika,1,0.52208036,0.55545026,0.5246687,0.5155132,0.46429428,0.68710536,0.8524448,0.8933094,0.82768893,0.9946672,0.96133465,0.9159594,0.90427077,0.94796216,0.88563144,0.98886347,0.9980506,0.9898205,0.9628831,0.99960023,0.99196917,0.9950659,0.9871416,0.68211067,0.9701835,0.99647564,0.99776566,0.9981933,0.99605453,0.99650973
C:\Users\leejy\Desktop\test_experiment\dataset\test\case4_mixed\fake\pika\kakao_normal\fake_pika_028.mp4,case4_mixed,kakao_normal,pika,1,0.55044127,0.63621897,0.53884673,0.5484392,0.5829993,0.8198753,0.943086,0.9789353,0.87652874,0.9993917,0.99729556,0.9999187,0.9965301,0.9959378,0.9982522,0.995906,0.99990606,0.9969897,0.9814356,0.9999629,0.9966168,0.9993513,0.9955403,0.62911975,0.995037,0.9916196,0.9897315,0.99453074,0.98922324,0.9923786
C:\Users\leejy\Desktop\test_experiment\dataset\test\case4_mixed\fake\pika\kakao_normal\fake_pika_029.mp4,case4_mixed,kakao_normal,pika,1,0.44207188,0.42500106,0.44878858,0.53420246,0.55053186,0.78423643,0.65913093,0.4862172,0.3682637,0.84305704,0.5353413,0.45840174,0.49861905,0.3713076,0.5238923,0.9923044,0.9991943,0.9941004,0.93108755,0.999673,0.98314995,0.9922444,0.9729595,0.5610945,0.98337495,0.990329,0.98571813,0.9921233,0.98644173,0.9899476
C:\Users\leejy\Desktop\test_experiment\dataset\test\case4_mixed\fake\runway\kakao_normal\fake_runway_000.mp4,case4_mixed,kakao_normal,runway,1,0.47032604,0.7360687,0.54140884,0.5273165,0.48688045,0.7750094,0.86573577,0.95511025,0.70992494,0.99971753,0.95408386,0.99964094,0.96912026,0.99682117,0.9588471,0.9962999,0.99995935,0.999159,0.9763557,0.99995613,0.99922824,0.99998605,0.99962735,0.6927849,0.9997522,0.9960083,0.990732,0.9982522,0.9930153,0.99495924
C:\Users\leejy\Desktop\test_experiment\dataset\test\case4_mixed\fake\runway\kakao_normal\fake_runway_001.mp4,case4_mixed,kakao_normal,runway,1,0.5382627,0.57167697,0.48140618,0.61244005,0.49618536,0.83189553,0.8895768,0.9979292,0.8656222,0.99999034,0.99403703,0.9999795,0.9965436,0.9909184,0.99765414,0.99821436,0.99996734,0.99933076,0.98173577,0.9999814,0.99886864,0.9998313,0.9975466,0.73098654,0.99694854,0.9222726,0.82544905,0.97023994,0.9486325,0.962356
C:\Users\leejy\Desktop\test_experiment\dataset\test\case4_mixed\fake\runway\kakao_normal\fake_runway_002.mp4,case4_mixed,kakao_normal,runway,1,0.47989976,0.56726253,0.41819194,0.4459216,0.46089545,0.79182106,0.9016612,0.99393785,0.8842893,0.9998729,0.99589807,0.999995,0.99675864,0.9947187,0.9995092,0.99879104,0.999964,0.9993575,0.98065484,0.9999944,0.9996977,0.99996865,0.9986223,0.7602281,0.99895155,0.9847963,0.9885804,0.989521,0.9951703,0.98844737
C:\Users\leejy\Desktop\test_experiment\dataset\test\case4_mixed\fake\runway\kakao_normal\fake_runway_003.mp4,case4_mixed,kakao_normal,runway,1,0.5373449,0.5925763,0.3869951,0.5346733,0.5196737,0.86060363,0.717408,0.9992563,0.8058997,0.9991959,0.97467697,0.9996147,0.991339,0.9534921,0.99097097,0.9986033,0.99996424,0.9991221,0.98559386,0.9999821,0.9989936,0.9999001,0.9981933,0.75438946,0.9981104,0.9801103,0.92683524,0.97803074,0.9801483,0.9758546
C:\Users\leejy\Desktop\test_experiment\dataset\test\case4_mixed\fake\runway\kakao_normal\fake_runway_004.mp4,case4_mixed,kakao_normal,runway,1,0.62934756,0.5330329,0.4855387,0.59083825,0.52597755,0.70644367,0.8625833,0.98761624,0.89609236,0.99960107,0.98617804,0.9991066,0.9609151,0.99678373,0.9914887,0.99961334,0.9999851,0.99972516,0.98314995,0.99999785,0.9985421,0.99986124,0.9988167,0.71295875,0.999213,0.9892855,0.9724148,0.9907141,0.9860443,0.9773276
C:\Users\leejy\Desktop\test_experiment\dataset\test\case4_mixed\fake\runway\kakao_normal\fake_runway_005.mp4,case4_mixed,kakao_normal,runway,1,0.46737736,0.54386276,0.4826425,0.41881576,0.5147815,0.88478804,0.7957375,0.98786455,0.8736466,0.99974686,0.9961004,0.9999521,0.9951609,0.99528164,0.99596137,0.99938333,0.9999467,0.99964297,0.98658466,0.99998546,0.9995995,0.9999751,0.9989371,0.70750576,0.9994035,0.98959166,0.99300176,0.995037,0.9857043,0.9898107
C:\Users\leejy\Desktop\test_experiment\dataset\test\case4_mixed\fake\runway\kakao_normal\fake_runway_006.mp4,case4_mixed,kakao_normal,runway,1,0.53728414,0.6404391,0.5050505,0.43570644,0.46961147,0.6975832,0.81985724,0.9601001,0.83169055,0.97381955,0.91704303,0.99782157,0.972178,0.950411,0.9744105,0.9993228,0.9999417,0.999826,0.98947024,0.9999968,0.9993345,0.9998671,0.9968149,0.64620906,0.9978173,0.9289907,0.95751673,0.9864938,0.98020524,0.9730365
C:\Users\leejy\Desktop\test_experiment\dataset\test\case4_mixed\fake\runway\kakao_normal\fake_runway_007.mp4,case4_mixed,kakao_normal,runway,1,0.51573426,0.548989,0.4906322,0.44523555,0.5306318,0.8701566,0.8961151,0.99913067,0.9251961,0.9999002,0.98635,0.99994457,0.99318933,0.9952632,0.99947053,0.9989392,0.999964,0.99945253,0.98154205,0.99999595,0.9982926,0.9997423,0.996852,0.632446,0.99780446,0.9001793,0.93874466,0.988108,0.96992815,0.95846003
C:\Users\leejy\Desktop\test_experiment\dataset\test\case4_mixed\fake\runway\kakao_normal\fake_runway_008.mp4,case4_mixed,kakao_normal,runway,1,0.49609384,0.61950004,0.4459216,0.42129883,0.4720446,0.85213745,0.88602656,0.9890976,0.7583764,0.99921143,0.99695444,0.9998894,0.99429756,0.98279023,0.98989886,0.9970536,0.9999083,0.99939406,0.95511025,0.99995375,0.99871314,0.99951494,0.99374664,0.69031775,0.9949397,0.9918121,0.9866491,0.991339,0.98531383,0.99195355
C:\Users\leejy\Desktop\test_experiment\dataset\test\case4_mixed\fake\runway\kakao_normal\fake_runway_009.mp4,case4_mixed,kakao_normal,runway,1,0.41202733,0.5908235,0.4262339,0.5173251,0.45202184,0.8086723,0.89081776,0.9957848,0.85655755,0.9999602,0.9946516,0.9999682,0.99739385,0.9947595,0.9990545,0.99723166,0.9998945,0.99926203,0.9700135,0.999984,0.9984022,0.9998957,0.99788433,0.68162084,0.99916387,0.97966766,0.97826034,0.9797453,0.9774139,0.9859904
C:\Users\leejy\Desktop\test_experiment\dataset\test\case4_mixed\fake\runway\kakao_normal\fake_runway_010.mp4,case4_mixed,kakao_normal,runway,1,0.64159083,0.7291342,0.5986642,0.47878778,0.5535354,0.7554566,0.8241437,0.9753196,0.82627416,0.9996711,0.9599126,0.999134,0.98197925,0.99338466,0.9912294,0.9967963,0.9998074,0.99847525,0.98375374,0.99995077,0.9936487,0.9983865,0.99434716,0.6649008,0.99697804,0.99628556,0.9982692,0.99624926,0.9965904,0.9947084
C:\Users\leejy\Desktop\test_experiment\dataset\test\case4_mixed\fake\runway\kakao_normal\fake_runway_011.mp4,case4_mixed,kakao_normal,runway,1,0.5282235,0.55075276,0.5231463,0.47287744,0.5332759,0.87174803,0.8598404,0.9978677,0.8482194,0.999764,0.98105836,0.9997818,0.99021614,0.99216896,0.99490017,0.9980276,0.9996302,0.9987232,0.9811849,0.9999614,0.9983354,0.99952805,0.9965904,0.65855473,0.9980882,0.9830688,0.9836442,0.9859364,0.986904,0.9893063
C:\Users\leejy\Desktop\test_experiment\dataset\test\case4_mixed\fake\runway\kakao_normal\fake_runway_012.mp4,case4_mixed,kakao_normal,runway,1,0.45896435,0.65808797,0.49653628,0.50219727,0.4971924,0.73890465,0.92729753,0.98750824,0.8430894,0.9960238,0.9766692,0.99771726,0.99176437,0.9835496,0.9760608,0.9993749,0.99993217,0.9996561,0.97953105,0.9999976,0.9989434,0.9997131,0.99769044,0.6851485,0.9990434,0.9910493,0.97788346,0.99210805,0.9910493,0.9694112
C:\Users\leejy\Desktop\test_experiment\dataset\test\case4_mixed\fake\runway\kakao_normal\fake_runway_013.mp4,case4_mixed,kakao_normal,runway,1,0.5080254,0.55315834,0.5723344,0.56381327,0.5534449,0.7789017,0.83002657,0.99517965,0.7498779,0.9957353,0.6252165,0.9887554,0.98772323,0.8308688,0.9537512,0.99530905,0.99935,0.99883956,0.96095175,0.999977,0.99644804,0.9991221,0.99600047,0.6725871,0.9974788,0.97819793,0.98421544,0.98324674,0.9851147,0.9517288
C:\Users\leejy\Desktop\test_experiment\dataset\test\case4_mixed\fake\runway\kakao_normal\fake_runway_014.mp4,case4_mixed,kakao_normal,runway,1,0.55063945,0.6508002,0.51836336,0.41670763,0.3953676,0.8171371,0.7660312,0.9537512,0.8288003,0.9942363,0.94427973,0.9974039,0.89228123,0.967163,0.93784,0.9971551,0.9996935,0.9979771,0.9674718,0.9999454,0.99494946,0.9994363,0.9948803,0.6506615,0.9911011,0.9923638,0.98244,0.995142,0.9930559,0.9912548
C:\Users\leejy\Desktop\test_experiment\dataset\test\case4_mixed\fake\runway\kakao_normal\fake_runway_015.mp4,case4_mixed,kakao_normal,runway,1,0.42083758,0.574253,0.51494914,0.54664737,0.5669479,0.76396835,0.53607005,0.990329,0.81410825,0.99847525,0.7334996,0.98225373,0.92379886,0.8190264,0.4231675,0.9744834,0.9441254,0.97530794,0.72841036,0.99894124,0.92709976,0.96408546,0.885582,0.56432736,0.9396923,0.9794133,0.93108755,0.9867517,0.98192734,0.9765354
C:\Users\leejy\Desktop\test_experiment\dataset\test\case4_mixed\fake\runway\kakao_normal\fake_runway_016.mp4,case4_mixed,kakao_normal,runway,1,0.51494914,0.4733529,0.45965216,0.46672407,0.47720394,0.7062411,0.81655276,0.94841194,0.69637144,0.9438154,0.52077055,0.41363996,0.722894,0.83555067,0.6396235,0.9811849,0.9965837,0.9794526,0.7505528,0.99928755,0.8871557,0.90934503,0.9007919,0.5548022,0.8702117,0.93880075,0.86493915,0.95911604,0.9012275,0.9472348
C:\Users\leejy\Desktop\test_experiment\dataset\test\case4_mixed\fake\runway\kakao_normal\fake_runway_017.mp4,case4_mixed,kakao_normal,runway,1,0.55149066,0.56461245,0.48108816,0.40561056,0.55088675,0.82893884,0.94853723,0.9670076,0.833765,0.99849296,0.96295285,0.9996331,0.9909972,0.9709919,0.9873262,0.8687154,0.9841851,0.9650203,0.724578,0.98574555,0.7999117,0.86153823,0.88774097,0.5315552,0.8755211,0.8824279,0.7108291,0.9334308,0.892422,0.9532315
C:\Users\leejy\Desktop\test_experiment\dataset\test\case4_mixed\fake\runway\kakao_normal\fake_runway_018.mp4,case4_mixed,kakao_normal,runway,1,0.4769622,0.57845557,0.44856212,0.5255819,0.51939946,0.8080672,0.9324533,0.9911868,0.7613611,0.99922824,0.8433798,0.9959849,0.9583042,0.9494355,0.9428234,0.93985814,0.9843514,0.98586845,0.8260112,0.99638534,0.9826576,0.9913892,0.9534054,0.5638208,0.9605466,0.8451773,0.7301937,0.9395816,0.9491535,0.94165415
C:\Users\leejy\Desktop\test_experiment\dataset\test\case4_mixed\fake\runway\kakao_normal\fake_runway_019.mp4,case4_mixed,kakao_normal,runway,1,0.43615666,0.5815259,0.4532921,0.5357057,0.41549164,0.84329313,0.86686677,0.9712385,0.91644675,0.9897167,0.29576358,0.90022314,0.8197851,0.93367314,0.42775527,0.9059483,0.9305214,0.94130445,0.6591858,0.9832306,0.93863225,0.9248914,0.89081776,0.57209533,0.95659363,0.994089,0.9952356,0.9968149,0.996852,0.97298527
C:\Users\leejy\Desktop\test_experiment\dataset\test\case4_mixed\fake\runway\kakao_normal\fake_runway_020.mp4,case4_mixed,kakao_normal,runway,1,0.5059964,0.5663484,0.5295371,0.5451949,0.4971619,0.69121087,0.77300227,0.8087856,0.41418785,0.6088812,0.74245673,0.74456346,0.848847,0.95735765,0.64119774,0.9133293,0.9422947,0.84418434,0.7010483,0.9951609,0.86373675,0.83534926,0.8367548,0.54230285,0.87768656,0.9922294,0.98862445,0.99803144,0.99393785,0.9825575
C:\Users\leejy\Desktop\test_experiment\dataset\test\case4_mixed\fake\runway\kakao_normal\fake_runway_021.mp4,case4_mixed,kakao_normal,runway,1,0.45360976,0.5047224,0.43803382,0.4474452,0.32852945,0.7123573,0.6980047,0.7166402,0.38832805,0.89991575,0.31631646,0.6338354,0.7684727,0.44188374,0.6846595,0.8632764,0.97366965,0.93223774,0.62274617,0.997981,0.828523,0.7858021,0.6723451,0.499939,0.53585756,0.97856975,0.9766692,0.99209267,0.9856076,0.98481095
C:\Users\leejy\Desktop\test_experiment\dataset\test\case4_mixed\fake\runway\kakao_normal\fake_runway_022.mp4,case4_mixed,kakao_normal,runway,1,0.49423242,0.48611045,0.46764323,0.5057675,0.37379012,0.6914973,0.75305825,0.8868131,0.44655505,0.7816224,0.25441632,0.6948206,0.83121157,0.39925525,0.5646987,0.7001778,0.7981081,0.88161486,0.5172661,0.9470392,0.8301815,0.70176417,0.7872368,0.5561284,0.6762859,0.9685006,0.97678024,0.98244,0.9919224,0.9857318
C:\Users\leejy\Desktop\test_experiment\dataset\test\case4_mixed\fake\runway\kakao_normal\fake_runway_023.mp4,case4_mixed,kakao_normal,runway,1,0.44781494,0.63096917,0.4844411,0.5474943,0.44724903,0.7168385,0.82354134,0.94901186,0.7514316,0.96903247,0.32514042,0.7844223,0.7512834,0.87805307,0.7923839,0.9701269,0.990892,0.98846966,0.80448276,0.9947187,0.91957027,0.87546796,0.90878,0.56703776,0.8663023,0.98835784,0.9748691,0.996557,0.99442345,0.98376936
C:\Users\leejy\Desktop\test_experiment\dataset\test\case4_mixed\fake\runway\kakao_normal\fake_runway_024.mp4,case4_mixed,kakao_normal,runway,1,0.5570925,0.57287216,0.5785672,0.5038814,0.5040893,0.87726665,0.8974259,0.99344844,0.9189906,0.9996959,0.9897315,0.9964064,0.9854124,0.9779888,0.96111625,0.99256825,0.99962294,0.99675864,0.97527254,0.999539,0.99268264,0.9978677,0.98283976,0.5873515,0.97428846,0.9552774,0.98327893,0.9944343,0.99529076,0.9556928
C:\Users\leejy\Desktop\test_experiment\dataset\test\case4_mixed\fake\runway\kakao_normal\fake_runway_025.mp4,case4_mixed,kakao_normal,runway,1,0.53004265,0.5576326,0.5078271,0.56166565,0.41253015,0.84990895,0.90553135,0.98508596,0.7483983,0.97828114,0.7078088,0.42428523,0.8651529,0.9092242,0.5310574,0.96820134,0.9935494,0.9804032,0.88705796,0.9984812,0.9817182,0.9832628,0.93367314,0.6440076,0.9226916,0.9674718,0.9690618,0.98574555,0.98899186,0.9749169
C:\Users\leejy\Desktop\test_experiment\dataset\test\case4_mixed\fake\runway\kakao_normal\fake_runway_026.mp4,case4_mixed,kakao_normal,runway,1,0.6362684,0.6992544,0.42957893,0.47562054,0.46496233,0.86153823,0.8776604,0.99690056,0.8601343,0.9987405,0.87218416,0.89552265,0.9818579,0.9831822,0.957794,0.82111585,0.92121595,0.9740303,0.69601,0.98878795,0.80154777,0.82573026,0.6725468,0.69945973,0.7504156,0.9591543,0.9537512,0.9746045,0.98571813,0.9524858
C:\Users\leejy\Desktop\test_experiment\dataset\test\case4_mixed\fake\runway\kakao_normal\fake_runway_027.mp4,case4_mixed,kakao_normal,runway,1,0.63003075,0.6460137,0.49063793,0.5037231,0.41721213,0.771241,0.91294205,0.9896219,0.82010955,0.9800149,0.69681007,0.9165961,0.9666631,0.9850573,0.8655654,0.7632632,0.9119669,0.966679,0.67333937,0.9891711,0.82104415,0.7606507,0.7443777,0.62480164,0.7367796,0.9542227,0.89634216,0.9507779,0.9537512,0.94218844
C:\Users\leejy\Desktop\test_experiment\dataset\test\case4_mixed\fake\runway\kakao_normal\fake_runway_028.mp4,case4_mixed,kakao_normal,runway,1,0.6007448,0.64829934,0.53351897,0.48255104,0.55096984,0.73216116,0.6845672,0.9725193,0.8594279,0.9353908,0.9397477,0.9635062,0.98225373,0.9772842,0.7817474,0.8336634,0.90217954,0.90422857,0.69251204,0.94839406,0.8819712,0.5723045,0.6168565,0.6020958,0.59283614,0.9940544,0.98192734,0.9965166,0.99496907,0.9925249
C:\Users\leejy\Desktop\test_experiment\dataset\test\case4_mixed\fake\runway\kakao_normal\fake_runway_029.mp4,case4_mixed,kakao_normal,runway,1,0.4755977,0.5695609,0.560839,0.49224916,0.49089915,0.82949203,0.7892337,0.92290026,0.7628218,0.9287327,0.78844064,0.9791357,0.943608,0.7775534,0.8665848,0.8607792,0.86431044,0.9007919,0.5556161,0.95379424,0.943086,0.8397997,0.79306585,0.58576775,0.7092205,0.9789956,0.8239667,0.9914225,0.97903574,0.9457011
C:\Users\leejy\Desktop\test_experiment\dataset\test\case4_mixed\fake\svd\kakao_normal\fake_svd_002.mp4,case4_mixed,kakao_normal,svd,1,0.57948965,0.5422498,0.5017891,0.484462,0.5084602,0.76977324,0.8171006,0.99724776,0.8936579,0.996271,0.97947216,0.99879104,0.9879346,0.8684367,0.98007214,0.9982488,0.99988043,0.9983418,0.93963695,0.99996877,0.99903023,0.99986553,0.99693066,0.738993,0.9992267,0.9980045,0.9991239,0.9996125,0.99847823,0.9924521
C:\Users\leejy\Desktop\test_experiment\dataset\test\case4_mixed\fake\svd\kakao_normal\fake_svd_007.mp4,case4_mixed,kakao_normal,svd,1,0.5503506,0.5677269,0.46678105,0.50463855,0.49208897,0.6369178,0.6278371,0.2184192,0.57335,0.12389465,0.8708172,0.97788346,0.6667952,0.7564475,0.25362986,0.006463138,0.0025016968,0.0121471705,0.17895591,0.006564249,0.014295689,0.0057974006,0.043650277,0.34839568,0.058131594,0.1229438,0.11250255,0.22867283,0.22856517,0.075858176
C:\Users\leejy\Desktop\test_experiment\dataset\test\case4_mixed\fake\svd\kakao_normal\fake_svd_008.mp4,case4_mixed,kakao_normal,svd,1,0.531141,0.52018976,0.46614686,0.39376375,0.5058896,0.7198516,0.7006164,0.98739934,0.68389463,0.8098782,0.95961094,0.9999963,0.9900828,0.943608,0.913368,0.8697146,0.9729081,0.96395,0.48047867,0.9813107,0.9450455,0.95531917,0.8747742,0.45986438,0.8400295,0.9118885,0.89395916,0.9520419,0.8443448,0.9022657
C:\Users\leejy\Desktop\test_experiment\dataset\test\case4_mixed\fake\svd\kakao_normal\fake_svd_009.mp4,case4_mixed,kakao_normal,svd,1,0.4669975,0.64430904,0.52424055,0.39504665,0.5849308,0.54292387,0.6477007,0.70710135,0.40933886,0.96360916,0.80123687,0.99583375,0.8166259,0.9089013,0.71188176,0.8812066,0.98815376,0.8822758,0.86350673,0.99403125,0.9467446,0.96069443,0.9038897,0.3333472,0.971564,0.85003346,0.81815636,0.71330684,0.83781904,0.88498694
C:\Users\leejy\Desktop\test_experiment\dataset\test\case4_mixed\fake\svd\kakao_normal\fake_svd_023.mp4,case4_mixed,kakao_normal,svd,1,0.39092624,0.49471304,0.4855387,0.4612443,0.5612599,0.6759785,0.6195576,0.9923415,0.7702164,0.99983656,0.9988643,0.9999968,0.9964064,0.98083925,0.9965436,0.9252299,0.8121234,0.81924355,0.57435745,0.99176437,0.9622143,0.9827406,0.9800913,0.400046,0.8978073,0.8013923,0.44646454,0.8702668,0.94192183,0.79688585
C:\Users\leejy\Desktop\test_experiment\dataset\test\case4_mixed\fake\svd\kakao_normal\fake_svd_024.mp4,case4_mixed,kakao_normal,svd,1,0.485371,0.5033569,0.44727167,0.55799586,0.41481736,0.7755091,0.7305963,0.99485034,0.80746067,0.9999044,0.9992267,0.99998045,0.99521697,0.9954704,0.987265,0.96102494,0.98582757,0.92146367,0.65919954,0.9948803,0.993346,0.9977482,0.9764232,0.6159112,0.97788346,0.9332485,0.8341706,0.93686515,0.96528316,0.72267383
C:\Users\leejy\Desktop\test_experiment\dataset\test\case4_mixed\fake\svd\kakao_normal\fake_svd_027.mp4,case4_mixed,kakao_normal,svd,1,0.5416589,0.6121648,0.46940625,0.46881154,0.47776735,0.73376197,0.88257974,0.99789655,0.86313224,0.9999893,0.99861145,0.99991286,0.99248135,0.9674411,0.9932288,0.84740037,0.9901972,0.9463617,0.6936286,0.995906,0.97999567,0.9971717,0.99003476,0.6455111,0.9753196,0.6523383,0.5451041,0.49902347,0.61204886,0.46588105
C:\Users\leejy\Desktop\test_experiment\dataset\test\case4_mixed\fake\svd\kakao_normal\fake_svd_029.mp4,case4_mixed,kakao_normal,svd,1,0.48177382,0.5652312,0.45595554,0.4440863,0.45436624,0.7079098,0.9078038,0.993518,0.7021983,0.99948573,0.96864927,0.9983612,0.8435088,0.91317457,0.8882751,0.7526495,0.89363474,0.5567611,0.66459477,0.81130254,0.7212526,0.7049733,0.71042746,0.4659532,0.4437812,0.49832156,0.4553954,0.19117662,0.59393317,0.60325277
C:\Users\leejy\Desktop\test_experiment\dataset\test\case4_mixed\fake\svd\kakao_normal\fake_svd_036.mp4,case4_mixed,kakao_normal,svd,1,0.5275295,0.5533469,0.48871994,0.49293184,0.50146484,0.73077047,0.7643204,0.9975986,0.8195416,0.9979691,0.9833589,0.99992335,0.98365986,0.95787287,0.971537,0.14891149,0.14312781,0.31503752,0.46293965,0.6641116,0.24355245,0.044597577,0.20967188,0.49633795,0.23423146,0.29713842,0.15278916,0.47083217,0.36150277,0.18757874
C:\Users\leejy\Desktop\test_experiment\dataset\test\case4_mixed\fake\svd\kakao_normal\fake_svd_041.mp4,case4_mixed,kakao_normal,svd,1,0.5308142,0.48100433,0.41774648,0.46793768,0.45889425,0.7623356,0.8162966,0.995037,0.79061115,0.9917163,0.9830851,0.9997459,0.8620326,0.93505055,0.93266827,0.7970439,0.95803016,0.89458245,0.42253444,0.980053,0.8301815,0.94208187,0.8418907,0.44158268,0.7707885,0.94810647,0.86703575,0.9916033,0.9145963,0.9370381
C:\Users\leejy\Desktop\test_experiment\dataset\test\case4_mixed\fake\svd\kakao_normal\fake_svd_051.mp4,case4_mixed,kakao_normal,svd,1,0.4605694,0.52349645,0.52429575,0.59455127,0.41300356,0.7190878,0.8514749,0.9974491,0.8176837,0.9997805,0.992597,0.99986446,0.9614977,0.9283439,0.9732789,0.9961681,0.9970247,0.9839091,0.9071478,0.99918646,0.9970536,0.99887305,0.995008,0.6235918,0.99420255,0.98975134,0.9860174,0.99271095,0.99213856,0.9874358
C:\Users\leejy\Desktop\test_experiment\dataset\test\case4_mixed\fake\svd\kakao_normal\fake_svd_056.mp4,case4_mixed,kakao_normal,svd,1,0.46565136,0.50907415,0.4010865,0.41850382,0.49868393,0.57636315,0.6790191,0.9723097,0.5306014,0.99106663,0.96879715,0.99960333,0.9451974,0.5460271,0.82111585,0.9437636,0.99832886,0.9883128,0.60987276,0.9987888,0.98677725,0.99758923,0.9732915,0.5401963,0.9681712,0.7244319,0.6401298,0.7687766,0.89872205,0.7526949
C:\Users\leejy\Desktop\test_experiment\dataset\test\case4_mixed\fake\svd\kakao_normal\fake_svd_057.mp4,case4_mixed,kakao_normal,svd,1,0.56255203,0.5416987,0.53723866,0.5325068,0.4732312,0.7113306,0.59550726,0.9867005,0.84318626,0.99790895,0.9982759,0.9999641,0.99351174,0.98378503,0.9941233,0.9809491,0.99140584,0.9643047,0.9011404,0.9984207,0.9866491,0.9888204,0.98365986,0.63115394,0.97267544,0.9922144,0.95683634,0.98123896,0.99344844,0.99368566
C:\Users\leejy\Desktop\test_experiment\dataset\test\case4_mixed\fake\svd\kakao_normal\fake_svd_058.mp4,case4_mixed,kakao_normal,svd,1,0.45125094,0.54587775,0.48538625,0.510405,0.49051017,0.80526876,0.71274483,0.99813974,0.8686528,0.99978346,0.9994837,0.9999893,0.9924959,0.9935369,0.9969663,0.9404078,0.9486325,0.9509376,0.8215457,0.9869669,0.995008,0.99210805,0.95253,0.57306623,0.9436599,0.90747637,0.8855325,0.8037136,0.9066118,0.8965235
C:\Users\leejy\Desktop\test_experiment\dataset\test\case4_mixed\fake\svd\kakao_normal\fake_svd_060.mp4,case4_mixed,kakao_normal,svd,1,0.5570623,0.56781673,0.48178905,0.5545157,0.40403706,0.6617043,0.53285056,0.99540824,0.74388963,0.99887747,0.9886573,0.9974039,0.7914184,0.9177092,0.88761926,0.93183565,0.9834546,0.8692713,0.799638,0.984767,0.950457,0.96805066,0.938124,0.47779784,0.7713272,0.9875683,0.96606,0.9527942,0.9622143,0.9568766
C:\Users\leejy\Desktop\test_experiment\dataset\test\case4_mixed\fake\svd\kakao_normal\fake_svd_063.mp4,case4_mixed,kakao_normal,svd,1,0.49585733,0.6122227,0.48131666,0.53773177,0.394303,0.74591637,0.5464205,0.63221896,0.7370872,0.570092,0.9753196,0.80837,0.77343035,0.78649986,0.9234544,0.93451476,0.9636434,0.9427707,0.789599,0.9912039,0.8085212,0.8518912,0.8653379,0.5241511,0.7601169,0.7760294,0.6971452,0.8842393,0.8929365,0.7051763
C:\Users\leejy\Desktop\test_experiment\dataset\test\case4_mixed\fake\svd\kakao_normal\fake_svd_071.mp4,case4_mixed,kakao_normal,svd,1,0.5902774,0.5010605,0.58444905,0.40945694,0.6005526,0.76895016,0.81201166,0.99637836,0.7602949,0.9998233,0.96131647,0.99983966,0.98481095,0.98862445,0.99779165,0.9114165,0.9860308,0.97850823,0.72676516,0.9913726,0.97773504,0.99240804,0.921145,0.60299706,0.9701552,0.9540518,0.81669897,0.6744794,0.7982654,0.936285
C:\Users\leejy\Desktop\test_experiment\dataset\test\case4_mixed\fake\svd\kakao_normal\fake_svd_072.mp4,case4_mixed,kakao_normal,svd,1,0.493626,0.56682795,0.49257714,0.47009417,0.52299786,0.6838419,0.7348337,0.9971827,0.66006285,0.99182,0.934813,0.9995497,0.95272833,0.8149671,0.94610083,0.5362446,0.9429286,0.69207,0.35549513,0.9449947,0.82290184,0.86601925,0.83768636,0.53776973,0.718545,0.85003346,0.8557909,0.9380673,0.97298527,0.6049533
C:\Users\leejy\Desktop\test_experiment\dataset\test\case4_mixed\fake\svd\kakao_normal\fake_svd_088.mp4,case4_mixed,kakao_normal,svd,1,0.4136474,0.58456767,0.45903066,0.4761838,0.556731,0.7298087,0.78007674,0.9492946,0.8057707,0.99588215,0.9860308,0.99890983,0.7765806,0.704516,0.95159405,0.26402617,0.13245843,0.049773447,0.17906354,0.23427524,0.43440133,0.24999616,0.24202645,0.42883128,0.43860483,0.4417633,0.56234926,0.22571515,0.19950289,0.39280257
C:\Users\leejy\Desktop\test_experiment\dataset\test\case4_mixed\fake\svd\kakao_normal\fake_svd_108.mp4,case4_mixed,kakao_normal,svd,1,0.43122485,0.4752761,0.47438005,0.4803187,0.5329569,0.6532865,0.79350626,0.99400806,0.79806876,0.9998115,0.995008,0.9988418,0.90422857,0.9621787,0.99504185,0.90772206,0.96458924,0.82072103,0.615969,0.99644804,0.9654789,0.9902351,0.9834387,0.57493186,0.91505283,0.6768335,0.21288587,0.1799625,0.6319777,0.6317079
C:\Users\leejy\Desktop\test_experiment\dataset\test\case4_mixed\fake\svd\kakao_normal\fake_svd_109.mp4,case4_mixed,kakao_normal,svd,1,0.51588476,0.5684027,0.48046726,0.49250656,0.5304455,0.7005452,0.79727584,0.98293835,0.8703495,0.99660033,0.8866169,0.99967873,0.6735541,0.92478967,0.94877505,0.4698927,0.49954414,0.30002728,0.53940785,0.6201185,0.79109573,0.7319217,0.7514202,0.5879136,0.49932864,0.68135583,0.6863175,0.64523166,0.5905136,0.87174803
C:\Users\leejy\Desktop\test_experiment\dataset\test\case4_mixed\fake\svd\kakao_normal\fake_svd_115.mp4,case4_mixed,kakao_normal,svd,1,0.5507282,0.59685916,0.511648,0.5617859,0.48024252,0.6427689,0.7891525,0.9899671,0.76268935,0.9985306,0.995793,0.9991474,0.99381906,0.93045825,0.73157424,0.97254544,0.9936733,0.9751545,0.79016626,0.99783,0.9960083,0.9942697,0.9531443,0.5757073,0.95759624,0.8568123,0.21850257,0.6008034,0.91482496,0.63869447
C:\Users\leejy\Desktop\test_experiment\dataset\test\case4_mixed\fake\svd\kakao_normal\fake_svd_130.mp4,case4_mixed,kakao_normal,svd,1,0.5546966,0.5318097,0.4762447,0.4773067,0.465714,0.5856937,0.6413662,0.99679,0.68130285,0.99743915,0.992961,0.9999753,0.9003547,0.9257686,0.9947391,0.9723622,0.9876401,0.9601001,0.86860406,0.9940428,0.9842457,0.9612074,0.9698426,0.5969913,0.97298527,0.9916681,0.97458035,0.99604684,0.99195355,0.99029154
C:\Users\leejy\Desktop\test_experiment\dataset\test\case4_mixed\fake\svd\kakao_normal\fake_svd_140.mp4,case4_mixed,kakao_normal,svd,1,0.52495784,0.51016474,0.4971314,0.48088244,0.5469272,0.7547343,0.94287604,0.9273633,0.91086304,0.98551035,0.9971384,0.99998367,0.993932,0.99291307,0.99678373,0.9906961,0.9969066,0.9889492,0.8161134,0.9995876,0.9928647,0.99696034,0.9797647,0.5682361,0.9899184,0.9718326,0.93622667,0.9706043,0.9742149,0.9702681
C:\Users\leejy\Desktop\test_experiment\dataset\test\case4_mixed\fake\svd\kakao_normal\fake_svd_144.mp4,case4_mixed,kakao_normal,svd,1,0.4669064,0.6163587,0.49646002,0.56382835,0.48511183,0.8077262,0.65698844,0.9906419,0.6426007,0.9990619,0.99749833,0.99386686,0.97138804,0.9863369,0.9636776,0.9857043,0.9935743,0.96395,0.72090894,0.99876726,0.9813107,0.9736196,0.9749169,0.54320407,0.91452,0.8422802,0.85717136,0.9043131,0.95536083,0.9409528
C:\Users\leejy\Desktop\test_experiment\dataset\test\case4_mixed\fake\svd\kakao_normal\fake_svd_152.mp4,case4_mixed,kakao_normal,svd,1,0.49104404,0.56658816,0.5175633,0.5205725,0.4742964,0.70487165,0.6732454,0.9946516,0.80673844,0.9997658,0.9995178,0.99999833,0.9969066,0.99611557,0.99849296,0.7759021,0.3753057,0.75502795,0.5451495,0.8156,0.7654399,0.28537196,0.53041893,0.48540148,0.46484083,0.9583822,0.9700135,0.98242307,0.9876639,0.97947216
C:\Users\leejy\Desktop\test_experiment\dataset\test\case4_mixed\fake\svd\kakao_normal\fake_svd_154.mp4,case4_mixed,kakao_normal,svd,1,0.46402106,0.54984456,0.5110303,0.5314526,0.5127993,0.75635755,0.7432379,0.9957767,0.7949427,0.9997352,0.99847525,0.9999212,0.97684664,0.992349,0.9971384,0.9819619,0.9970879,0.9807103,0.7910151,0.99796116,0.9807288,0.9946878,0.9783226,0.62755185,0.97175217,0.9622497,0.89823216,0.9626028,0.97161794,0.938124
C:\Users\leejy\Desktop\test_experiment\dataset\test\case4_mixed\fake\svd\kakao_normal\fake_svd_157.mp4,case4_mixed,kakao_normal,svd,1,0.5117776,0.5533243,0.4875819,0.44044667,0.48133194,0.64310515,0.6849757,0.9593071,0.68757755,0.833951,0.66977036,0.97090924,0.89368117,0.83828294,0.93111885,0.9324533,0.9542227,0.9273139,0.8421505,0.99366105,0.8947435,0.839931,0.8778961,0.6293333,0.8573207,0.87888706,0.85034436,0.93257624,0.90938526,0.86396646
C:\Users\leejy\Desktop\test_experiment\dataset\test\case4_mixed\fake\svd\kakao_normal\fake_svd_163.mp4,case4_mixed,kakao_normal,svd,1,0.48270342,0.6072047,0.52278465,0.5494895,0.569097,0.66017234,0.9357587,0.7187918,0.466238,0.9204864,0.98607117,0.99883956,0.99036634,0.8518912,0.9869669,0.56748724,0.9254324,0.7832848,0.29249424,0.9385478,0.81924355,0.754101,0.7053286,0.30772197,0.7359501,0.4064791,0.7154737,0.69735134,0.51488817,0.43510628
C:\Users\leejy\Desktop\test_experiment\dataset\test\case4_mixed\fake\svd\kakao_normal\fake_svd_164.mp4,case4_mixed,kakao_normal,svd,1,0.5459969,0.5550961,0.49672702,0.46446127,0.42276525,0.76699245,0.8916697,0.9948102,0.80075043,0.9998653,0.56202626,0.99929166,0.43554136,0.9500878,0.6910195,0.9038049,0.8986332,0.9617859,0.7142794,0.9921537,0.9511422,0.8728902,0.9285385,0.57221484,0.7860075,0.93941504,0.80555576,0.7954198,0.8623516,0.8710367
C:\Users\leejy\Desktop\test_experiment\dataset\test\case4_mixed\real\kakao_high\00001.mp4,case4_mixed,kakao_high,real,0,0.5566858,0.5067001,0.49687195,0.498415,0.5618159,0.7791644,0.8620616,0.9966691,0.8354164,0.96688277,0.79569775,0.7794897,0.82302636,0.6469622,0.9197147,0.7939859,0.883588,0.7655714,0.5752041,0.96841115,0.8933094,0.7958962,0.7754348,0.6414224,0.8784186,0.9285385,0.96609205,0.988062,0.9164094,0.86344916
C:\Users\leejy\Desktop\test_experiment\dataset\test\case4_mixed\real\kakao_high\00006.mp4,case4_mixed,kakao_high,real,0,0.54784966,0.57765913,0.44464013,0.49385867,0.48266914,0.6381591,0.5952169,0.26123667,0.60632366,0.01225309,0.94197524,0.100613214,0.69105446,0.65551525,0.30136207,0.98401695,0.98862445,0.97673583,0.9194258,0.99718815,0.99600047,0.9983125,0.99373454,0.6519541,0.99543506,0.9757624,0.964355,0.9883128,0.9828562,0.92892635
C:\Users\leejy\Desktop\test_experiment\dataset\test\case4_mixed\real\kakao_high\00007.mp4,case4_mixed,kakao_high,real,0,0.53304046,0.5236031,0.4819681,0.400339,0.47104076,0.645064,0.80555576,0.99611557,0.70426184,0.8409296,0.9509148,0.9998579,0.9580499,0.7887053,0.69467825,0.9651191,0.9933975,0.98494184,0.58403397,0.9914308,0.99140584,0.9748691,0.9348725,0.52366394,0.9226916,0.91006696,0.94068086,0.95460516,0.9534488,0.88582915
C:\Users\leejy\Desktop\test_experiment\dataset\test\case4_mixed\real\kakao_high\00008.mp4,case4_mixed,kakao_high,real,0,0.4575836,0.6303436,0.50879955,0.4178504,0.60842687,0.4499968,0.70755,0.70821255,0.3964186,0.86194545,0.5342404,0.74853617,0.68925333,0.7493624,0.40975213,0.9336126,0.99424744,0.9175246,0.87794846,0.9952448,0.98715407,0.9922444,0.9518184,0.42137322,0.9859634,0.5144613,0.46230614,0.4725922,0.5568816,0.4868347
C:\Users\leejy\Desktop\test_experiment\dataset\test\case4_mixed\real\kakao_high\00022.mp4,case4_mixed,kakao_high,real,0,0.40600798,0.55045635,0.492642,0.49966428,0.54244673,0.630685,0.52987164,0.9960699,0.71840924,0.9925103,0.96697646,0.69312257,0.86815757,0.4920966,0.8617856,0.97316426,0.9685601,0.85866714,0.66443145,0.99784267,0.99031025,0.99518895,0.9827738,0.49096778,0.9603612,0.6701227,0.11004006,0.7864589,0.74101865,0.4917915
C:\Users\leejy\Desktop\test_experiment\dataset\test\case4_mixed\real\kakao_high\00023.mp4,case4_mixed,kakao_high,real,0,0.44608748,0.5413558,0.45595554,0.48197195,0.43704247,0.6682852,0.6129325,0.6139312,0.6475754,0.9723426,0.89987177,0.9619649,0.9405172,0.7417325,0.82358575,0.98792297,0.9953994,0.9694257,0.81006604,0.99720997,0.99772614,0.9992099,0.9891606,0.5646237,0.9847231,0.82768893,0.60242707,0.6973256,0.7496374,0.72608584
C:\Users\leejy\Desktop\test_experiment\dataset\test\case4_mixed\real\kakao_high\00026.mp4,case4_mixed,kakao_high,real,0,0.548613,0.57452905,0.44461,0.43402645,0.48752853,0.69731265,0.83702135,0.992718,0.75178486,0.999941,0.9937709,0.9985979,0.95995015,0.84247476,0.9646226,0.97931457,0.9992592,0.99157894,0.8284536,0.9995461,0.98314995,0.9954261,0.9875323,0.63204867,0.97396845,0.89533985,0.81316423,0.692252,0.8183016,0.6397079
C:\Users\leejy\Desktop\test_experiment\dataset\test\case4_mixed\real\kakao_high\00028.mp4,case4_mixed,kakao_high,real,0,0.41679665,0.5658667,0.5204963,0.486606,0.50097656,0.5948455,0.6361165,0.84195566,0.5050047,0.9772842,0.9281487,0.4932865,0.50305176,0.6653562,0.45950055,0.9896318,0.99929583,0.99098843,0.9078038,0.99894744,0.9923193,0.9958418,0.9863105,0.55861294,0.9756698,0.78858316,0.7363532,0.3330692,0.40820304,0.7923839
C:\Users\leejy\Desktop\test_experiment\dataset\test\case4_mixed\real\kakao_high\00035.mp4,case4_mixed,kakao_high,real,0,0.52585965,0.5838263,0.48709583,0.49790955,0.49710083,0.70821255,0.7627777,0.9193896,0.7869965,0.55229825,0.9732915,0.8130901,0.9040169,0.58241683,0.89469755,0.99485034,0.99812514,0.9932025,0.8856809,0.99982905,0.99425864,0.99401975,0.98466414,0.6563761,0.9904406,0.883889,0.8348113,0.9825575,0.9724409,0.9094255
C:\Users\leejy\Desktop\test_experiment\dataset\test\case4_mixed\real\kakao_high\00040.mp4,case4_mixed,kakao_high,real,0,0.52965873,0.47215104,0.4590534,0.42812878,0.5487264,0.7235781,0.82453257,0.9976814,0.7932261,0.9932156,0.6543962,0.9994116,0.8564224,0.4809662,0.74120593,0.73989254,0.89606965,0.735177,0.37529856,0.9267028,0.79414564,0.80022407,0.80294216,0.3983333,0.7630371,0.7973202,0.63069916,0.91301954,0.68267953,0.7342148
C:\Users\leejy\Desktop\test_experiment\dataset\test\case4_mixed\real\kakao_high\00050.mp4,case4_mixed,kakao_high,real,0,0.48853123,0.5548474,0.538551,0.51308906,0.45071447,0.6454971,0.82158154,0.967256,0.73278314,0.9675024,0.8087479,0.98582757,0.7538349,0.82032555,0.7103772,0.9846347,0.99474937,0.9620898,0.8554893,0.9980083,0.99014014,0.9896918,0.98951083,0.5841525,0.9747731,0.8625254,0.84260434,0.75046134,0.9468429,0.87987113
C:\Users\leejy\Desktop\test_experiment\dataset\test\case4_mixed\real\kakao_high\00055.mp4,case4_mixed,kakao_high,real,0,0.50418085,0.50608987,0.40589023,0.43079078,0.5023422,0.56559116,0.7097741,0.8878869,0.48316064,0.9532751,0.8624676,0.99591404,0.8641386,0.42598018,0.63238925,0.9053223,0.99845123,0.98344666,0.5329721,0.9989637,0.98771137,0.9953544,0.97414124,0.48468494,0.9376119,0.4567429,0.38136357,0.65864736,0.7675156,0.41386202
C:\Users\leejy\Desktop\test_experiment\dataset\test\case4_mixed\real\kakao_high\00056.mp4,case4_mixed,kakao_high,real,0,0.555503,0.5623267,0.5278756,0.49250847,0.48020443,0.5875512,0.37705314,0.7084143,0.6474361,0.19698063,0.32241932,0.16871993,0.64523166,0.30954528,0.4620179,0.95292586,0.95695716,0.8938434,0.7625125,0.9828892,0.98445636,0.98141783,0.9434519,0.5324251,0.8101036,0.32119378,0.045564454,0.25529724,0.51690024,0.24775985
C:\Users\leejy\Desktop\test_experiment\dataset\test\case4_mixed\real\kakao_high\00057.mp4,case4_mixed,kakao_high,real,0,0.46231374,0.527385,0.49348485,0.5447333,0.44448942,0.72894126,0.7324005,0.9864938,0.87185717,0.9991928,0.9927532,0.99961406,0.9780727,0.8348786,0.94681835,0.9985134,0.9994035,0.995488,0.9101469,0.99992514,0.99983966,0.99992776,0.9984145,0.60553664,0.9986356,0.9737197,0.97288233,0.9769348,0.9914887,0.9181873
C:\Users\leejy\Desktop\test_experiment\dataset\test\case4_mixed\real\kakao_high\00059.mp4,case4_mixed,kakao_high,real,0,0.514164,0.57910293,0.52737737,0.4926305,0.5411361,0.68638974,0.65406656,0.92991924,0.5609743,0.97014105,0.98555213,0.99746895,0.82107997,0.89747083,0.8646537,0.9137535,0.9651191,0.8822758,0.7825794,0.94433105,0.9587699,0.9922294,0.954393,0.4443915,0.8077262,0.58968866,0.16099021,0.293531,0.19471212,0.36026394
C:\Users\leejy\Desktop\test_experiment\dataset\test\case4_mixed\real\kakao_high\00062.mp4,case4_mixed,kakao_high,real,0,0.4554484,0.5395595,0.4655849,0.5177309,0.40579823,0.7139804,0.5396012,0.5880337,0.69435453,0.1911389,0.7199993,0.023666894,0.43968722,0.409634,0.6362119,0.9831013,0.9879695,0.97788346,0.92526376,0.9948001,0.9890554,0.99425864,0.99153805,0.62623847,0.9933589,0.9783226,0.9842911,0.98942953,0.9953994,0.9766024
C:\Users\leejy\Desktop\test_experiment\dataset\test\case4_mixed\real\kakao_high\00070.mp4,case4_mixed,kakao_high,real,0,0.5415604,0.58038175,0.4956361,0.49881744,0.47807193,0.79246426,0.48663646,0.9084556,0.80115914,0.9815244,0.44839606,0.99978596,0.73511904,0.6249411,0.6924341,0.8127931,0.8975607,0.90477675,0.64659274,0.9530133,0.93622667,0.9514138,0.8204694,0.48700246,0.8913863,0.77598697,0.5866561,0.48947296,0.91490096,0.89091265
C:\Users\leejy\Desktop\test_experiment\dataset\test\case4_mixed\real\kakao_high\00071.mp4,case4_mixed,kakao_high,real,0,0.47578797,0.6319067,0.5063473,0.50416553,0.5140401,0.7119319,0.7250163,0.99605453,0.7103772,0.8441201,0.77505195,0.98835784,0.8362372,0.9597998,0.8168451,0.9858957,0.99801993,0.98410887,0.85446006,0.99976355,0.9968087,0.9987551,0.99521697,0.6321054,0.99256825,0.98190993,0.9859364,0.98662347,0.9913726,0.9530133
C:\Users\leejy\Desktop\test_experiment\dataset\test\case4_mixed\real\kakao_high\00087.mp4,case4_mixed,kakao_high,real,0,0.45668232,0.5711388,0.4887371,0.47939706,0.52562755,0.59236455,0.6151457,0.6667952,0.6491339,0.53704137,0.8887587,0.99196917,0.64057964,0.55799586,0.79981387,0.9552774,0.9416005,0.9073943,0.57349926,0.98067343,0.94218844,0.97272736,0.8978745,0.5131196,0.9190633,0.9897315,0.9887988,0.992062,0.98564917,0.9941801
C:\Users\leejy\Desktop\test_experiment\dataset\test\case4_mixed\real\kakao_high\00107.mp4,case4_mixed,kakao_high,real,0,0.46371746,0.5562866,0.49818423,0.5163973,0.5366089,0.64699006,0.7606951,0.8746672,0.7899131,0.9962528,0.9823047,0.936285,0.8603105,0.7612724,0.922796,0.91352236,0.9420286,0.7505528,0.6284074,0.9709919,0.9810946,0.9929061,0.9859904,0.6145386,0.9495292,0.5501392,0.12304914,0.25118822,0.5212884,0.594772
C:\Users\leejy\Desktop\test_experiment\dataset\test\case4_mixed\real\kakao_high\00108.mp4,case4_mixed,kakao_high,real,0,0.5724688,0.55777,0.46935686,0.4681561,0.5546891,0.6289203,0.79202217,0.8989441,0.7037531,0.22764099,0.5278033,0.8605451,0.5418786,0.3752771,0.60606134,0.7285552,0.840259,0.5444381,0.42899576,0.8203975,0.9524858,0.93367314,0.904903,0.586434,0.8007699,0.92683524,0.9341553,0.9308365,0.8308688,0.938124
C:\Users\leejy\Desktop\test_experiment\dataset\test\case4_mixed\real\kakao_high\00114.mp4,case4_mixed,kakao_high,real,0,0.5349694,0.5860195,0.51971555,0.5223164,0.4960023,0.61120796,0.68450135,0.95787287,0.73577815,0.9941233,0.98141783,0.13788036,0.9735945,0.6901366,0.4392662,0.9418149,0.9567556,0.9381523,0.79518133,0.98389363,0.95257413,0.987375,0.924347,0.5965507,0.8637942,0.6749617,0.093181714,0.56562865,0.8679338,0.5612223
C:\Users\leejy\Desktop\test_experiment\dataset\test\case4_mixed\real\kakao_high\00129.mp4,case4_mixed,kakao_high,real,0,0.5305557,0.55380696,0.53458595,0.4551305,0.49546063,0.5448014,0.6677979,0.9948303,0.68797076,0.9948704,0.9862046,0.99977213,0.9373543,0.96573836,0.99072295,0.9626381,0.99694854,0.96575457,0.7108792,0.9977482,0.9884919,0.9896918,0.96771675,0.4859656,0.96378,0.5773725,0.4056253,0.74279505,0.7873595,0.83141696
C:\Users\leejy\Desktop\test_experiment\dataset\test\case4_mixed\real\kakao_high\00139.mp4,case4_mixed,kakao_high,real,0,0.46362638,0.5255229,0.5130147,0.44296026,0.55103016,0.77093935,0.7365664,0.9951984,0.8379518,0.99920684,0.98154205,0.93108755,0.96411926,0.8456558,0.8197491,0.8978745,0.9462003,0.8903538,0.5428936,0.9744348,0.98201376,0.95292586,0.9134452,0.4821853,0.88610053,0.7432612,0.37713915,0.25991955,0.6551154,0.8645393
C:\Users\leejy\Desktop\test_experiment\dataset\test\case4_mixed\real\kakao_high\00143.mp4,case4_mixed,kakao_high,real,0,0.41356596,0.6146398,0.51258206,0.4210756,0.48358744,0.5417479,0.52255243,0.8952024,0.6105768,0.9192447,0.30871102,0.0017649074,0.63051426,0.14297816,0.32982332,0.98283976,0.9885361,0.9516839,0.79414564,0.99751294,0.9793738,0.9407897,0.9561454,0.49338144,0.9003547,0.6409168,0.76755923,0.7776799,0.839931,0.91655886
C:\Users\leejy\Desktop\test_experiment\dataset\test\case4_mixed\real\kakao_high\00151.mp4,case4_mixed,kakao_high,real,0,0.4866384,0.5459591,0.4769146,0.45875785,0.45647034,0.6380463,0.6657366,0.90574,0.8116014,0.77475387,0.993807,0.9999448,0.9813286,0.97850823,0.98225373,0.83406925,0.46312556,0.8143113,0.45433787,0.650932,0.9205043,0.7454447,0.8326453,0.44701517,0.6668019,0.61132395,0.66195023,0.61207783,0.74756986,0.6791787
C:\Users\leejy\Desktop\test_experiment\dataset\test\case4_mixed\real\kakao_high\00153.mp4,case4_mixed,kakao_high,real,0,0.43223563,0.53002363,0.5149453,0.49544537,0.52330613,0.6984837,0.77769053,0.84777886,0.64765894,0.9593071,0.9992175,0.9980161,0.9583042,0.9673486,0.9972691,0.9953635,0.99887305,0.99493474,0.9003547,0.99975604,0.99693656,0.99933845,0.9961903,0.68167377,0.99528164,0.98597693,0.9874479,0.9964688,0.9972638,0.98466414
C:\Users\leejy\Desktop\test_experiment\dataset\test\case4_mixed\real\kakao_high\00156.mp4,case4_mixed,kakao_high,real,0,0.49510208,0.5719758,0.5106642,0.46808392,0.46814469,0.690246,0.53551215,0.56610847,0.5852789,0.09690858,0.19057333,0.012858348,0.61301214,0.5149187,0.62738067,0.88268095,0.9202897,0.89151627,0.7520581,0.96672606,0.81640637,0.66115755,0.76629364,0.6023247,0.79625285,0.75987196,0.805173,0.9069832,0.91121924,0.89048487
C:\Users\leejy\Desktop\test_experiment\dataset\test\case4_mixed\real\kakao_high\00162.mp4,case4_mixed,kakao_high,real,0,0.46235925,0.6042092,0.52592427,0.5172051,0.61996037,0.55892897,0.79057074,0.5253688,0.4518102,0.38908216,0.42201328,0.7681032,0.8316222,0.18756013,0.4826425,0.71795213,0.9293763,0.8419231,0.42317495,0.9364014,0.8230441,0.5900117,0.685002,0.2770327,0.6656687,0.8344743,0.8907227,0.95787287,0.70344764,0.9226916
C:\Users\leejy\Desktop\test_experiment\dataset\test\case4_mixed\real\kakao_high\00163.mp4,case4_mixed,kakao_high,real,0,0.48406762,0.5591396,0.5047072,0.46653417,0.41700438,0.66391903,0.82460326,0.9508692,0.6762726,0.640411,0.20681395,0.08819005,0.23201229,0.4884664,0.24544656,0.45762146,0.28106013,0.59549254,0.37087312,0.13061775,0.5004425,0.2945478,0.49725348,0.519887,0.22875896,0.44761118,0.17217186,0.09534946,0.27212125,0.1682411
C:\Users\leejy\Desktop\test_experiment\dataset\test\case4_mixed\fake\pika\kakao_high\fake_pika_000.mp4,case4_mixed,kakao_high,pika,1,0.4443538,0.5029296,0.5058439,0.5975198,0.5187595,0.6500508,0.8350132,0.99492985,0.8500957,0.9437377,0.9858413,0.9591543,0.83449125,0.98768765,0.9788344,0.93985814,0.91321325,0.9323225,0.8490974,0.9614253,0.80348235,0.8370879,0.88498694,0.5720655,0.8358858,0.9390248,0.9524416,0.9545628,0.91102153,0.94994867
C:\Users\leejy\Desktop\test_experiment\dataset\test\case4_mixed\fake\pika\kakao_high\fake_pika_001.mp4,case4_mixed,kakao_high,pika,1,0.52749145,0.53554064,0.42435235,0.5415604,0.4609258,0.6169935,0.7337381,0.8527823,0.8460061,0.9765801,0.96210754,0.94544977,0.7639243,0.8597815,0.9447403,0.96858984,0.9807288,0.97527254,0.90958625,0.99346113,0.8997397,0.8133867,0.9091032,0.53889227,0.8856809,0.98475236,0.9852997,0.98878795,0.98637635,0.9905874
C:\Users\leejy\Desktop\test_experiment\dataset\test\case4_mixed\fake\pika\kakao_high\fake_pika_002.mp4,case4_mixed,kakao_high,pika,1,0.50524884,0.5394913,0.43983755,0.53461057,0.53373164,0.72618294,0.68867785,0.985129,0.8448255,0.9979572,0.9944559,0.99983907,0.9928647,0.990732,0.98780584,0.9923341,0.990732,0.9798805,0.9448422,0.99849296,0.9734181,0.9641868,0.9800913,0.6626191,0.94544977,0.95068645,0.943086,0.9612802,0.97958976,0.9470882
C:\Users\leejy\Desktop\test_experiment\dataset\test\case4_mixed\fake\pika\kakao_high\fake_pika_003.mp4,case4_mixed,kakao_high,pika,1,0.52127695,0.5965653,0.503067,0.42930973,0.462382,0.78543204,0.9360516,0.99802387,0.8454407,0.9997981,0.9886464,0.9995159,0.9631959,0.98749614,0.9964064,0.9917163,0.9944126,0.99341017,0.9050709,0.9989637,0.9841546,0.9967397,0.9856076,0.6355618,0.9839245,0.99317604,0.9975177,0.9962782,0.9948303,0.99486035
C:\Users\leejy\Desktop\test_experiment\dataset\test\case4_mixed\fake\pika\kakao_high\fake_pika_004.mp4,case4_mixed,kakao_high,pika,1,0.5450133,0.5479479,0.49641424,0.5840636,0.49331704,0.7301937,0.7407843,0.9687381,0.7843603,0.99705935,0.75815266,0.9772191,0.9442283,0.8655654,0.9235579,0.9571178,0.9680205,0.96405166,0.78858316,0.9928786,0.95292586,0.98680264,0.9646559,0.567652,0.96329963,0.7862948,0.64573455,0.93721074,0.9212869,0.9158089
C:\Users\leejy\Desktop\test_experiment\dataset\test\case4_mixed\fake\pika\kakao_high\fake_pika_005.mp4,case4_mixed,kakao_high,pika,1,0.50089264,0.5393624,0.5114497,0.5510151,0.5361232,0.7080612,0.9455002,0.77309865,0.57137424,0.76970834,0.55004096,0.86402386,0.6110629,0.9356705,0.7851851,0.9807103,0.9958418,0.9732915,0.8958876,0.99916387,0.979354,0.9730109,0.9687676,0.65911037,0.9444336,0.9231778,0.9463493,0.9694401,0.96210754,0.9746045
C:\Users\leejy\Desktop\test_experiment\dataset\test\case4_mixed\fake\pika\kakao_high\fake_pika_006.mp4,case4_mixed,kakao_high,pika,1,0.53541726,0.61618555,0.4915627,0.5834555,0.497757,0.65367985,0.9263704,0.9462003,0.83755356,0.96325207,0.7278304,0.99521697,0.6557219,0.8868621,0.92384815,0.98283976,0.995906,0.9900636,0.90706563,0.99895763,0.9966168,0.9956346,0.9895716,0.7007797,0.98932695,0.95643115,0.9737447,0.9861514,0.99083894,0.97682446
C:\Users\leejy\Desktop\test_experiment\dataset\test\case4_mixed\fake\pika\kakao_high\fake_pika_007.mp4,case4_mixed,kakao_high,pika,1,0.61970145,0.62816507,0.54897577,0.586878,0.42922002,0.8112839,0.94781744,0.9872528,0.8502822,0.9999515,0.9768687,0.99735296,0.95751673,0.9826576,0.9892753,0.98313373,0.99813974,0.9834863,0.9114953,0.99928755,0.99187535,0.9931096,0.9795506,0.5281075,0.9815067,0.9073943,0.8949732,0.90337944,0.98093086,0.79948145
C:\Users\leejy\Desktop\test_experiment\dataset\test\case4_mixed\fake\pika\kakao_high\fake_pika_008.mp4,case4_mixed,kakao_high,pika,1,0.6064693,0.5909563,0.5678467,0.5098978,0.56944865,0.9233507,0.954393,0.9996935,0.9432954,0.9998479,0.9958418,0.999979,0.99731654,0.99849594,0.99974734,0.98815376,0.99674594,0.96696085,0.8759463,0.9991135,0.9853703,0.9820655,0.9801103,0.55103016,0.9835338,0.9741166,0.9698712,0.9583432,0.9737197,0.8896727
C:\Users\leejy\Desktop\test_experiment\dataset\test\case4_mixed\fake\pika\kakao_high\fake_pika_009.mp4,case4_mixed,kakao_high,pika,1,0.5816893,0.51779187,0.48535955,0.55873334,0.4666785,0.831006,0.94287604,0.9892441,0.81268156,0.99952066,0.99778724,0.9997818,0.97344345,0.98677725,0.9900636,0.99843305,0.999673,0.9944343,0.9456007,0.9999114,0.99210805,0.99864894,0.99615306,0.61938494,0.9976495,0.9858549,0.98658466,0.9933717,0.98685336,0.9912039
C:\Users\leejy\Desktop\test_experiment\dataset\test\case4_mixed\fake\pika\kakao_high\fake_pika_010.mp4,case4_mixed,kakao_high,pika,1,0.54183316,0.39160952,0.43077585,0.5114955,0.48117957,0.6243508,0.8205413,0.5928213,0.9074353,0.3637175,0.8224032,0.8576489,0.9076811,0.79109573,0.87800074,0.99297464,0.9989536,0.9899961,0.93397486,0.9995819,0.9761746,0.99882823,0.99386686,0.65141034,0.9906419,0.9805807,0.9628482,0.99304235,0.95775455,0.9708264
C:\Users\leejy\Desktop\test_experiment\dataset\test\case4_mixed\fake\pika\kakao_high\fake_pika_011.mp4,case4_mixed,kakao_high,pika,1,0.6572085,0.4970322,0.5179976,0.5571527,0.61398906,0.6561627,0.8833366,0.934455,0.94600123,0.9971661,0.97583157,0.997065,0.9591543,0.9622497,0.91436726,0.9916842,0.99956685,0.98971164,0.96080494,0.999731,0.9808576,0.99490017,0.98260766,0.6825605,0.9889705,0.97140163,0.98955137,0.9817182,0.9926967,0.9651191
C:\Users\leejy\Desktop\test_experiment\dataset\test\case4_mixed\fake\pika\kakao_high\fake_pika_012.mp4,case4_mixed,kakao_high,pika,1,0.51088923,0.59658,0.43350175,0.5353945,0.46450683,0.8634204,0.8369547,0.99557483,0.8516446,0.9999831,0.99982506,0.99996686,0.9927672,0.999015,0.9995802,0.9810037,0.99621993,0.9459013,0.86373675,0.9951041,0.89947516,0.9175984,0.9647556,0.6542513,0.9500878,0.9897315,0.98410887,0.99533635,0.99021614,0.9799382
C:\Users\leejy\Desktop\test_experiment\dataset\test\case4_mixed\fake\pika\kakao_high\fake_pika_013.mp4,case4_mixed,kakao_high,pika,1,0.587603,0.63973606,0.4934391,0.49047965,0.46495473,0.6711204,0.9270007,0.99720997,0.8873999,0.9998017,0.98481095,0.9999151,0.9964204,0.9988949,0.99867237,0.9979532,0.99970514,0.99776125,0.9641868,0.99992,0.9955662,0.99898773,0.9968335,0.63703084,0.9983223,0.9933072,0.99219924,0.9920773,0.9788344,0.97828114
C:\Users\leejy\Desktop\test_experiment\dataset\test\case4_mixed\fake\pika\kakao_high\fake_pika_014.mp4,case4_mixed,kakao_high,pika,1,0.49620062,0.49934387,0.5407117,0.50863564,0.44764894,0.7265469,0.89209336,0.9970247,0.86153823,0.9995915,0.9995073,0.9998702,0.99771273,0.9982658,0.994615,0.9957684,0.99975747,0.9979572,0.9723097,0.99993813,0.99386686,0.99619776,0.993807,0.66798747,0.9938548,0.9674411,0.9818056,0.97104686,0.9845309,0.96669465
C:\Users\leejy\Desktop\test_experiment\dataset\test\case4_mixed\fake\pika\kakao_high\fake_pika_015.mp4,case4_mixed,kakao_high,pika,1,0.46465105,0.55816144,0.50128174,0.5635206,0.48508134,0.70304,0.83575183,0.99922824,0.8628435,0.9791955,0.999134,0.99490017,0.9946464,0.9928092,0.99739385,0.99591404,0.99958354,0.99208504,0.9151287,0.99967504,0.98045003,0.99317604,0.9912039,0.6483829,0.9865588,0.9944559,0.9974191,0.99718815,0.99783,0.98544043
C:\Users\leejy\Desktop\test_experiment\dataset\test\case4_mixed\fake\pika\kakao_high\fake_pika_016.mp4,case4_mixed,kakao_high,pika,1,0.5570849,0.61676276,0.5548022,0.49806976,0.5515133,0.8133867,0.9016612,0.9934865,0.9420286,0.99521697,0.98154205,0.9994579,0.96771675,0.9334308,0.8940517,0.99665606,0.99970406,0.9960814,0.9653158,0.99990606,0.99300176,0.99926203,0.99632156,0.6232622,0.9928647,0.97204566,0.9545628,0.96805066,0.9787533,0.9784466
C:\Users\leejy\Desktop\test_experiment\dataset\test\case4_mixed\fake\pika\kakao_high\fake_pika_017.mp4,case4_mixed,kakao_high,pika,1,0.5646087,0.5175271,0.5349162,0.45819718,0.5122351,0.76554954,0.90303797,0.9993424,0.8984996,0.9996977,0.9999014,0.9999856,0.99899167,0.99861956,0.9995609,0.9948102,0.9960622,0.9877823,0.9314625,0.9993724,0.9907678,0.99393785,0.98691666,0.6426007,0.9747971,0.92255217,0.96573836,0.9886901,0.98507166,0.9795506
C:\Users\leejy\Desktop\test_experiment\dataset\test\case4_mixed\fake\pika\kakao_high\fake_pika_018.mp4,case4_mixed,kakao_high,pika,1,0.5732305,0.6381873,0.46731654,0.5699424,0.5491873,0.7493395,0.92209744,0.9813286,0.7929858,0.9964064,0.93525785,0.9992099,0.9558373,0.98731405,0.9563497,0.99187535,0.99917847,0.989368,0.9314625,0.9996125,0.98926485,0.99784267,0.98045003,0.5458002,0.9795506,0.9346938,0.9364886,0.95735765,0.97068775,0.9407897
C:\Users\leejy\Desktop\test_experiment\dataset\test\case4_mixed\fake\pika\kakao_high\fake_pika_019.mp4,case4_mixed,kakao_high,pika,1,0.5639634,0.60062766,0.49902347,0.54845244,0.53579676,0.7446795,0.92241246,0.962462,0.8600756,0.9991736,0.9627432,0.9998902,0.97394365,0.97794676,0.98801583,0.9860577,0.9988796,0.9829055,0.89288986,0.9995753,0.98125684,0.99066,0.98340684,0.5225067,0.98187524,0.8131271,0.78727776,0.71567243,0.74012744,0.58433044
C:\Users\leejy\Desktop\test_experiment\dataset\test\case4_mixed\fake\pika\kakao_high\fake_pika_020.mp4,case4_mixed,kakao_high,pika,1,0.5546966,0.6064984,0.46749508,0.5358879,0.44052944,0.8358523,0.9202897,0.99564314,0.8283842,0.9999243,0.9954261,0.9999869,0.9990471,0.9967269,0.99665606,0.99338466,0.9989837,0.9911527,0.9351691,0.9996506,0.9937588,0.9981541,0.9956176,0.66173166,0.9966234,0.9718326,0.9654138,0.97947216,0.9814356,0.962462
C:\Users\leejy\Desktop\test_experiment\dataset\test\case4_mixed\fake\pika\kakao_high\fake_pika_021.mp4,case4_mixed,kakao_high,pika,1,0.521593,0.43727338,0.43986014,0.49438503,0.5607338,0.5300997,0.9292801,0.98199654,0.41466177,0.8999652,0.86754155,0.99458355,0.9242787,0.90013546,0.9456759,0.9882676,0.9983707,0.9894805,0.8702117,0.9991186,0.9789755,0.9652504,0.9642878,0.63250273,0.9361684,0.844409,0.7273465,0.90235174,0.88597727,0.9215343
C:\Users\leejy\Desktop\test_experiment\dataset\test\case4_mixed\fake\pika\kakao_high\fake_pika_022.mp4,case4_mixed,kakao_high,pika,1,0.58829796,0.47531798,0.45404848,0.5377014,0.5572054,0.5024414,0.94980925,0.9601375,0.45725793,0.92366123,0.8454964,0.9845754,0.90414387,0.947381,0.78116375,0.89185816,0.9932811,0.96387357,0.69014156,0.9865976,0.9203613,0.93546456,0.92788786,0.5444986,0.9070244,0.7907324,0.891055,0.91228,0.908618,0.8630457
C:\Users\leejy\Desktop\test_experiment\dataset\test\case4_mixed\fake\pika\kakao_high\fake_pika_023.mp4,case4_mixed,kakao_high,pika,1,0.54062074,0.5733947,0.5163211,0.49769592,0.46751407,0.73354733,0.9254997,0.99907815,0.84645087,0.9997347,0.99982506,0.9999685,0.9986223,0.9970536,0.9995159,0.95230865,0.99021614,0.9722835,0.7600278,0.9969722,0.93599313,0.95379424,0.93913656,0.59593356,0.9678385,0.94610083,0.9613528,0.9796871,0.97389406,0.9672869
C:\Users\leejy\Desktop\test_experiment\dataset\test\case4_mixed\fake\pika\kakao_high\fake_pika_024.mp4,case4_mixed,kakao_high,pika,1,0.59252477,0.62515205,0.54570943,0.51339406,0.53758764,0.8027972,0.908699,0.9992986,0.7990898,0.9999081,0.99541724,0.999964,0.995906,0.99021614,0.9973035,0.99566,0.99401975,0.9936365,0.92366123,0.99943525,0.9984238,0.99883276,0.99502736,0.7380323,0.9940544,0.8797162,0.7520581,0.94728357,0.938124,0.86045706
C:\Users\leejy\Desktop\test_experiment\dataset\test\case4_mixed\fake\pika\kakao_high\fake_pika_025.mp4,case4_mixed,kakao_high,pika,1,0.46320143,0.6516043,0.51721656,0.5248818,0.48151478,0.75798476,0.89312315,0.9987551,0.8169547,0.9988236,0.9998148,0.9999932,0.99952626,0.99724776,0.99958915,0.9953454,0.9953544,0.99495924,0.92683524,0.9996444,0.99766773,0.99914575,0.9920002,0.65506023,0.99544394,0.937783,0.8224032,0.961642,0.9516839,0.92788786
C:\Users\leejy\Desktop\test_experiment\dataset\test\case4_mixed\fake\pika\kakao_high\fake_pika_026.mp4,case4_mixed,kakao_high,pika,1,0.6132366,0.51578,0.5375725,0.59678566,0.5184471,0.8291119,0.9091032,0.9737447,0.92146367,0.9992161,0.9708817,0.9989956,0.9791955,0.98986953,0.99668854,0.9940659,0.99697804,0.9930153,0.9609151,0.9996983,0.9915707,0.9983675,0.9950659,0.6697718,0.9923934,0.97879386,0.95013416,0.9744834,0.9771756,0.97691274
C:\Users\leejy\Desktop\test_experiment\dataset\test\case4_mixed\fake\pika\kakao_high\fake_pika_027.mp4,case4_mixed,kakao_high,pika,1,0.52137214,0.5599519,0.51318055,0.5151473,0.4638085,0.6695288,0.828731,0.85102665,0.83781904,0.99529994,0.9648882,0.9101469,0.89081776,0.9551521,0.88483775,0.98926485,0.99830914,0.991032,0.95972437,0.9997148,0.99083894,0.9932025,0.9818056,0.664266,0.9576358,0.9968945,0.99793327,0.9984207,0.99637127,0.99674594
C:\Users\leejy\Desktop\test_experiment\dataset\test\case4_mixed\fake\pika\kakao_high\fake_pika_028.mp4,case4_mixed,kakao_high,pika,1,0.5621314,0.64267075,0.5305101,0.5594781,0.5884975,0.81582016,0.9390248,0.9783433,0.8752015,0.9994673,0.99693656,0.9998876,0.9961681,0.9953544,0.99817204,0.9964064,0.9999286,0.9970708,0.98105836,0.99996746,0.99688244,0.9995627,0.9955662,0.597285,0.99485034,0.9923044,0.9921537,0.99583375,0.99090964,0.99372226
C:\Users\leejy\Desktop\test_experiment\dataset\test\case4_mixed\fake\pika\kakao_high\fake_pika_029.mp4,case4_mixed,kakao_high,pika,1,0.4426365,0.42565745,0.44726413,0.5333671,0.55208695,0.78637683,0.6621414,0.47670776,0.37516263,0.8533026,0.52755994,0.46025857,0.4864001,0.3488669,0.52521664,0.99210805,0.99924755,0.9941969,0.92039704,0.9996923,0.9809125,0.9902727,0.9673795,0.5483107,0.98039377,0.9903476,0.984063,0.99253935,0.98544043,0.9893063
C:\Users\leejy\Desktop\test_experiment\dataset\test\case4_mixed\fake\runway\kakao_high\fake_runway_000.mp4,case4_mixed,kakao_high,runway,1,0.44091684,0.74562997,0.55178505,0.5426815,0.4860266,0.79366624,0.87615836,0.96995664,0.73742414,0.9997428,0.9471737,0.99955136,0.9572378,0.99508506,0.9404625,0.99553156,0.99993694,0.999129,0.9718593,0.99994934,0.9991991,0.9999869,0.9996111,0.68879557,0.99975747,0.99589807,0.9905509,0.9982658,0.99273914,0.99497885
C:\Users\leejy\Desktop\test_experiment\dataset\test\case4_mixed\fake\runway\kakao_high\fake_runway_001.mp4,case4_mixed,kakao_high,runway,1,0.5736336,0.5820457,0.49546826,0.6270096,0.5060727,0.8533637,0.8786791,0.998259,0.8720208,0.9999862,0.99544394,0.99996436,0.99680245,0.9878177,0.9981614,0.9980122,0.9999448,0.9992931,0.97984195,0.99997985,0.99889046,0.99977654,0.9971827,0.74575734,0.99701905,0.91648406,0.8299059,0.9713201,0.94905907,0.9627432
C:\Users\leejy\Desktop\test_experiment\dataset\test\case4_mixed\fake\runway\kakao_high\fake_runway_002.mp4,case4_mixed,kakao_high,runway,1,0.47852883,0.583322,0.439176,0.45063135,0.4622303,0.79350626,0.9074353,0.9928578,0.90109694,0.99983776,0.9963642,0.9999949,0.9959849,0.9943691,0.99957365,0.99881905,0.999956,0.9993724,0.97917557,0.99999356,0.999666,0.9999629,0.99834836,0.75929236,0.99881905,0.9838627,0.98862445,0.9901972,0.9952356,0.9891606
C:\Users\leejy\Desktop\test_experiment\dataset\test\case4_mixed\fake\runway\kakao_high\fake_runway_003.mp4,case4_mixed,kakao_high,runway,1,0.5376066,0.5653737,0.38598204,0.5304494,0.5281988,0.8596637,0.7480763,0.9991491,0.82650185,0.99903023,0.9702116,0.99942183,0.98860246,0.952882,0.9860443,0.99812144,0.9999367,0.99883276,0.9804874,0.99996924,0.99885976,0.99986064,0.99739385,0.73329,0.9972045,0.97724086,0.9186264,0.97543687,0.9766915,0.97419035
C:\Users\leejy\Desktop\test_experiment\dataset\test\case4_mixed\fake\runway\kakao_high\fake_runway_004.mp4,case4_mixed,kakao_high,runway,1,0.6167771,0.55704725,0.48970175,0.58684844,0.5184243,0.72423685,0.84536886,0.99304235,0.8957053,0.9996923,0.98521465,0.9992461,0.9474783,0.9964412,0.9888742,0.99956685,0.99997735,0.99971205,0.9806178,0.9999976,0.99869555,0.9998499,0.9984421,0.70905685,0.99898773,0.98959166,0.9764905,0.99135584,0.987375,0.97826034
C:\Users\leejy\Desktop\test_experiment\dataset\test\case4_mixed\fake\runway\kakao_high\fake_runway_005.mp4,case4_mixed,kakao_high,runway,1,0.4980774,0.5333367,0.48826814,0.43524128,0.5084983,0.89823216,0.84453726,0.9879579,0.8849373,0.99960023,0.9958741,0.9999604,0.9935743,0.9955403,0.99492985,0.9993268,0.9999255,0.9996666,0.9856215,0.9999851,0.9997063,0.999972,0.9989454,0.7170366,0.9994504,0.9905143,0.9922444,0.99540824,0.9862046,0.9899282
C:\Users\leejy\Desktop\test_experiment\dataset\test\case4_mixed\fake\runway\kakao_high\fake_runway_006.mp4,case4_mixed,kakao_high,runway,1,0.5431056,0.6442811,0.5053213,0.43726775,0.47031087,0.71395546,0.8086345,0.9564109,0.83748704,0.9778412,0.9147107,0.9971717,0.95995015,0.9205757,0.9646559,0.99937975,0.9999392,0.9998636,0.9879695,0.99999785,0.9994307,0.99987364,0.99719906,0.63977826,0.9982351,0.93587595,0.9552357,0.9867517,0.9784259,0.97520185
C:\Users\leejy\Desktop\test_experiment\dataset\test\case4_mixed\fake\runway\kakao_high\fake_runway_007.mp4,case4_mixed,kakao_high,runway,1,0.5096729,0.5701369,0.49583447,0.45543134,0.52093804,0.8928432,0.90853673,0.99903786,0.93631417,0.99988043,0.9881765,0.99990904,0.991339,0.9953815,0.99926203,0.9986356,0.9999478,0.9993,0.9791158,0.9999951,0.99866724,0.99986815,0.99772614,0.64514786,0.9983125,0.90183425,0.9401336,0.9891187,0.9731898,0.9595352
C:\Users\leejy\Desktop\test_experiment\dataset\test\case4_mixed\fake\runway\kakao_high\fake_runway_008.mp4,case4_mixed,kakao_high,runway,1,0.5138514,0.61771446,0.4451677,0.42479968,0.48209384,0.8525676,0.8923282,0.9891711,0.76968676,0.9994185,0.9969897,0.999866,0.9924959,0.9849274,0.98518616,0.9969126,0.9998827,0.99941385,0.9527942,0.9999535,0.99883276,0.99947256,0.99371004,0.6809449,0.99517965,0.9924374,0.98646784,0.9918121,0.98557997,0.9915707
C:\Users\leejy\Desktop\test_experiment\dataset\test\case4_mixed\fake\runway\kakao_high\fake_runway_009.mp4,case4_mixed,kakao_high,runway,1,0.422594,0.5998661,0.43850717,0.5237172,0.44849423,0.81375694,0.8993426,0.9933201,0.85158294,0.9999459,0.9930895,0.99997246,0.997285,0.9913139,0.9989225,0.9970247,0.9998876,0.99928063,0.97046465,0.99998224,0.99837387,0.99989486,0.9977083,0.690334,0.99909246,0.9791955,0.9783433,0.9820999,0.97769254,0.9863631
C:\Users\leejy\Desktop\test_experiment\dataset\test\case4_mixed\fake\runway\kakao_high\fake_runway_010.mp4,case4_mixed,kakao_high,runway,1,0.6126573,0.72564864,0.58674484,0.47551396,0.53148293,0.7686898,0.8348786,0.97316426,0.8270613,0.9996886,0.9535137,0.9992206,0.9790558,0.993807,0.9900058,0.99629277,0.9997503,0.9982658,0.98303634,0.9999485,0.9926399,0.99849594,0.9951137,0.6781538,0.9971328,0.99644804,0.998147,0.99611557,0.996597,0.99477994
C:\Users\leejy\Desktop\test_experiment\dataset\test\case4_mixed\fake\runway\kakao_high\fake_runway_011.mp4,case4_mixed,kakao_high,runway,1,0.524486,0.58831275,0.53567535,0.46256408,0.5348555,0.86916035,0.867092,0.99749833,0.85198355,0.999824,0.98594993,0.99983203,0.9912209,0.9920312,0.9956262,0.9975751,0.9994374,0.9985191,0.97792566,0.9999448,0.99776995,0.99943525,0.9962346,0.6588018,0.9983354,0.9831176,0.98050606,0.98644173,0.9863631,0.9894499
C:\Users\leejy\Desktop\test_experiment\dataset\test\case4_mixed\fake\runway\kakao_high\fake_runway_012.mp4,case4_mixed,kakao_high,runway,1,0.468897,0.6426287,0.4875209,0.50721693,0.5014038,0.7136562,0.9240048,0.9827572,0.83635414,0.99601597,0.9775,0.9969187,0.99095356,0.9775858,0.97151,0.99936,0.9999263,0.99966264,0.9776285,0.99999785,0.9990415,0.99970055,0.9972584,0.67696035,0.9990434,0.9920312,0.9785493,0.9925538,0.99216896,0.9712929
C:\Users\leejy\Desktop\test_experiment\dataset\test\case4_mixed\fake\runway\kakao_high\fake_runway_013.mp4,case4_mixed,kakao_high,runway,1,0.50482166,0.5635431,0.57514066,0.5799655,0.56508124,0.77295935,0.8176473,0.98825616,0.8049239,0.99253935,0.6974029,0.9845457,0.9814534,0.7802023,0.94240075,0.9950177,0.9992161,0.99894744,0.9535353,0.99997306,0.996682,0.99954873,0.99638534,0.7053698,0.99805814,0.97767127,0.98237246,0.9811488,0.9849274,0.95159405
C:\Users\leejy\Desktop\test_experiment\dataset\test\case4_mixed\fake\runway\kakao_high\fake_runway_014.mp4,case4_mixed,kakao_high,runway,1,0.559117,0.65141034,0.5213493,0.42006424,0.39286083,0.81815636,0.7790278,0.95190793,0.8481565,0.994615,0.9462501,0.9956937,0.8868131,0.9656413,0.91034627,0.99637127,0.9994887,0.9979412,0.96203625,0.99992156,0.9937709,0.99921906,0.99390244,0.6724393,0.98707956,0.99279517,0.98157746,0.9952632,0.99304235,0.9912378
C:\Users\leejy\Desktop\test_experiment\dataset\test\case4_mixed\fake\runway\kakao_high\fake_runway_015.mp4,case4_mixed,kakao_high,runway,1,0.42523226,0.5869076,0.52580255,0.5370869,0.5779123,0.7665996,0.525795,0.988425,0.81722826,0.9981863,0.691289,0.98475236,0.9038261,0.81410825,0.43567643,0.9752254,0.9357587,0.97607225,0.7192358,0.99879104,0.9274948,0.96741027,0.88268095,0.55194354,0.93738294,0.9791158,0.9316493,0.9869795,0.98168314,0.97706646
C:\Users\leejy\Desktop\test_experiment\dataset\test\case4_mixed\fake\runway\kakao_high\fake_runway_016.mp4,case4_mixed,kakao_high,runway,1,0.51879,0.48021206,0.46349734,0.4666937,0.4746578,0.70981807,0.8505928,0.94583875,0.72389543,0.95699733,0.5520568,0.4515079,0.7139056,0.88478804,0.6430491,0.98178816,0.99657035,0.9805807,0.740456,0.99924755,0.8784186,0.9139073,0.8976953,0.56413597,0.8702668,0.9395816,0.8628725,0.96210754,0.9027811,0.9432431
C:\Users\leejy\Desktop\test_experiment\dataset\test\case4_mixed\fake\runway\kakao_high\fake_runway_017.mp4,case4_mixed,kakao_high,runway,1,0.54615575,0.56989753,0.48999158,0.41096312,0.5635506,0.82650185,0.94844174,0.9706322,0.8518296,0.99792516,0.9637117,0.9996705,0.9903757,0.9744834,0.98571813,0.8689937,0.9829547,0.9648717,0.71775436,0.9848547,0.7907728,0.8414352,0.88676405,0.5270926,0.86539483,0.86776584,0.6519645,0.9241418,0.872293,0.9466954
C:\Users\leejy\Desktop\test_experiment\dataset\test\case4_mixed\fake\runway\kakao_high\fake_runway_018.mp4,case4_mixed,kakao_high,runway,1,0.4876048,0.5741262,0.4500119,0.5175442,0.51647353,0.8183742,0.9345745,0.99182796,0.76242405,0.99929035,0.8454964,0.9953815,0.95606345,0.9534488,0.9396923,0.9421352,0.9836442,0.98623115,0.8248149,0.9964342,0.9827738,0.9923193,0.9531007,0.5616056,0.9662198,0.83642095,0.7326396,0.9400786,0.9507779,0.9418149
C:\Users\leejy\Desktop\test_experiment\dataset\test\case4_mixed\fake\runway\kakao_high\fake_runway_019.mp4,case4_mixed,kakao_high,runway,1,0.45504725,0.5660111,0.46607092,0.5567611,0.416322,0.8449284,0.8603105,0.9691495,0.9209675,0.99258983,0.32390785,0.90536416,0.8118625,0.9272645,0.4071566,0.90502894,0.9308365,0.9407897,0.6586234,0.9848547,0.9382939,0.9257015,0.892422,0.56820244,0.9571178,0.99329424,0.9948704,0.996557,0.9966036,0.971779
C:\Users\leejy\Desktop\test_experiment\dataset\test\case4_mixed\fake\runway\kakao_high\fake_runway_020.mp4,case4_mixed,kakao_high,runway,1,0.51110655,0.5643686,0.52652156,0.54822004,0.5047911,0.692408,0.7678639,0.81578344,0.45729578,0.63047165,0.7539482,0.7382447,0.84594244,0.9407897,0.65951484,0.9037624,0.95253,0.8459901,0.702938,0.9957104,0.88856554,0.8698805,0.85542893,0.57324547,0.8986776,0.9928231,0.989368,0.99822825,0.99448806,0.9832628
C:\Users\leejy\Desktop\test_experiment\dataset\test\case4_mixed\fake\runway\kakao_high\fake_runway_021.mp4,case4_mixed,kakao_high,runway,1,0.45535752,0.5055845,0.44660032,0.44880372,0.34259903,0.73380965,0.74322623,0.73243636,0.44953611,0.86877114,0.28671816,0.6174261,0.78041154,0.40966356,0.630685,0.86182916,0.9719925,0.9232124,0.61586785,0.9979532,0.8270613,0.76951355,0.6662525,0.49353063,0.5202526,0.97984195,0.9777564,0.99213856,0.9863631,0.98486924
C:\Users\leejy\Desktop\test_experiment\dataset\test\case4_mixed\fake\runway\kakao_high\fake_runway_022.mp4,case4_mixed,kakao_high,runway,1,0.4933323,0.48772675,0.46222842,0.50097656,0.3731617,0.6814089,0.74927074,0.8540954,0.42065907,0.68952775,0.30715016,0.72763693,0.84632385,0.38499883,0.55868816,0.7159704,0.825941,0.87883514,0.51555896,0.9566747,0.84123963,0.7203928,0.79370624,0.55998194,0.68510735,0.97334224,0.9791955,0.9845457,0.992725,0.9869669
C:\Users\leejy\Desktop\test_experiment\dataset\test\case4_mixed\fake\runway\kakao_high\fake_runway_023.mp4,case4_mixed,kakao_high,runway,1,0.44210202,0.62310636,0.48788688,0.52916646,0.44248593,0.72715276,0.81888163,0.9600627,0.7703298,0.98427594,0.28923365,0.7672542,0.7312505,0.87763417,0.76929694,0.9662198,0.989368,0.9885583,0.78332627,0.99344844,0.91181,0.8821743,0.9078855,0.5742456,0.86402386,0.9884919,0.9761973,0.99694854,0.9948803,0.98514324
C:\Users\leejy\Desktop\test_experiment\dataset\test\case4_mixed\fake\runway\kakao_high\fake_runway_024.mp4,case4_mixed,kakao_high,runway,1,0.5647887,0.5529622,0.56847566,0.5005951,0.49404934,0.8754147,0.9119669,0.9945095,0.90938526,0.9994568,0.9888204,0.99746394,0.9825743,0.97887486,0.9561864,0.99165195,0.9995435,0.99648935,0.972336,0.9994081,0.9891187,0.9960238,0.9789956,0.59478664,0.96697646,0.94544977,0.97863114,0.99341017,0.99476975,0.9561454
C:\Users\leejy\Desktop\test_experiment\dataset\test\case4_mixed\fake\runway\kakao_high\fake_runway_025.mp4,case4_mixed,kakao_high,runway,1,0.52672696,0.55957776,0.5082848,0.5561284,0.41057903,0.840521,0.9111402,0.9894805,0.79507196,0.98247355,0.6769403,0.43704247,0.86373675,0.913792,0.51043546,0.9625677,0.991891,0.98004353,0.8850863,0.99790895,0.9816304,0.9807288,0.9341553,0.6430746,0.9312127,0.971779,0.9692078,0.98638946,0.9891606,0.9753431
C:\Users\leejy\Desktop\test_experiment\dataset\test\case4_mixed\fake\runway\kakao_high\fake_runway_026.mp4,case4_mixed,kakao_high,runway,1,0.64119774,0.70161086,0.43353173,0.486606,0.47000676,0.8546422,0.8786791,0.996108,0.8702668,0.9982926,0.8484707,0.8299059,0.97664696,0.97796774,0.9441254,0.8198933,0.9254324,0.97180575,0.68236214,0.9892129,0.8330532,0.84032446,0.69061124,0.7162186,0.7471089,0.96131647,0.9574373,0.97769254,0.9859634,0.95430803
C:\Users\leejy\Desktop\test_experiment\dataset\test\case4_mixed\fake\runway\kakao_high\fake_runway_027.mp4,case4_mixed,kakao_high,runway,1,0.6124111,0.650606,0.5053518,0.5121131,0.42289186,0.7558173,0.9162971,0.99279517,0.8446654,0.9780517,0.72138757,0.9256007,0.967225,0.9862445,0.84260434,0.7326636,0.89629674,0.96391606,0.6549663,0.9870046,0.83508044,0.78208053,0.76712334,0.63004494,0.7718435,0.94980925,0.9003547,0.950411,0.9523531,0.9417078
C:\Users\leejy\Desktop\test_experiment\dataset\test\case4_mixed\fake\runway\kakao_high\fake_runway_028.mp4,case4_mixed,kakao_high,runway,1,0.59634495,0.64690644,0.53005403,0.49432397,0.5446803,0.7363532,0.68859935,0.9712657,0.86528105,0.93882877,0.9408984,0.9687381,0.9802997,0.97389406,0.78378165,0.8085968,0.89029425,0.8971108,0.6732588,0.94218844,0.876423,0.5832182,0.61177343,0.59910774,0.5834185,0.9944343,0.9825408,0.99631435,0.9953454,0.9927532
C:\Users\leejy\Desktop\test_experiment\dataset\test\case4_mixed\fake\runway\kakao_high\fake_runway_029.mp4,case4_mixed,kakao_high,runway,1,0.4769032,0.5575216,0.5460877,0.4960328,0.49614722,0.83508044,0.8073847,0.9284088,0.79016626,0.93880075,0.7661406,0.9674411,0.92290026,0.751967,0.8756275,0.8590145,0.8579467,0.9045873,0.54540676,0.9551521,0.95540243,0.86083776,0.80609053,0.5879875,0.7417676,0.9772191,0.8153795,0.99158704,0.97737074,0.94138527
C:\Users\leejy\Desktop\test_experiment\dataset\test\case4_mixed\fake\svd\kakao_high\fake_svd_002.mp4,case4_mixed,kakao_high,svd,1,0.5788053,0.5464205,0.49877742,0.4932484,0.51499486,0.7856788,0.8077262,0.99620515,0.9037836,0.9862179,0.9718859,0.992725,0.98337495,0.7221353,0.9694979,0.99803144,0.9998845,0.9983865,0.9308365,0.99996495,0.9989778,0.9998191,0.9964688,0.74820286,0.9990508,0.997851,0.9990996,0.99959475,0.998345,0.991891
C:\Users\leejy\Desktop\test_experiment\dataset\test\case4_mixed\fake\svd\kakao_high\fake_svd_007.mp4,case4_mixed,kakao_high,svd,1,0.5499277,0.5689698,0.46459788,0.5072512,0.48981616,0.6288064,0.61912596,0.15127839,0.5792219,0.046787526,0.84363765,0.9524858,0.6139746,0.7175565,0.21101007,0.0074317735,0.0026163394,0.011497046,0.17596246,0.0073173977,0.010976336,0.0050016725,0.032283258,0.344664,0.049267832,0.10248422,0.09073549,0.19019704,0.2016363,0.060557164
C:\Users\leejy\Desktop\test_experiment\dataset\test\case4_mixed\fake\svd\kakao_high\fake_svd_008.mp4,case4_mixed,kakao_high,svd,1,0.53347343,0.52711874,0.46251857,0.39902103,0.50643885,0.72632855,0.71023905,0.9842609,0.6768869,0.78224695,0.9700703,0.9999976,0.99009234,0.9514138,0.9076811,0.86293024,0.97161794,0.9620719,0.46459788,0.97684664,0.94728357,0.9524416,0.8636793,0.47195333,0.84840786,0.9114165,0.8911971,0.94694114,0.8523219,0.89991575
C:\Users\leejy\Desktop\test_experiment\dataset\test\case4_mixed\fake\svd\kakao_high\fake_svd_009.mp4,case4_mixed,kakao_high,svd,1,0.47234878,0.6451758,0.5240065,0.3969737,0.5825504,0.5532639,0.67143357,0.69160146,0.41798404,0.96347195,0.7079098,0.9953725,0.76916695,0.89533985,0.67109346,0.8868131,0.9883128,0.88263035,0.8609547,0.9942697,0.9430336,0.9583822,0.8947435,0.32694262,0.97334224,0.8594279,0.8342044,0.7272496,0.8442164,0.8916225
C:\Users\leejy\Desktop\test_experiment\dataset\test\case4_mixed\fake\svd\kakao_high\fake_svd_023.mp4,case4_mixed,kakao_high,svd,1,0.3913478,0.5011902,0.48649928,0.47047812,0.5560681,0.66137636,0.65167356,0.9928405,0.7740288,0.9998381,0.99908006,0.999997,0.99638534,0.9824568,0.9964342,0.9369228,0.8597227,0.83683807,0.5782547,0.99318933,0.96408546,0.98832405,0.9806919,0.40652326,0.90267396,0.8091252,0.45622808,0.86826926,0.9401336,0.81047887
C:\Users\leejy\Desktop\test_experiment\dataset\test\case4_mixed\fake\svd\kakao_high\fake_svd_024.mp4,case4_mixed,kakao_high,svd,1,0.49093726,0.50299066,0.46026045,0.5597113,0.42268333,0.77312,0.72010076,0.99486536,0.80656713,0.9998473,0.9993345,0.99998295,0.9943251,0.99457306,0.98571813,0.96242666,0.98638946,0.9250609,0.66463554,0.9951325,0.993255,0.99820733,0.9781772,0.61709446,0.9784877,0.92563426,0.80325097,0.9321451,0.9614253,0.7102768
C:\Users\leejy\Desktop\test_experiment\dataset\test\case4_mixed\fake\svd\kakao_high\fake_svd_027.mp4,case4_mixed,kakao_high,svd,1,0.5469726,0.6165896,0.48104623,0.47261503,0.48289776,0.7306864,0.88033485,0.9978884,0.85897017,0.99998844,0.9985221,0.9999149,0.9912209,0.96378,0.9925249,0.8528129,0.99101454,0.9475512,0.70441437,0.9959927,0.97562337,0.99682117,0.98955137,0.642152,0.97354424,0.64181536,0.51488817,0.46563047,0.58884484,0.4460347
C:\Users\leejy\Desktop\test_experiment\dataset\test\case4_mixed\fake\svd\kakao_high\fake_svd_029.mp4,case4_mixed,kakao_high,svd,1,0.4832064,0.56595105,0.45373076,0.44101086,0.45196518,0.70715195,0.9063635,0.9888958,0.70079243,0.99946636,0.95159405,0.9957437,0.8035595,0.89256257,0.8565725,0.7248703,0.8846884,0.5378911,0.6648124,0.8005361,0.6987921,0.6451199,0.70543,0.46967608,0.404728,0.4900831,0.43617168,0.1834473,0.5844194,0.5939479
C:\Users\leejy\Desktop\test_experiment\dataset\test\case4_mixed\fake\svd\kakao_high\fake_svd_036.mp4,case4_mixed,kakao_high,svd,1,0.5283205,0.5526076,0.48656788,0.492539,0.51034397,0.7255028,0.7795317,0.99712723,0.8215726,0.99638534,0.98367554,0.99988544,0.97891515,0.953188,0.9672869,0.09025324,0.07843036,0.2336845,0.41649997,0.5600722,0.23616374,0.046291906,0.20785715,0.50506574,0.22337706,0.30200496,0.1504028,0.46154004,0.36265877,0.17532617
C:\Users\leejy\Desktop\test_experiment\dataset\test\case4_mixed\fake\svd\kakao_high\fake_svd_041.mp4,case4_mixed,kakao_high,svd,1,0.5290733,0.48324832,0.41335875,0.4738284,0.4533375,0.75066704,0.8293538,0.99304914,0.79162985,0.9856215,0.9741658,0.99913234,0.8095396,0.8804891,0.88089955,0.7700327,0.95846003,0.88036066,0.40248019,0.97754294,0.8091252,0.9411694,0.8321002,0.44393188,0.75192153,0.9457512,0.8607792,0.99111825,0.9084556,0.9384633
C:\Users\leejy\Desktop\test_experiment\dataset\test\case4_mixed\fake\svd\kakao_high\fake_svd_051.mp4,case4_mixed,kakao_high,svd,1,0.45646277,0.51581806,0.52939266,0.5982829,0.41182032,0.73519033,0.8527823,0.996852,0.8281411,0.9997843,0.98873377,0.9997731,0.941493,0.9378969,0.96854526,0.996357,0.99704784,0.98383164,0.9080487,0.9992505,0.9974191,0.9986904,0.9948902,0.61914027,0.99457306,0.9890765,0.982971,0.992349,0.99173236,0.9861647
C:\Users\leejy\Desktop\test_experiment\dataset\test\case4_mixed\fake\svd\kakao_high\fake_svd_056.mp4,case4_mixed,kakao_high,svd,1,0.46583927,0.52272755,0.40531632,0.41255972,0.4927297,0.5711837,0.6550878,0.9678082,0.5165954,0.986904,0.9631959,0.99954,0.9439706,0.60045195,0.80247813,0.9228308,0.9979412,0.98741156,0.576691,0.9983354,0.9877823,0.99773055,0.9730877,0.53655577,0.97140163,0.7157718,0.6207366,0.75976056,0.8983214,0.75214916
C:\Users\leejy\Desktop\test_experiment\dataset\test\case4_mixed\fake\svd\kakao_high\fake_svd_057.mp4,case4_mixed,kakao_high,svd,1,0.5654337,0.549346,0.54099965,0.54877925,0.47635508,0.7181004,0.59668285,0.9874721,0.840259,0.9977437,0.9973218,0.9999503,0.9919925,0.9820483,0.9924959,0.98292196,0.9917163,0.96842605,0.90000373,0.9987281,0.9896718,0.98835784,0.9845457,0.6179162,0.9704367,0.9906781,0.94762397,0.98260766,0.9930962,0.99349916
C:\Users\leejy\Desktop\test_experiment\dataset\test\case4_mixed\fake\svd\kakao_high\fake_svd_058.mp4,case4_mixed,kakao_high,svd,1,0.45113003,0.5466947,0.48694143,0.5120216,0.4934086,0.8101036,0.71037096,0.99780446,0.88029635,0.9998141,0.9993845,0.9999815,0.9907678,0.9926967,0.99644804,0.93952614,0.9548163,0.9542227,0.8226882,0.98779404,0.9932681,0.9914225,0.9439706,0.57126594,0.93880075,0.92262185,0.9186264,0.8479048,0.92039704,0.90448195
C:\Users\leejy\Desktop\test_experiment\dataset\test\case4_mixed\fake\svd\kakao_high\fake_svd_060.mp4,case4_mixed,kakao_high,svd,1,0.56199616,0.57278246,0.48316064,0.552253,0.4104904,0.66350543,0.5325011,0.99521697,0.7516937,0.99901307,0.9835496,0.9961456,0.7874821,0.9167081,0.89393604,0.9293763,0.98442644,0.8700462,0.7985012,0.98544043,0.9561454,0.9639839,0.9430336,0.48855793,0.76082844,0.99010193,0.96609205,0.95331854,0.96408546,0.9614253
C:\Users\leejy\Desktop\test_experiment\dataset\test\case4_mixed\fake\svd\kakao_high\fake_svd_063.mp4,case4_mixed,kakao_high,svd,1,0.5011444,0.6063819,0.47778255,0.53449106,0.39457268,0.75519717,0.5349997,0.5980775,0.733905,0.3038351,0.9702681,0.5985029,0.7586196,0.80406,0.9144437,0.92290026,0.9612074,0.93686515,0.77696157,0.9899282,0.7987368,0.8449855,0.87218416,0.5197651,0.75087255,0.7516937,0.70869166,0.8821743,0.8818695,0.7246267
C:\Users\leejy\Desktop\test_experiment\dataset\test\case4_mixed\fake\svd\kakao_high\fake_svd_071.mp4,case4_mixed,kakao_high,svd,1,0.60296786,0.5209685,0.5794004,0.4185855,0.58871186,0.76690525,0.8203975,0.9952356,0.7489954,0.99968624,0.95257413,0.99978095,0.98571813,0.9859634,0.9974342,0.9090225,0.98629737,0.97856975,0.73120254,0.9908213,0.975249,0.9914556,0.9170801,0.6087976,0.9664738,0.9546474,0.8206851,0.6765664,0.79637164,0.9364014
C:\Users\leejy\Desktop\test_experiment\dataset\test\case4_mixed\fake\svd\kakao_high\fake_svd_072.mp4,case4_mixed,kakao_high,svd,1,0.4955083,0.56682795,0.4935764,0.47136775,0.5190147,0.6765664,0.7227227,0.9956346,0.6425446,0.98408604,0.9125142,0.99880517,0.949177,0.7767923,0.9407353,0.51581806,0.93581736,0.6561627,0.33358464,0.92879725,0.7973202,0.8482822,0.8100285,0.5317565,0.706063,0.85675234,0.8674293,0.94127744,0.9744834,0.5924898
C:\Users\leejy\Desktop\test_experiment\dataset\test\case4_mixed\fake\svd\kakao_high\fake_svd_088.mp4,case4_mixed,kakao_high,svd,1,0.4202854,0.5849085,0.4577578,0.47755417,0.56115466,0.722527,0.77848095,0.94417685,0.7976221,0.99529076,0.9845606,0.9987031,0.7945843,0.6979178,0.9468429,0.25874716,0.12310184,0.05009776,0.17234589,0.20561504,0.43128476,0.22051023,0.23183154,0.4275162,0.4296687,0.44688693,0.5750959,0.23988315,0.19061102,0.3845076
C:\Users\leejy\Desktop\test_experiment\dataset\test\case4_mixed\fake\svd\kakao_high\fake_svd_108.mp4,case4_mixed,kakao_high,svd,1,0.43621668,0.47310755,0.47401482,0.48069006,0.5295067,0.64713645,0.7957772,0.9943855,0.8013729,0.9997893,0.992062,0.99679,0.85512674,0.9634375,0.9937284,0.9092645,0.9651191,0.83284926,0.6083323,0.99624926,0.957794,0.9884139,0.982117,0.56037295,0.91022664,0.71721,0.23074639,0.19147882,0.6573872,0.6369178
C:\Users\leejy\Desktop\test_experiment\dataset\test\case4_mixed\fake\svd\kakao_high\fake_svd_109.mp4,case4_mixed,kakao_high,svd,1,0.52010596,0.5686853,0.4819567,0.4981003,0.53380376,0.69089806,0.80055314,0.9785493,0.86281466,0.99566,0.87689817,0.9995987,0.64521766,0.91274774,0.95036495,0.46155524,0.49546635,0.28806815,0.5119606,0.62993824,0.7595823,0.7109796,0.71997464,0.5910448,0.47743234,0.6582528,0.65808797,0.6174261,0.5695534,0.8694377
C:\Users\leejy\Desktop\test_experiment\dataset\test\case4_mixed\fake\svd\kakao_high\fake_svd_115.mp4,case4_mixed,kakao_high,svd,1,0.5541388,0.60051054,0.5101533,0.5621014,0.4795646,0.647018,0.7900447,0.9888204,0.75658244,0.9969187,0.9924521,0.9970708,0.99149686,0.8961605,0.59066117,0.9749169,0.99401975,0.97656894,0.7888273,0.9977569,0.995906,0.99248135,0.94886994,0.54567915,0.9495292,0.86036915,0.19667187,0.59123653,0.9097869,0.640411
C:\Users\leejy\Desktop\test_experiment\dataset\test\case4_mixed\fake\svd\kakao_high\fake_svd_130.mp4,case4_mixed,kakao_high,svd,1,0.5643986,0.5330785,0.48572165,0.47782826,0.46758628,0.5823723,0.6261527,0.99604684,0.6750152,0.99559206,0.9890554,0.99995685,0.8821743,0.9130583,0.9935243,0.97324073,0.9878762,0.9589818,0.85948694,0.99458355,0.9882222,0.96768624,0.9701552,0.59649193,0.9784259,0.991339,0.97520185,0.996357,0.9921233,0.9912039
C:\Users\leejy\Desktop\test_experiment\dataset\test\case4_mixed\fake\svd\kakao_high\fake_svd_140.mp4,case4_mixed,kakao_high,svd,1,0.5283433,0.5124791,0.49481985,0.4845325,0.5449074,0.7415804,0.9390248,0.9091839,0.91204524,0.9805248,0.99686414,0.99998033,0.9939261,0.99101454,0.9965771,0.991032,0.99724776,0.9896318,0.8202536,0.99960643,0.9922444,0.99746895,0.9794133,0.5607338,0.98772323,0.9725715,0.9389689,0.9766024,0.974701,0.9709919
C:\Users\leejy\Desktop\test_experiment\dataset\test\case4_mixed\fake\svd\kakao_high\fake_svd_144.mp4,case4_mixed,kakao_high,svd,1,0.46833467,0.6247229,0.4950563,0.55395776,0.49432397,0.80662423,0.67044646,0.986904,0.6373553,0.9987478,0.99757034,0.98164797,0.9650945,0.98531383,0.9531007,0.98586845,0.9931096,0.96497095,0.7242612,0.99876726,0.98486924,0.97737074,0.9749169,0.52561516,0.92348886,0.8533637,0.8583034,0.9073123,0.96309197,0.94240075
C:\Users\leejy\Desktop\test_experiment\dataset\test\case4_mixed\fake\svd\kakao_high\fake_svd_152.mp4,case4_mixed,kakao_high,svd,1,0.5009842,0.5672475,0.52545255,0.52868545,0.47320077,0.7127573,0.647241,0.99416876,0.80555576,0.99969995,0.9995408,0.99999774,0.99580115,0.99688244,0.9979493,0.76016134,0.31305215,0.71745753,0.5121436,0.7926248,0.7893555,0.30569732,0.5525473,0.48398378,0.465266,0.954393,0.9680808,0.9791357,0.9858004,0.9778412
C:\Users\leejy\Desktop\test_experiment\dataset\test\case4_mixed\fake\svd\kakao_high\fake_svd_154.mp4,case4_mixed,kakao_high,svd,1,0.454109,0.5593126,0.5092305,0.5369959,0.5045737,0.7472472,0.7389753,0.99455196,0.79157954,0.9998173,0.99852777,0.9997075,0.9759235,0.99085677,0.99671423,0.97803074,0.9961903,0.97840524,0.77210134,0.9970536,0.9822708,0.9944666,0.9741658,0.6289417,0.9670699,0.9621432,0.8853839,0.9595731,0.9666317,0.9265035
C:\Users\leejy\Desktop\test_experiment\dataset\test\case4_mixed\fake\svd\kakao_high\fake_svd_157.mp4,case4_mixed,kakao_high,svd,1,0.51227707,0.54935354,0.49171522,0.44144726,0.48252058,0.6387226,0.6611439,0.9498557,0.6854496,0.7946839,0.5387406,0.941493,0.8802834,0.78686863,0.9065083,0.9287327,0.94934165,0.91987675,0.84006226,0.9924521,0.88373864,0.7799929,0.86669767,0.6282649,0.8321685,0.87679267,0.83914167,0.93263763,0.9038049,0.85034436
C:\Users\leejy\Desktop\test_experiment\dataset\test\case4_mixed\fake\svd\kakao_high\fake_svd_163.mp4,case4_mixed,kakao_high,svd,1,0.4861333,0.6138299,0.52713776,0.55474186,0.57242405,0.65052277,0.9350803,0.74026823,0.47828513,0.9223426,0.9869795,0.998698,0.990329,0.8320321,0.98582757,0.57576686,0.9242787,0.7893961,0.287968,0.93874466,0.8397997,0.73545164,0.6728693,0.31158394,0.7382447,0.41226393,0.72238016,0.6735407,0.5371021,0.4178801
C:\Users\leejy\Desktop\test_experiment\dataset\test\case4_mixed\fake\svd\kakao_high\fake_svd_164.mp4,case4_mixed,kakao_high,svd,1,0.5427724,0.5618234,0.49375185,0.47158828,0.4216932,0.7698598,0.89358836,0.9939731,0.8013923,0.99983454,0.491639,0.99865675,0.4412516,0.9274291,0.6592064,0.9080487,0.90706563,0.9645392,0.72154707,0.992837,0.9546474,0.888372,0.9323302,0.57451415,0.7841951,0.93409514,0.79545957,0.7806625,0.85262895,0.86675406
